사고번호,사고일시,요일,시군구,사고내용,사망자수,중상자수,경상자수,부상신고자수,사고유형,법규위반,노면상태,기상상태,도로형태,가해운전자 차종,가해운전자 성별,가해운전자 연령,가해운전자 상해정도,피해운전자 차종,피해운전자 성별,피해운전자 연령,피해운전자 상해정도
2022021200100078,2022년 2월 12일 09시,토요일,울산광역시 중구 학성동,중상사고,0,1,0,0,차대사람 - 횡단중,보행자보호의무위반,건조,맑음,교차로 - 교차로횡단보도내,승용,여,62세,상해없음,보행자,남,70세,중상
2022021200100148,2022년 2월 12일 12시,토요일,울산광역시 남구 삼산동,경상사고,0,0,1,0,차대사람 - 보도통행중,안전운전불이행,건조,맑음,단일로 - 지하차도(도로)내,승합,남,58세,상해없음,보행자,여,35세,경상
2022021200100238,2022년 2월 12일 15시,토요일,울산광역시 남구 야음동,경상사고,0,0,5,0,차대차 - 측면충돌,안전운전불이행,건조,맑음,단일로 - 기타,승용,남,52세,상해없음,승용,남,41세,경상
2022021200100409,2022년 2월 12일 21시,토요일,울산광역시 북구 진장동,경상사고,0,0,1,0,차량단독 - 기타,안전운전불이행,건조,맑음,단일로 - 기타,승합,남,58세,상해없음,,,,
2022021300100007,2022년 2월 13일 00시,일요일,울산광역시 동구 방어동,경상사고,0,0,1,0,차대차 - 추돌,안전운전불이행,건조,맑음,교차로 - 교차로부근,화물,남,44세,상해없음,화물,남,46세,경상
2022021300100009,2022년 2월 13일 01시,일요일,울산광역시 남구 달동,경상사고,0,0,3,0,차대차 - 정면충돌,신호위반,건조,맑음,교차로 - 교차로안,승용,남,30세,상해없음,승용,남,40세,경상
2022021300100069,2022년 2월 13일 11시,일요일,울산광역시 남구 신정동,경상사고,0,0,1,0,차대사람 - 보도통행중,안전운전불이행,건조,맑음,단일로 - 기타,승용,남,48세,상해없음,보행자,여,30세,경상
2022021300100107,2022년 2월 13일 13시,일요일,울산광역시 울주군 범서읍,경상사고,0,0,1,2,차대차 - 측면충돌,안전운전불이행,건조,맑음,교차로 - 교차로안,승용,여,58세,경상,승용,남,25세,부상신고
2022021300100182,2022년 2월 13일 16시,일요일,울산광역시 중구 우정동,경상사고,0,0,1,0,차대차 - 측면충돌,신호위반,건조,맑음,교차로 - 교차로안,이륜,남,32세,상해없음,승용,남,62세,경상
2022021300100229,2022년 2월 13일 18시,일요일,울산광역시 중구 서동,중상사고,0,1,0,0,차대사람 - 기타,안전운전불이행,건조,맑음,교차로 - 교차로안,승용,남,69세,상해없음,보행자,여,63세,중상
2022021300100230,2022년 2월 13일 18시,일요일,울산광역시 남구 신정동,중상사고,0,1,0,0,차대사람 - 횡단중,보행자보호의무위반,건조,맑음,단일로 - 기타,이륜,남,54세,상해없음,보행자,남,62세,중상
2022021300100231,2022년 2월 13일 18시,일요일,울산광역시 울주군 온산읍,경상사고,0,0,1,0,차대차 - 측면충돌,안전운전불이행,건조,맑음,교차로 - 교차로안,이륜,남,46세,상해없음,이륜,남,26세,경상
2022021300100252,2022년 2월 13일 19시,일요일,울산광역시 남구 옥동,경상사고,0,0,3,0,차대차 - 추돌,안전운전불이행,젖음/습기,비,단일로 - 기타,승용,남,59세,상해없음,승용,여,56세,경상
2022021400100107,2022년 2월 14일 09시,월요일,울산광역시 남구 선암동,중상사고,0,1,0,0,차대차 - 정면충돌,안전운전불이행,건조,맑음,단일로 - 기타,승용,남,69세,상해없음,자전거,여,61세,중상
2022021400100170,2022년 2월 14일 11시,월요일,울산광역시 북구 매곡동,경상사고,0,0,1,0,차대차 - 추돌,안전운전불이행,건조,맑음,단일로 - 고가도로위,승용,여,42세,상해없음,승용,남,35세,경상
2022021400100203,2022년 2월 14일 12시,월요일,울산광역시 남구 신정동,중상사고,0,1,0,0,차대차 - 기타,안전거리미확보,건조,맑음,교차로 - 교차로부근,승용,남,36세,상해없음,승용,남,42세,상해없음
2022021400100228,2022년 2월 14일 13시,월요일,울산광역시 남구 달동,중상사고,0,1,1,0,차대차 - 기타,안전운전불이행,건조,맑음,단일로 - 기타,승용,여,42세,상해없음,승합,남,54세,상해없음
2022021400100292,2022년 2월 14일 15시,월요일,울산광역시 북구 호계동,경상사고,0,0,1,0,차대차 - 후진중충돌,안전운전불이행,건조,맑음,교차로 - 교차로부근,화물,남,63세,상해없음,승용,여,47세,경상
2022021400100353,2022년 2월 14일 17시,월요일,울산광역시 울주군 온양읍,중상사고,0,1,0,0,차대차 - 기타,안전운전불이행,건조,맑음,단일로 - 기타,승용,여,67세,상해없음,이륜,남,53세,중상
2022021400100425,2022년 2월 14일 19시,월요일,울산광역시 남구 신정동,중상사고,0,1,0,0,차대차 - 측면충돌,안전거리미확보,건조,맑음,단일로 - 기타,승용,남,69세,상해없음,이륜,남,47세,중상
2022021500100026,2022년 2월 15일 06시,화요일,울산광역시 북구 양정동,경상사고,0,0,2,0,차대차 - 측면충돌,직진우회전진행방해,건조,맑음,교차로 - 교차로안,승용,남,63세,상해없음,승용,남,44세,경상
2022021500100125,2022년 2월 15일 11시,화요일,울산광역시 북구 진장동,경상사고,0,0,1,0,차대차 - 측면충돌,불법유턴,건조,맑음,교차로 - 교차로횡단보도내,화물,남,45세,상해없음,화물,남,30세,경상
2022021500100299,2022년 2월 15일 17시,화요일,울산광역시 중구 학산동,부상신고사고,0,0,0,1,차대차 - 측면충돌,안전운전불이행,건조,맑음,단일로 - 기타,이륜,남,39세,부상신고,승용,남,42세,상해없음
2022021500100300,2022년 2월 15일 17시,화요일,울산광역시 동구 서부동,경상사고,0,0,2,0,차대차 - 기타,안전거리미확보,건조,맑음,단일로 - 기타,승합,남,70세,상해없음,승합,남,40세,상해없음
2022021500100301,2022년 2월 15일 17시,화요일,울산광역시 북구 염포동,중상사고,0,1,0,0,차대차 - 측면충돌,안전운전불이행,건조,맑음,단일로 - 기타,승용,여,53세,상해없음,자전거,남,65세,중상
2022021500100336,2022년 2월 15일 18시,화요일,울산광역시 울주군 온산읍,경상사고,0,0,1,0,차대차 - 측면충돌,안전운전불이행,건조,맑음,단일로 - 지하차도(도로)내,승용,남,56세,상해없음,이륜,남,27세,경상
2022021500100373,2022년 2월 15일 19시,화요일,울산광역시 남구 달동,경상사고,0,0,2,0,차대차 - 기타,안전운전불이행,건조,맑음,교차로 - 교차로안,승용,남,72세,상해없음,승용,여,33세,경상
2022021500100428,2022년 2월 15일 21시,화요일,울산광역시 남구 야음동,중상사고,0,1,0,0,차대사람 - 횡단중,안전운전불이행,건조,맑음,교차로 - 교차로안,화물,남,48세,상해없음,보행자,여,70세,중상
2022021500100429,2022년 2월 15일 21시,화요일,울산광역시 북구 중산동,경상사고,0,0,1,0,차대사람 - 기타,안전운전불이행,건조,맑음,기타 - 기타,승용,남,52세,상해없음,보행자,남,33세,경상
2022021600100031,2022년 2월 16일 06시,수요일,울산광역시 북구 양정동,경상사고,0,0,1,0,차대차 - 측면충돌,안전운전불이행,건조,맑음,교차로 - 교차로안,승용,남,33세,상해없음,자전거,남,25세,경상
2022021600100155,2022년 2월 16일 12시,수요일,울산광역시 북구 진장동,중상사고,0,1,0,0,차대차 - 기타,안전운전불이행,건조,맑음,교차로 - 교차로부근,승용,여,31세,상해없음,이륜,남,57세,중상
2022021600100340,2022년 2월 16일 18시,수요일,울산광역시 남구 야음동,중상사고,0,1,0,0,차대사람 - 횡단중,안전운전불이행,건조,맑음,교차로 - 교차로부근,승용,여,54세,상해없음,보행자,여,15세,중상
2022021600100341,2022년 2월 16일 18시,수요일,울산광역시 울주군 온산읍,경상사고,0,0,1,0,차대차 - 기타,안전운전불이행,건조,맑음,교차로 - 교차로안,화물,남,53세,상해없음,이륜,남,51세,경상
2022021600100375,2022년 2월 16일 19시,수요일,울산광역시 중구 우정동,경상사고,0,0,2,0,차대차 - 추돌,안전운전불이행,건조,맑음,단일로 - 기타,승용,남,65세,상해없음,승용,여,48세,경상
2022021700100091,2022년 2월 17일 09시,목요일,울산광역시 중구 다운동,경상사고,0,0,2,0,차대차 - 추돌,신호위반,건조,맑음,단일로 - 기타,화물,남,58세,경상,승용,여,34세,경상
2022021700100104,2022년 2월 17일 09시,목요일,울산광역시 남구 삼산동,경상사고,0,0,1,0,차대차 - 추돌,안전운전불이행,건조,맑음,교차로 - 교차로부근,승합,남,60세,상해없음,승용,여,47세,경상
2022021700100135,2022년 2월 17일 10시,목요일,울산광역시 동구 전하동,경상사고,0,0,2,0,차대차 - 추돌,안전운전불이행,건조,맑음,교차로 - 교차로부근,승용,남,75세,기타불명,승용,남,63세,경상
2022021700100193,2022년 2월 17일 12시,목요일,울산광역시 중구 남외동,경상사고,0,0,1,0,차대차 - 측면충돌,안전거리미확보,건조,맑음,단일로 - 기타,승용,여,50세,상해없음,승용,남,75세,경상
2022021700100298,2022년 2월 17일 16시,목요일,울산광역시 중구 학성동,경상사고,0,0,1,0,차대차 - 기타,안전거리미확보,건조,맑음,단일로 - 기타,화물,남,61세,상해없음,승합,남,47세,상해없음
2022021700100392,2022년 2월 17일 19시,목요일,울산광역시 남구 신정동,부상신고사고,0,0,0,1,차대차 - 측면충돌,안전운전불이행,건조,맑음,교차로 - 교차로안,승용,남,60세,상해없음,승용,여,27세,부상신고
2022021700100473,2022년 2월 17일 22시,목요일,울산광역시 남구 신정동,경상사고,0,0,1,0,차대차 - 측면충돌,안전운전불이행,건조,맑음,교차로 - 교차로안,승용,남,45세,상해없음,승합,남,42세,경상
2022021700100474,2022년 2월 17일 22시,목요일,울산광역시 북구 진장동,경상사고,0,0,1,0,차대차 - 추돌,안전운전불이행,건조,맑음,단일로 - 기타,승용,남,41세,상해없음,승용,남,40세,경상
2022021800100008,2022년 2월 18일 00시,금요일,울산광역시 울주군 서생면,경상사고,0,0,1,0,차량단독 - 공작물충돌,안전운전불이행,건조,맑음,단일로 - 기타,승용,여,41세,경상,,,,
2022021800100180,2022년 2월 18일 11시,금요일,울산광역시 중구 우정동,경상사고,0,0,1,0,차대차 - 측면충돌,교차로운행방법위반,건조,맑음,교차로 - 교차로안,이륜,남,85세,경상,승용,남,61세,상해없음
2022021800100233,2022년 2월 18일 13시,금요일,울산광역시 울주군 온양읍,경상사고,0,0,1,0,차대차 - 측면충돌,신호위반,건조,맑음,교차로 - 교차로안,승용,남,28세,상해없음,건설기계,남,48세,경상
2022021800100264,2022년 2월 18일 14시,금요일,울산광역시 북구 연암동,중상사고,0,1,0,0,차대차 - 측면충돌,안전거리미확보,건조,맑음,단일로 - 기타,이륜,남,55세,기타불명,승용,여,62세,중상
2022021800100354,2022년 2월 18일 17시,금요일,울산광역시 북구 상안동,경상사고,0,0,2,0,차대차 - 기타,안전운전불이행,건조,맑음,교차로 - 교차로안,특수,남,49세,상해없음,화물,남,18세,경상
2022021800100395,2022년 2월 18일 18시,금요일,울산광역시 울주군 언양읍,중상사고,0,1,0,0,차대차 - 측면충돌,안전운전불이행,건조,맑음,단일로 - 기타,승용,남,36세,상해없음,이륜,남,52세,중상
2022021800100511,2022년 2월 18일 22시,금요일,울산광역시 북구 명촌동,경상사고,0,0,3,0,차대차 - 추돌,안전운전불이행,건조,맑음,교차로 - 교차로안,승용,남,29세,경상,승용,남,36세,경상
2022021900100113,2022년 2월 19일 11시,토요일,울산광역시 북구 효문동,경상사고,0,0,2,0,차대차 - 측면충돌,직진우회전진행방해,건조,맑음,교차로 - 교차로안,화물,남,40세,경상,건설기계,남,53세,경상
2022021900100235,2022년 2월 19일 15시,토요일,울산광역시 북구 신명동,경상사고,0,0,1,0,차대차 - 측면충돌,중앙선침범,건조,맑음,교차로 - 교차로부근,승용,여,66세,상해없음,이륜,남,48세,경상
2022021900100384,2022년 2월 19일 20시,토요일,울산광역시 남구 달동,경상사고,0,0,1,0,차대차 - 추돌,안전운전불이행,건조,맑음,교차로 - 교차로부근,원동기,남,16세,상해없음,승용,남,60세,상해없음
2022021900100439,2022년 2월 19일 22시,토요일,울산광역시 울주군 온산읍,경상사고,0,0,1,0,차대차 - 추돌,안전운전불이행,건조,맑음,교차로 - 교차로부근,승용,남,53세,상해없음,승용,남,41세,경상
2022021900100440,2022년 2월 19일 22시,토요일,울산광역시 북구 송정동,경상사고,0,0,2,0,차대차 - 측면충돌,신호위반,건조,맑음,교차로 - 교차로안,승용,남,52세,상해없음,승용,남,28세,경상
2022021900100441,2022년 2월 19일 22시,토요일,울산광역시 북구 명촌동,경상사고,0,0,4,0,차대차 - 추돌,안전운전불이행,건조,맑음,단일로 - 교량,승용,남,32세,상해없음,승용,남,24세,경상
2022021900100442,2022년 2월 19일 22시,토요일,울산광역시 북구 호계동,중상사고,0,1,0,0,차대사람 - 차도통행중,안전운전불이행,건조,맑음,단일로 - 기타,승용,남,37세,상해없음,보행자,남,33세,중상
2022022000100010,2022년 2월 20일 00시,일요일,울산광역시 북구 화봉동,경상사고,0,0,2,0,차대차 - 측면충돌,안전운전불이행,건조,맑음,교차로 - 교차로안,이륜,남,16세,경상,승용,남,38세,상해없음
2022022000100022,2022년 2월 20일 01시,일요일,울산광역시 북구 호계동,경상사고,0,0,1,0,차대차 - 추돌,안전거리미확보,건조,맑음,단일로 - 기타,이륜,남,25세,경상,승용,남,38세,상해없음
2022022000100138,2022년 2월 20일 13시,일요일,울산광역시 북구 매곡동,경상사고,0,0,4,0,차대차 - 측면충돌,신호위반,건조,맑음,교차로 - 교차로안,승용,남,40세,상해없음,승용,여,61세,경상
2022022000100189,2022년 2월 20일 15시,일요일,울산광역시 울주군 범서읍,중상사고,0,1,0,0,차대차 - 측면충돌,안전운전불이행,건조,맑음,교차로 - 교차로부근,승용,여,71세,중상,승용,남,59세,기타불명
2022022000100283,2022년 2월 20일 19시,일요일,울산광역시 남구 삼산동,중상사고,0,1,0,0,차대차 - 측면충돌,신호위반,건조,맑음,교차로 - 교차로안,이륜,남,23세,상해없음,이륜,남,65세,중상
2022022000100344,2022년 2월 20일 22시,일요일,울산광역시 북구 신천동,중상사고,0,1,0,1,차대차 - 측면충돌,안전거리미확보,건조,맑음,교차로 - 교차로부근,승용,남,58세,부상신고,승용,남,65세,중상
2022022100100040,2022년 2월 21일 06시,월요일,울산광역시 북구 염포동,경상사고,0,0,1,0,차대차 - 추돌,안전거리미확보,건조,맑음,단일로 - 기타,이륜,남,43세,경상,승용,남,39세,상해없음
2022022100100059,2022년 2월 21일 07시,월요일,울산광역시 북구 명촌동,경상사고,0,0,1,0,차대차 - 추돌,안전운전불이행,건조,맑음,단일로 - 교량,특수,남,56세,상해없음,이륜,남,38세,경상
2022022100100114,2022년 2월 21일 09시,월요일,울산광역시 남구 삼산동,중상사고,0,1,0,0,차대사람 - 횡단중,안전운전불이행,건조,맑음,교차로 - 교차로횡단보도내,화물,남,41세,상해없음,보행자,여,67세,중상
2022022100100175,2022년 2월 21일 11시,월요일,울산광역시 남구 신정동,중상사고,0,1,2,0,차대차 - 추돌,안전운전불이행,건조,맑음,단일로 - 기타,승용,남,27세,상해없음,이륜,남,27세,중상
2022022100100207,2022년 2월 21일 12시,월요일,울산광역시 남구 무거동,경상사고,0,0,1,0,차대사람 - 기타,안전운전불이행,건조,맑음,단일로 - 기타,승용,남,47세,상해없음,보행자,남,48세,경상
2022022100100274,2022년 2월 21일 14시,월요일,울산광역시 남구 신정동,경상사고,0,0,1,0,차대차 - 추돌,안전거리미확보,건조,맑음,교차로 - 교차로안,승용,여,52세,상해없음,승용,여,31세,경상
2022022100100345,2022년 2월 21일 16시,월요일,울산광역시 동구 방어동,중상사고,0,1,2,0,차대차 - 측면충돌,신호위반,건조,맑음,교차로 - 교차로안,이륜,남,45세,중상,승용,남,38세,경상
2022022100100459,2022년 2월 21일 19시,월요일,울산광역시 울주군 청량읍,경상사고,0,0,3,0,차대차 - 추돌,안전운전불이행,건조,맑음,교차로 - 교차로부근,화물,남,58세,상해없음,승용,여,47세,경상
2022022100100480,2022년 2월 21일 20시,월요일,울산광역시 남구 신정동,경상사고,0,0,2,1,차대차 - 측면충돌,차로위반,건조,맑음,교차로 - 교차로안,승용,여,53세,부상신고,승용,남,25세,경상
2022022100100543,2022년 2월 21일 23시,월요일,울산광역시 남구 달동,부상신고사고,0,0,0,1,차대사람 - 차도통행중,안전운전불이행,건조,맑음,단일로 - 기타,승용,남,50세,상해없음,보행자,남,41세,부상신고
2022022200100101,2022년 2월 22일 09시,화요일,울산광역시 북구 중산동,경상사고,0,0,2,0,차대차 - 정면충돌,안전운전불이행,건조,맑음,교차로 - 교차로부근,승용,여,53세,상해없음,승용,남,63세,경상
2022022200100129,2022년 2월 22일 10시,화요일,울산광역시 남구 야음동,경상사고,0,0,1,0,차대차 - 정면충돌,안전운전불이행,건조,맑음,교차로 - 교차로안,승용,남,78세,상해없음,승용,남,53세,경상
2022022200100130,2022년 2월 22일 10시,화요일,울산광역시 북구 송정동,경상사고,0,0,1,0,차대차 - 측면충돌,안전거리미확보,건조,맑음,단일로 - 기타,화물,남,49세,상해없음,화물,여,54세,경상
2022022200100258,2022년 2월 22일 14시,화요일,울산광역시 남구 달동,경상사고,0,0,1,0,차대차 - 측면충돌,교차로운행방법위반,건조,맑음,교차로 - 교차로안,화물,남,60세,상해없음,이륜,남,28세,경상
2022022200100281,2022년 2월 22일 15시,화요일,울산광역시 울주군 서생면,부상신고사고,0,0,0,1,차대사람 - 차도통행중,안전운전불이행,건조,맑음,단일로 - 기타,기타불명,기타불명,미분류,기타불명,보행자,여,86세,부상신고
2022022200100306,2022년 2월 22일 16시,화요일,울산광역시 북구 연암동,경상사고,0,0,1,0,차대차 - 기타,교차로운행방법위반,건조,맑음,교차로 - 교차로부근,승용,남,70세,상해없음,화물,남,30세,경상
2022022200100380,2022년 2월 22일 18시,화요일,울산광역시 중구 다운동,중상사고,0,1,0,0,차대차 - 측면충돌,안전운전불이행,건조,맑음,교차로 - 교차로안,승용,남,58세,상해없음,이륜,남,29세,중상
2022022200100418,2022년 2월 22일 19시,화요일,울산광역시 북구 명촌동,경상사고,0,0,1,0,차대사람 - 횡단중,안전운전불이행,건조,맑음,단일로 - 기타,승용,남,53세,상해없음,보행자,남,56세,경상
2022022200100466,2022년 2월 22일 21시,화요일,울산광역시 중구 우정동,부상신고사고,0,0,0,1,차량단독 - 기타,안전운전불이행,건조,맑음,교차로 - 교차로안,승용,남,66세,상해없음,,,,
2022022300100003,2022년 2월 23일 00시,수요일,울산광역시 남구 여천동,경상사고,0,0,1,0,차대차 - 추돌,안전운전불이행,건조,맑음,교차로 - 교차로안,승용,남,30세,상해없음,승용,남,42세,경상
2022022300100061,2022년 2월 23일 08시,수요일,울산광역시 남구 야음동,중상사고,0,1,0,0,차대차 - 정면충돌,안전운전불이행,건조,맑음,교차로 - 교차로안,승용,남,42세,상해없음,이륜,남,51세,중상
2022022300100287,2022년 2월 23일 16시,수요일,울산광역시 중구 남외동,경상사고,0,0,1,0,차대차 - 측면충돌,안전운전불이행,건조,맑음,단일로 - 기타,승용,여,74세,상해없음,승용,남,50세,경상
2022022300100288,2022년 2월 23일 16시,수요일,울산광역시 남구 신정동,경상사고,0,0,1,0,차대사람 - 보도통행중,기타,건조,맑음,단일로 - 기타,자전거,남,26세,상해없음,보행자,여,68세,경상
2022022300100415,2022년 2월 23일 20시,수요일,울산광역시 중구 유곡동,경상사고,0,0,1,0,차대사람 - 횡단중,보행자보호의무위반,건조,맑음,단일로 - 기타,승용,여,48세,상해없음,보행자,남,33세,경상
2022022300100440,2022년 2월 23일 21시,수요일,울산광역시 중구 다운동,경상사고,0,0,3,0,차대차 - 추돌,안전운전불이행,건조,맑음,단일로 - 기타,승용,남,27세,상해없음,승용,남,48세,경상
2022022300100441,2022년 2월 23일 21시,수요일,울산광역시 북구 연암동,경상사고,0,0,1,0,차대차 - 측면충돌,교차로운행방법위반,건조,맑음,교차로 - 교차로안,승합,여,30세,경상,승용,남,24세,상해없음
2022022400100037,2022년 2월 24일 06시,목요일,울산광역시 중구 반구동,중상사고,0,1,0,0,차대차 - 측면충돌,신호위반,건조,맑음,교차로 - 교차로안,승용,여,27세,상해없음,이륜,남,41세,중상
2022022400100038,2022년 2월 24일 06시,목요일,울산광역시 남구 무거동,중상사고,0,1,0,0,차량단독 - 기타,안전운전불이행,건조,맑음,단일로 - 기타,승합,남,44세,상해없음,,,,
2022022400100102,2022년 2월 24일 09시,목요일,울산광역시 중구 다운동,중상사고,0,2,0,0,차대차 - 기타,기타,건조,맑음,단일로 - 터널,화물,남,55세,상해없음,화물,남,70세,중상
2022022400100170,2022년 2월 24일 11시,목요일,울산광역시 중구 남외동,경상사고,0,0,1,0,차대차 - 측면충돌,안전운전불이행,건조,맑음,교차로 - 교차로안,자전거,남,75세,경상,승용,남,60세,상해없음
2022022400100171,2022년 2월 24일 11시,목요일,울산광역시 동구 화정동,중상사고,0,1,0,0,차대사람 - 보도통행중,보행자보호의무위반,건조,맑음,교차로 - 교차로횡단보도내,승용,남,56세,상해없음,보행자,남,61세,중상
2022022400100207,2022년 2월 24일 12시,목요일,울산광역시 남구 무거동,경상사고,0,0,1,0,차대차 - 측면충돌,중앙선침범,건조,맑음,단일로 - 기타,승용,남,89세,상해없음,승합,남,51세,경상
2022022400100208,2022년 2월 24일 12시,목요일,울산광역시 북구 중산동,사망사고,1,0,4,0,차대차 - 추돌,안전운전불이행,건조,맑음,교차로 - 교차로부근,화물,남,42세,사망,화물,남,54세,경상
2022022400100226,2022년 2월 24일 13시,목요일,울산광역시 동구 전하동,경상사고,0,0,1,0,차대차 - 후진중충돌,불법유턴,건조,맑음,교차로 - 교차로부근,승용,남,55세,상해없음,이륜,남,42세,경상
2022022400100227,2022년 2월 24일 13시,목요일,울산광역시 북구 명촌동,경상사고,0,0,1,0,차대사람 - 횡단중,기타,건조,맑음,단일로 - 기타,승용,남,74세,상해없음,보행자,여,51세,경상
2022022400100263,2022년 2월 24일 14시,목요일,울산광역시 북구 호계동,중상사고,0,1,0,0,차대사람 - 횡단중,신호위반,건조,맑음,단일로 - 기타,이륜,남,17세,상해없음,보행자,여,69세,중상
2022022400100333,2022년 2월 24일 16시,목요일,울산광역시 남구 신정동,부상신고사고,0,0,0,1,차대차 - 측면충돌,차로위반,건조,맑음,교차로 - 교차로부근,승용,여,58세,상해없음,승합,남,52세,부상신고
2022022400100334,2022년 2월 24일 16시,목요일,울산광역시 울주군 청량읍,중상사고,0,2,0,0,차대차 - 추돌,안전거리미확보,건조,맑음,기타 - 기타,화물,남,58세,상해없음,승용,여,45세,중상
2022022400100335,2022년 2월 24일 16시,목요일,울산광역시 울주군 웅촌면,부상신고사고,0,0,0,1,차대차 - 측면충돌,안전운전불이행,건조,맑음,교차로 - 교차로안,승용,남,49세,상해없음,승용,여,22세,부상신고
2022022400100444,2022년 2월 24일 19시,목요일,울산광역시 중구 태화동,경상사고,0,0,1,0,차대차 - 기타,안전운전불이행,건조,맑음,단일로 - 교량,승용,남,24세,상해없음,승용,남,57세,경상
2022022400100496,2022년 2월 24일 21시,목요일,울산광역시 울주군 온양읍,경상사고,0,0,1,0,차대사람 - 횡단중,안전운전불이행,건조,맑음,단일로 - 기타,승용,남,36세,상해없음,보행자,여,33세,경상
2022022500100006,2022년 2월 25일 00시,금요일,울산광역시 중구 반구동,경상사고,0,0,2,0,차대차 - 기타,안전운전불이행,건조,맑음,단일로 - 기타,승용,남,26세,상해없음,승용,여,25세,경상
2022022500100158,2022년 2월 25일 10시,금요일,울산광역시 북구 연암동,경상사고,0,0,1,0,차대차 - 측면충돌,직진우회전진행방해,건조,맑음,교차로 - 교차로안,승용,여,63세,상해없음,승용,여,32세,경상
2022022500100237,2022년 2월 25일 12시,금요일,울산광역시 중구 약사동,경상사고,0,0,3,0,차대차 - 측면충돌,안전거리미확보,건조,맑음,단일로 - 기타,승용,여,35세,상해없음,승용,남,52세,경상
2022022500100294,2022년 2월 25일 14시,금요일,울산광역시 울주군 범서읍,경상사고,0,0,2,0,차대차 - 측면충돌,안전운전불이행,건조,맑음,단일로 - 기타,승용,여,64세,상해없음,승용,남,53세,경상
2022022500100443,2022년 2월 25일 18시,금요일,울산광역시 북구 중산동,경상사고,0,0,1,0,차대차 - 기타,차로위반,건조,맑음,단일로 - 기타,승용,남,36세,상해없음,승용,남,30세,경상
2022022500100566,2022년 2월 25일 22시,금요일,울산광역시 동구 화정동,경상사고,0,0,2,0,차대차 - 정면충돌,중앙선침범,건조,맑음,단일로 - 기타,승용,남,36세,상해없음,승용,남,40세,경상
2022022600100143,2022년 2월 26일 11시,토요일,울산광역시 북구 상안동,중상사고,0,1,1,0,차대차 - 측면충돌,신호위반,건조,맑음,교차로 - 교차로부근,이륜,남,23세,중상,승용,여,47세,경상
2022022600100176,2022년 2월 26일 12시,토요일,울산광역시 남구 여천동,중상사고,0,1,0,0,차대차 - 측면충돌,안전운전불이행,건조,맑음,교차로 - 교차로부근,특수,남,54세,상해없음,승용,남,31세,중상
2022022600100297,2022년 2월 26일 16시,토요일,울산광역시 동구 전하동,중상사고,0,1,0,0,차대사람 - 횡단중,보행자보호의무위반,건조,맑음,교차로 - 교차로횡단보도내,승합,여,52세,상해없음,보행자,여,58세,중상
2022022600100322,2022년 2월 26일 17시,토요일,울산광역시 남구 신정동,중상사고,0,1,1,0,차대차 - 정면충돌,기타,건조,맑음,교차로 - 교차로안,이륜,남,33세,경상,이륜,남,54세,중상
2022022600100365,2022년 2월 26일 18시,토요일,울산광역시 중구 성안동,경상사고,0,0,2,0,차대차 - 측면충돌,안전운전불이행,건조,맑음,교차로 - 교차로안,승용,남,63세,경상,이륜,남,21세,상해없음
2022022600100403,2022년 2월 26일 19시,토요일,울산광역시 남구 신정동,경상사고,0,0,1,0,차대차 - 추돌,안전거리미확보,건조,맑음,단일로 - 기타,승용,남,56세,상해없음,승용,남,41세,경상
2022022600100404,2022년 2월 26일 19시,토요일,울산광역시 동구 화정동,경상사고,0,0,1,0,차대차 - 기타,신호위반,건조,맑음,교차로 - 교차로안,승용,남,58세,상해없음,이륜,남,26세,경상
2022022700100032,2022년 2월 27일 07시,일요일,울산광역시 울주군 언양읍,경상사고,0,0,1,0,차대사람 - 차도통행중,안전운전불이행,건조,맑음,단일로 - 기타,승용,남,45세,상해없음,보행자,남,52세,경상
2022022700100040,2022년 2월 27일 08시,일요일,울산광역시 남구 신정동,경상사고,0,0,1,0,차대차 - 측면충돌,안전운전불이행,건조,맑음,교차로 - 교차로안,승용,남,58세,상해없음,승용,남,30세,경상
2022022700100052,2022년 2월 27일 09시,일요일,울산광역시 남구 야음동,경상사고,0,0,1,0,차대차 - 측면충돌,안전운전불이행,건조,맑음,교차로 - 교차로안,승용,남,67세,상해없음,이륜,남,27세,경상
2022022700100073,2022년 2월 27일 10시,일요일,울산광역시 중구 성남동,경상사고,0,0,1,0,차대차 - 기타,직진우회전진행방해,건조,맑음,교차로 - 교차로안,승용,남,53세,상해없음,자전거,남,71세,경상
2022022700100120,2022년 2월 27일 12시,일요일,울산광역시 중구 남외동,중상사고,0,1,0,0,차대사람 - 횡단중,신호위반,건조,맑음,교차로 - 교차로안,이륜,남,28세,상해없음,보행자,남,70세,중상
2022022700100219,2022년 2월 27일 15시,일요일,울산광역시 울주군 언양읍,경상사고,0,0,1,0,차대차 - 측면충돌,차로위반,건조,맑음,교차로 - 교차로부근,승용,남,69세,상해없음,화물,남,61세,상해없음
2022022700100229,2022년 2월 27일 16시,일요일,울산광역시 울주군 범서읍,경상사고,0,0,4,0,차대차 - 기타,안전거리미확보,건조,맑음,단일로 - 기타,승용,여,55세,상해없음,승용,남,41세,경상