사고번호,사고일시,요일,시군구,사고내용,사망자수,중상자수,경상자수,부상신고자수,사고유형,법규위반,노면상태,기상상태,도로형태,가해운전자 차종,가해운전자 성별,가해운전자 연령,가해운전자 상해정도,피해운전자 차종,피해운전자 성별,피해운전자 연령,피해운전자 상해정도
2022022700100283,2022년 2월 27일 18시,일요일,울산광역시 남구 신정동,중상사고,0,1,0,0,차대차 - 측면충돌,신호위반,건조,맑음,교차로 - 교차로안,이륜,남,19세,상해없음,승용,여,29세,중상
2022022700100284,2022년 2월 27일 18시,일요일,울산광역시 북구 천곡동,경상사고,0,0,1,0,차대사람 - 보도통행중,안전운전불이행,건조,맑음,단일로 - 기타,원동기,여,42세,상해없음,보행자,여,51세,경상
2022022700100312,2022년 2월 27일 19시,일요일,울산광역시 울주군 범서읍,경상사고,0,0,1,0,차대사람 - 보도통행중,안전운전불이행,건조,맑음,단일로 - 기타,승용,남,41세,상해없음,보행자,여,23세,경상
2022022800100014,2022년 2월 28일 04시,월요일,울산광역시 중구 우정동,경상사고,0,0,1,0,차대차 - 측면충돌,안전운전불이행,건조,맑음,교차로 - 교차로안,이륜,남,66세,경상,승용,남,37세,상해없음
2022022800100080,2022년 2월 28일 08시,월요일,울산광역시 중구 남외동,경상사고,0,0,2,0,차대차 - 측면충돌,안전운전불이행,건조,맑음,단일로 - 기타,승용,남,59세,상해없음,승용,여,38세,경상
2022022800100106,2022년 2월 28일 09시,월요일,울산광역시 울주군 범서읍,중상사고,0,1,3,0,차대차 - 추돌,안전운전불이행,건조,맑음,단일로 - 기타,승용,남,60세,경상,승용,남,41세,경상
2022022800100135,2022년 2월 28일 10시,월요일,울산광역시 중구 서동,경상사고,0,0,2,1,차대차 - 추돌,안전운전불이행,건조,맑음,단일로 - 기타,승용,여,51세,부상신고,승용,남,48세,경상
2022022800100201,2022년 2월 28일 12시,월요일,울산광역시 동구 동부동,경상사고,0,0,1,0,차대사람 - 횡단중,보행자보호의무위반,건조,맑음,교차로 - 교차로안,승용,남,76세,상해없음,보행자,남,64세,경상
2022022800100268,2022년 2월 28일 14시,월요일,울산광역시 중구 남외동,경상사고,0,0,1,0,차대차 - 추돌,안전운전불이행,건조,맑음,교차로 - 교차로부근,화물,남,59세,상해없음,승용,여,55세,경상
2022022800100308,2022년 2월 28일 15시,월요일,울산광역시 북구 화봉동,경상사고,0,0,1,0,차대차 - 측면충돌,안전운전불이행,건조,맑음,단일로 - 기타,승용,여,58세,상해없음,이륜,남,41세,경상
2022022800100339,2022년 2월 28일 16시,월요일,울산광역시 동구 화정동,경상사고,0,0,1,0,차대차 - 측면충돌,안전운전불이행,건조,맑음,단일로 - 기타,이륜,남,51세,상해없음,이륜,남,24세,경상
2022022800100377,2022년 2월 28일 17시,월요일,울산광역시 울주군 언양읍,경상사고,0,0,2,0,차대차 - 추돌,안전운전불이행,건조,맑음,교차로 - 교차로부근,승용,여,33세,상해없음,승용,여,52세,경상
2022022800100419,2022년 2월 28일 18시,월요일,울산광역시 남구 신정동,경상사고,0,0,1,0,차대차 - 추돌,안전운전불이행,건조,맑음,교차로 - 교차로부근,승용,남,61세,상해없음,승용,남,47세,경상
2022022800100420,2022년 2월 28일 18시,월요일,울산광역시 울주군 범서읍,경상사고,0,0,2,0,차대차 - 정면충돌,안전운전불이행,건조,맑음,단일로 - 기타,자전거,남,53세,경상,자전거,남,55세,경상
2022022800100421,2022년 2월 28일 18시,월요일,울산광역시 울주군 온산읍,경상사고,0,0,1,0,차대차 - 측면충돌,교차로운행방법위반,건조,맑음,교차로 - 교차로안,화물,남,50세,상해없음,승용,남,38세,경상
2022022800100486,2022년 2월 28일 20시,월요일,울산광역시 남구 야음동,중상사고,0,1,0,0,차대차 - 추돌,안전운전불이행,건조,맑음,교차로 - 교차로부근,승용,남,62세,상해없음,이륜,남,50세,중상
2022022800100487,2022년 2월 28일 20시,월요일,울산광역시 남구 옥동,경상사고,0,0,2,0,차대차 - 추돌,안전운전불이행,건조,맑음,교차로 - 교차로부근,승용,남,29세,상해없음,승용,여,50세,경상
2022030100100015,2022년 3월 1일 05시,화요일,울산광역시 울주군 언양읍,중상사고,0,2,2,0,차대차 - 측면충돌,차로위반,건조,맑음,단일로 - 기타,승용,남,64세,경상,승용,여,55세,경상
2022030100100060,2022년 3월 1일 09시,화요일,울산광역시 남구 삼산동,중상사고,0,1,0,0,차대차 - 측면충돌,안전운전불이행,건조,맑음,단일로 - 기타,이륜,남,42세,중상,승용,남,72세,상해없음
2022030100100061,2022년 3월 1일 09시,화요일,울산광역시 울주군 삼남읍,경상사고,0,0,2,0,차대차 - 정면충돌,안전운전불이행,건조,맑음,교차로 - 교차로안,승용,여,57세,상해없음,화물,남,46세,경상
2022030100100082,2022년 3월 1일 10시,화요일,울산광역시 중구 남외동,경상사고,0,0,1,0,차대차 - 측면충돌,신호위반,건조,맑음,교차로 - 교차로안,화물,남,56세,상해없음,승합,남,52세,경상
2022030100100254,2022년 3월 1일 17시,화요일,울산광역시 중구 성남동,경상사고,0,0,1,0,차대사람 - 기타,안전운전불이행,건조,맑음,단일로 - 기타,승용,남,29세,상해없음,보행자,남,56세,경상
2022030100100255,2022년 3월 1일 17시,화요일,울산광역시 남구 신정동,경상사고,0,0,2,0,차대차 - 정면충돌,교차로운행방법위반,건조,맑음,교차로 - 교차로안,승용,여,46세,상해없음,승용,여,49세,경상
2022030100100286,2022년 3월 1일 18시,화요일,울산광역시 중구 서동,중상사고,0,1,0,0,차대차 - 기타,신호위반,건조,맑음,단일로 - 기타,이륜,남,21세,상해없음,자전거,남,66세,중상
2022030200100086,2022년 3월 2일 08시,수요일,울산광역시 울주군 삼남읍,경상사고,0,0,2,0,차대차 - 정면충돌,중앙선침범,건조,맑음,단일로 - 지하차도(도로)내,승용,여,51세,상해없음,승용,여,39세,경상
2022030200100087,2022년 3월 2일 08시,수요일,울산광역시 북구 연암동,경상사고,0,0,2,0,차대차 - 측면충돌,안전운전불이행,건조,맑음,단일로 - 고가도로위,승용,여,27세,상해없음,승용,여,30세,경상
2022030200100245,2022년 3월 2일 13시,수요일,울산광역시 중구 성남동,중상사고,0,1,0,0,차대사람 - 차도통행중,안전운전불이행,건조,맑음,단일로 - 기타,승용,남,27세,상해없음,보행자,여,71세,중상
2022030200100274,2022년 3월 2일 14시,수요일,울산광역시 남구 선암동,경상사고,0,0,1,0,차대차 - 측면충돌,안전운전불이행,건조,맑음,교차로 - 교차로부근,승용,여,59세,상해없음,승용,여,65세,경상
2022030200100275,2022년 3월 2일 14시,수요일,울산광역시 북구 진장동,중상사고,0,1,0,0,차대차 - 정면충돌,안전운전불이행,건조,맑음,교차로 - 교차로부근,화물,남,51세,상해없음,이륜,여,63세,중상
2022030200100307,2022년 3월 2일 15시,수요일,울산광역시 중구 반구동,경상사고,0,0,1,0,차대사람 - 차도통행중,안전운전불이행,건조,맑음,단일로 - 기타,승용,여,62세,상해없음,보행자,남,66세,경상
2022030200100308,2022년 3월 2일 15시,수요일,울산광역시 남구 삼산동,경상사고,0,0,1,0,차대차 - 측면충돌,신호위반,건조,맑음,교차로 - 교차로부근,승용,남,67세,상해없음,이륜,남,27세,경상
2022030200100309,2022년 3월 2일 15시,수요일,울산광역시 북구 염포동,경상사고,0,0,1,0,차대사람 - 횡단중,보행자보호의무위반,건조,맑음,교차로 - 교차로안,승용,남,27세,상해없음,보행자,남,54세,경상
2022030200100348,2022년 3월 2일 16시,수요일,울산광역시 북구 화봉동,중상사고,0,1,0,0,차대차 - 추돌,안전운전불이행,건조,맑음,교차로 - 교차로부근,특수,남,29세,상해없음,승용,여,56세,중상
2022030200100389,2022년 3월 2일 17시,수요일,울산광역시 북구 신천동,경상사고,0,0,3,0,차대차 - 측면충돌,신호위반,건조,맑음,교차로 - 교차로안,이륜,남,17세,경상,이륜,남,34세,경상
2022030200100429,2022년 3월 2일 18시,수요일,울산광역시 남구 무거동,경상사고,0,0,2,0,차대차 - 추돌,안전운전불이행,건조,맑음,교차로 - 교차로안,승용,남,52세,상해없음,승합,남,39세,상해없음
2022030200100550,2022년 3월 2일 23시,수요일,울산광역시 남구 신정동,부상신고사고,0,0,0,3,차대차 - 측면충돌,교차로운행방법위반,건조,맑음,교차로 - 교차로안,승용,여,29세,부상신고,이륜,남,40세,부상신고
2022030300100110,2022년 3월 3일 08시,목요일,울산광역시 중구 서동,경상사고,0,0,2,0,차대차 - 측면충돌,안전운전불이행,건조,맑음,교차로 - 교차로안,승용,남,74세,상해없음,승용,여,58세,경상
2022030300100188,2022년 3월 3일 11시,목요일,울산광역시 남구 선암동,경상사고,0,0,1,0,차대차 - 측면충돌,신호위반,건조,맑음,교차로 - 교차로안,승용,여,43세,상해없음,승합,남,47세,경상
2022030300100271,2022년 3월 3일 14시,목요일,울산광역시 남구 삼산동,경상사고,0,0,2,0,차대차 - 측면충돌,교차로운행방법위반,건조,맑음,교차로 - 교차로안,이륜,남,29세,경상,승용,여,65세,경상
2022030300100272,2022년 3월 3일 14시,목요일,울산광역시 남구 신정동,경상사고,0,0,1,0,차대차 - 후진중충돌,안전운전불이행,건조,맑음,교차로 - 교차로부근,승용,남,44세,상해없음,승용,남,77세,경상
2022030300100338,2022년 3월 3일 16시,목요일,울산광역시 북구 신천동,경상사고,0,0,1,0,차대차 - 추돌,안전운전불이행,건조,맑음,교차로 - 교차로부근,승합,남,66세,상해없음,승용,남,48세,경상
2022030300100374,2022년 3월 3일 17시,목요일,울산광역시 남구 신정동,경상사고,0,0,1,0,차대차 - 측면충돌,안전거리미확보,건조,맑음,교차로 - 교차로안,승용,여,49세,상해없음,승용,남,51세,경상
2022030300100387,2022년 3월 3일 18시,목요일,울산광역시 울주군 범서읍,중상사고,0,1,0,0,차대차 - 측면충돌,차로위반,건조,맑음,단일로 - 기타,특수,남,60세,상해없음,승용,여,59세,중상
2022030300100501,2022년 3월 3일 22시,목요일,울산광역시 북구 신천동,중상사고,0,1,0,0,차대사람 - 길가장자리구역통행중,안전운전불이행,건조,맑음,단일로 - 기타,승용,여,71세,상해없음,보행자,남,56세,중상
2022030400100003,2022년 3월 4일 00시,금요일,울산광역시 중구 반구동,중상사고,0,1,0,0,차대차 - 측면충돌,안전운전불이행,건조,맑음,교차로 - 교차로안,이륜,남,16세,중상,화물,남,62세,상해없음
2022030400100027,2022년 3월 4일 06시,금요일,울산광역시 중구 반구동,경상사고,0,0,1,0,차대차 - 측면충돌,신호위반,건조,맑음,교차로 - 교차로안,승용,남,61세,상해없음,자전거,남,60세,경상
2022030400100035,2022년 3월 4일 07시,금요일,울산광역시 동구 전하동,경상사고,0,0,1,0,차대차 - 추돌,안전거리미확보,건조,맑음,교차로 - 교차로안,승용,남,39세,상해없음,이륜,남,57세,경상
2022030400100122,2022년 3월 4일 11시,금요일,울산광역시 북구 효문동,경상사고,0,0,1,0,차대차 - 정면충돌,안전운전불이행,건조,맑음,교차로 - 교차로안,승용,남,62세,기타불명,특수,남,50세,경상
2022030400100182,2022년 3월 4일 13시,금요일,울산광역시 남구 무거동,경상사고,0,0,2,0,차대차 - 추돌,안전운전불이행,건조,맑음,단일로 - 기타,승용,여,21세,기타불명,승용,남,51세,경상
2022030400100240,2022년 3월 4일 15시,금요일,울산광역시 남구 달동,중상사고,0,1,0,0,차대사람 - 길가장자리구역통행중,안전운전불이행,건조,맑음,단일로 - 기타,승용,남,35세,상해없음,보행자,여,74세,중상
2022030400100241,2022년 3월 4일 15시,금요일,울산광역시 북구 신천동,중상사고,0,1,0,0,차대사람 - 횡단중,보행자보호의무위반,건조,맑음,교차로 - 교차로횡단보도내,자전거,남,14세,상해없음,보행자,남,17세,중상
2022030400100306,2022년 3월 4일 17시,금요일,울산광역시 동구 방어동,경상사고,0,0,1,0,차대차 - 측면충돌,안전운전불이행,건조,맑음,교차로 - 교차로안,이륜,남,38세,경상,승용,남,51세,상해없음
2022030400100376,2022년 3월 4일 19시,금요일,울산광역시 중구 남외동,경상사고,0,0,1,0,차대차 - 추돌,안전운전불이행,건조,맑음,단일로 - 교량,화물,남,58세,상해없음,승용,남,54세,상해없음
2022030500100013,2022년 3월 5일 00시,토요일,울산광역시 북구 효문동,경상사고,0,0,1,0,차대차 - 측면충돌,신호위반,건조,맑음,교차로 - 교차로안,승용,여,59세,상해없음,이륜,남,59세,경상
2022030500100022,2022년 3월 5일 02시,토요일,울산광역시 북구 송정동,경상사고,0,0,2,0,차대차 - 측면충돌,신호위반,건조,맑음,교차로 - 교차로안,승용,여,23세,경상,승용,남,46세,경상
2022030500100079,2022년 3월 5일 09시,토요일,울산광역시 동구 동부동,중상사고,0,1,0,0,차대사람 - 횡단중,보행자보호의무위반,건조,맑음,교차로 - 교차로안,승용,남,58세,상해없음,보행자,남,65세,중상
2022030500100153,2022년 3월 5일 11시,토요일,울산광역시 남구 신정동,중상사고,0,1,0,0,차대사람 - 횡단중,신호위반,건조,맑음,교차로 - 교차로횡단보도내,승용,여,74세,상해없음,보행자,남,58세,중상
2022030500100222,2022년 3월 5일 13시,토요일,울산광역시 중구 약사동,경상사고,0,0,2,0,차대차 - 추돌,안전운전불이행,건조,맑음,교차로 - 교차로부근,승용,여,49세,상해없음,승용,여,51세,경상
2022030500100277,2022년 3월 5일 15시,토요일,울산광역시 중구 다운동,경상사고,0,0,1,0,차대차 - 측면충돌,직진우회전진행방해,건조,맑음,교차로 - 교차로안,승용,남,25세,상해없음,원동기,남,51세,경상
2022030500100336,2022년 3월 5일 17시,토요일,울산광역시 중구 학성동,경상사고,0,0,1,0,차대사람 - 횡단중,보행자보호의무위반,건조,맑음,단일로 - 기타,승용,남,42세,상해없음,보행자,남,31세,경상
2022030500100337,2022년 3월 5일 17시,토요일,울산광역시 남구 무거동,경상사고,0,0,1,0,차대차 - 측면충돌,안전운전불이행,건조,맑음,교차로 - 교차로안,승용,남,44세,상해없음,승용,남,28세,상해없음
2022030600100044,2022년 3월 6일 08시,일요일,울산광역시 중구 태화동,경상사고,0,0,1,0,차대차 - 측면충돌,안전운전불이행,건조,맑음,단일로 - 기타,승용,남,23세,상해없음,화물,남,57세,경상
2022030600100127,2022년 3월 6일 13시,일요일,울산광역시 남구 달동,중상사고,0,1,0,0,차대차 - 측면충돌,안전운전불이행,건조,맑음,교차로 - 교차로안,승용,여,47세,상해없음,이륜,남,47세,중상
2022030600100220,2022년 3월 6일 16시,일요일,울산광역시 북구 산하동,중상사고,0,1,0,0,차대차 - 측면충돌,차로위반,건조,맑음,교차로 - 교차로부근,승용,남,59세,상해없음,이륜,남,35세,중상
2022030600100244,2022년 3월 6일 17시,일요일,울산광역시 북구 명촌동,경상사고,0,0,11,0,차대차 - 추돌,안전운전불이행,건조,맑음,단일로 - 기타,승용,여,41세,상해없음,승용,여,46세,경상
2022030600100288,2022년 3월 6일 19시,일요일,울산광역시 남구 달동,경상사고,0,0,1,0,차대차 - 측면충돌,중앙선침범,건조,맑음,단일로 - 기타,이륜,남,48세,상해없음,이륜,남,31세,경상
2022030600100298,2022년 3월 6일 20시,일요일,울산광역시 남구 신정동,부상신고사고,0,0,0,1,차대사람 - 횡단중,안전운전불이행,건조,맑음,단일로 - 기타,이륜,남,44세,상해없음,보행자,남,48세,부상신고
2022030700100009,2022년 3월 7일 01시,월요일,울산광역시 남구 삼산동,중상사고,0,1,0,0,차대사람 - 횡단중,기타,건조,맑음,단일로 - 기타,승용,남,31세,상해없음,보행자,남,38세,중상
2022030700100021,2022년 3월 7일 05시,월요일,울산광역시 남구 신정동,경상사고,0,0,1,0,차대사람 - 횡단중,안전운전불이행,건조,맑음,단일로 - 지하차도(도로)내,승용,여,38세,상해없음,보행자,남,53세,경상
2022030700100022,2022년 3월 7일 05시,월요일,울산광역시 북구 연암동,경상사고,0,0,1,0,차대차 - 측면충돌,안전운전불이행,건조,맑음,단일로 - 기타,승용,남,68세,상해없음,이륜,남,60세,경상
2022030700100089,2022년 3월 7일 08시,월요일,울산광역시 남구 삼산동,중상사고,0,1,0,0,차대차 - 추돌,안전운전불이행,건조,맑음,단일로 - 교량,승용,남,52세,상해없음,이륜,남,73세,중상
2022030700100124,2022년 3월 7일 09시,월요일,울산광역시 북구 송정동,경상사고,0,0,1,0,차대차 - 측면충돌,안전거리미확보,건조,맑음,단일로 - 기타,화물,남,65세,상해없음,승용,여,57세,경상
2022030700100197,2022년 3월 7일 12시,월요일,울산광역시 남구 옥동,경상사고,0,0,1,0,차대차 - 측면충돌,안전운전불이행,건조,맑음,교차로 - 교차로부근,화물,남,73세,상해없음,승용,여,42세,경상
2022030700100363,2022년 3월 7일 19시,월요일,울산광역시 중구 태화동,경상사고,0,0,1,0,차대차 - 추돌,안전운전불이행,건조,맑음,단일로 - 기타,건설기계,남,60세,상해없음,승용,여,51세,경상
2022030700100364,2022년 3월 7일 19시,월요일,울산광역시 남구 삼산동,경상사고,0,0,1,0,차대차 - 측면충돌,안전운전불이행,건조,맑음,교차로 - 교차로안,승용,남,33세,상해없음,승합,남,52세,경상
2022030800100005,2022년 3월 8일 00시,화요일,울산광역시 남구 달동,중상사고,0,1,0,0,차대차 - 추돌,안전운전불이행,건조,맑음,교차로 - 교차로부근,승용,남,26세,상해없음,승용,남,46세,중상
2022030800100006,2022년 3월 8일 00시,화요일,울산광역시 북구 효문동,중상사고,0,1,1,0,차대차 - 추돌,안전운전불이행,건조,맑음,교차로 - 교차로부근,이륜,남,49세,중상,이륜,남,44세,경상
2022030800100075,2022년 3월 8일 08시,화요일,울산광역시 중구 우정동,경상사고,0,0,1,0,차량단독 - 공작물충돌,안전운전불이행,건조,맑음,단일로 - 지하차도(도로)내,화물,남,64세,기타불명,,,,
2022030800100098,2022년 3월 8일 09시,화요일,울산광역시 중구 옥교동,경상사고,0,0,2,0,차대차 - 측면충돌,안전운전불이행,건조,맑음,단일로 - 기타,승용,여,27세,경상,승용,여,34세,경상
2022030800100099,2022년 3월 8일 09시,화요일,울산광역시 남구 달동,중상사고,0,1,2,0,차대차 - 정면충돌,안전운전불이행,건조,맑음,단일로 - 기타,승용,여,31세,상해없음,화물,남,41세,경상
2022030800100233,2022년 3월 8일 14시,화요일,울산광역시 남구 신정동,중상사고,0,1,0,0,차대차 - 측면충돌,안전거리미확보,건조,맑음,단일로 - 지하차도(도로)내,승용,여,54세,상해없음,승용,남,40세,중상
2022030800100234,2022년 3월 8일 14시,화요일,울산광역시 울주군 삼남읍,경상사고,0,0,1,0,차대차 - 추돌,안전거리미확보,건조,맑음,단일로 - 기타,화물,남,44세,상해없음,화물,남,45세,경상
2022030800100332,2022년 3월 8일 17시,화요일,울산광역시 북구 호계동,중상사고,0,1,0,0,차대차 - 측면충돌,안전운전불이행,건조,맑음,교차로 - 교차로안,화물,남,64세,기타불명,승용,남,68세,중상
2022030800100367,2022년 3월 8일 18시,화요일,울산광역시 북구 효문동,경상사고,0,0,1,0,차대차 - 측면충돌,안전운전불이행,건조,맑음,교차로 - 교차로부근,승용,남,35세,상해없음,승용,여,24세,경상
2022030800100426,2022년 3월 8일 20시,화요일,울산광역시 울주군 온양읍,중상사고,0,1,0,0,차대사람 - 길가장자리구역통행중,안전운전불이행,건조,맑음,단일로 - 기타,승용,남,55세,상해없음,보행자,남,28세,중상
2022030800100497,2022년 3월 8일 23시,화요일,울산광역시 울주군 온양읍,경상사고,0,0,2,0,차대차 - 추돌,안전거리미확보,건조,맑음,단일로 - 기타,승용,남,20세,상해없음,승용,남,28세,경상
2022030900100159,2022년 3월 9일 12시,수요일,울산광역시 남구 신정동,경상사고,0,0,1,0,차대차 - 추돌,안전운전불이행,건조,맑음,단일로 - 지하차도(도로)내,원동기,남,23세,경상,승용,남,48세,상해없음
2022030900100246,2022년 3월 9일 15시,수요일,울산광역시 북구 호계동,중상사고,0,2,0,0,차대차 - 측면충돌,안전운전불이행,건조,맑음,단일로 - 기타,승용,남,45세,상해없음,이륜,남,19세,중상
2022030900100348,2022년 3월 9일 19시,수요일,울산광역시 남구 무거동,경상사고,0,0,1,0,차대사람 - 횡단중,안전운전불이행,젖음/습기,흐림,단일로 - 기타,이륜,남,24세,상해없음,보행자,여,14세,경상
2022030900100349,2022년 3월 9일 19시,수요일,울산광역시 북구 매곡동,경상사고,0,0,1,0,차대사람 - 횡단중,신호위반,건조,맑음,단일로 - 기타,이륜,남,48세,상해없음,보행자,여,15세,경상
2022030900100399,2022년 3월 9일 22시,수요일,울산광역시 남구 신정동,경상사고,0,0,1,0,차대차 - 측면충돌,안전운전불이행,건조,맑음,교차로 - 교차로안,승용,남,19세,상해없음,승용,남,33세,경상
2022031000100113,2022년 3월 10일 09시,목요일,울산광역시 남구 달동,경상사고,0,0,1,0,차대사람 - 차도통행중,안전운전불이행,건조,맑음,단일로 - 기타,승용,여,37세,상해없음,보행자,여,52세,경상
2022031000100266,2022년 3월 10일 15시,목요일,울산광역시 남구 무거동,경상사고,0,0,1,0,차대사람 - 보도통행중,기타,건조,맑음,단일로 - 기타,승용,남,34세,상해없음,보행자,여,18세,경상
2022031000100298,2022년 3월 10일 16시,목요일,울산광역시 남구 달동,경상사고,0,0,1,0,차대사람 - 차도통행중,안전운전불이행,건조,맑음,단일로 - 기타,승용,남,35세,상해없음,보행자,여,30세,경상
2022031000100350,2022년 3월 10일 18시,목요일,울산광역시 중구 유곡동,부상신고사고,0,0,0,1,차대차 - 후진중충돌,안전운전불이행,기타,맑음,교차로 - 교차로안,승용,여,47세,상해없음,승용,남,57세,부상신고
2022031000100370,2022년 3월 10일 19시,목요일,울산광역시 남구 여천동,중상사고,0,2,1,0,차대차 - 측면충돌,안전운전불이행,건조,맑음,교차로 - 교차로안,승용,여,61세,중상,화물,남,44세,경상
2022031000100425,2022년 3월 10일 22시,목요일,울산광역시 남구 달동,경상사고,0,0,1,0,차대차 - 기타,안전운전불이행,건조,맑음,교차로 - 교차로횡단보도내,이륜,남,44세,상해없음,자전거,남,35세,경상
2022031100100013,2022년 3월 11일 02시,금요일,울산광역시 북구 염포동,중상사고,0,1,0,0,차량단독 - 공작물충돌,안전운전불이행,건조,맑음,교차로 - 교차로안,이륜,남,34세,중상,,,,
2022031100100042,2022년 3월 11일 06시,금요일,울산광역시 북구 염포동,중상사고,0,1,0,0,차대차 - 정면충돌,신호위반,건조,맑음,교차로 - 교차로안,승용,남,64세,상해없음,이륜,남,27세,중상
2022031100100222,2022년 3월 11일 13시,금요일,울산광역시 동구 방어동,경상사고,0,0,1,0,차대차 - 추돌,안전운전불이행,건조,맑음,교차로 - 교차로안,승용,여,51세,상해없음,승용,남,26세,기타불명
2022031100100252,2022년 3월 11일 14시,금요일,울산광역시 남구 신정동,중상사고,0,1,0,0,차대사람 - 보도통행중,안전운전불이행,건조,맑음,단일로 - 기타,이륜,남,52세,상해없음,보행자,남,8세,중상
2022031100100280,2022년 3월 11일 15시,금요일,울산광역시 울주군 온산읍,경상사고,0,0,1,0,차대차 - 측면충돌,안전거리미확보,건조,맑음,단일로 - 기타,승용,남,31세,상해없음,승용,남,28세,경상
2022031100100281,2022년 3월 11일 15시,금요일,울산광역시 북구 진장동,부상신고사고,0,0,0,1,차대차 - 추돌,안전거리미확보,건조,맑음,교차로 - 교차로부근,승용,남,28세,부상신고,화물,남,50세,상해없음
2022031100100385,2022년 3월 11일 18시,금요일,울산광역시 남구 달동,경상사고,0,0,1,0,차대사람 - 길가장자리구역통행중,안전운전불이행,건조,맑음,단일로 - 기타,승용,남,42세,상해없음,보행자,남,50세,경상
2022031100100470,2022년 3월 11일 21시,금요일,울산광역시 남구 여천동,경상사고,0,0,2,0,차대차 - 측면충돌,신호위반,건조,맑음,교차로 - 교차로안,승용,남,55세,경상,승용,남,34세,경상
2022031100100471,2022년 3월 11일 21시,금요일,울산광역시 동구 방어동,중상사고,0,1,0,0,차대차 - 정면충돌,안전운전불이행,젖음/습기,맑음,교차로 - 교차로안,승용,남,40세,상해없음,이륜,남,40세,중상
2022031200100040,2022년 3월 12일 07시,토요일,울산광역시 남구 신정동,경상사고,0,0,3,0,차대차 - 측면충돌,안전거리미확보,건조,맑음,교차로 - 교차로안,승용,남,31세,상해없음,화물,남,27세,경상
2022031200100050,2022년 3월 12일 08시,토요일,울산광역시 중구 복산동,중상사고,0,1,0,0,차대사람 - 보도통행중,기타,건조,맑음,단일로 - 기타,승용,여,39세,상해없음,보행자,여,55세,중상
2022031200100183,2022년 3월 12일 13시,토요일,울산광역시 중구 약사동,경상사고,0,0,1,0,차대사람 - 보도통행중,기타,건조,맑음,기타 - 기타,화물,남,41세,상해없음,보행자,남,52세,경상
2022031200100334,2022년 3월 12일 18시,토요일,울산광역시 북구 연암동,경상사고,0,0,1,0,차대차 - 추돌,안전거리미확보,건조,맑음,교차로 - 교차로부근,이륜,남,39세,경상,승용,남,48세,상해없음
2022031200100405,2022년 3월 12일 20시,토요일,울산광역시 남구 야음동,경상사고,0,0,1,0,차대차 - 측면충돌,안전거리미확보,건조,맑음,교차로 - 교차로부근,승용,여,65세,상해없음,승용,여,49세,경상
2022031200100406,2022년 3월 12일 20시,토요일,울산광역시 북구 송정동,경상사고,0,0,1,0,차대사람 - 차도통행중,안전운전불이행,건조,맑음,단일로 - 기타,승용,남,26세,상해없음,보행자,남,23세,경상
2022031200100456,2022년 3월 12일 22시,토요일,울산광역시 중구 반구동,경상사고,0,0,1,0,차대차 - 기타,교차로운행방법위반,건조,맑음,교차로 - 교차로안,승용,남,61세,기타불명,이륜,남,17세,경상
2022031300100031,2022년 3월 13일 06시,일요일,울산광역시 울주군 온산읍,경상사고,0,0,1,0,차대차 - 측면충돌,기타,젖음/습기,비,단일로 - 기타,승용,남,31세,상해없음,이륜,남,34세,경상
2022031300100040,2022년 3월 13일 08시,일요일,울산광역시 동구 일산동,중상사고,0,1,0,0,차대차 - 기타,신호위반,젖음/습기,흐림,교차로 - 교차로안,화물,남,69세,상해없음,이륜,남,27세,중상
2022031300100120,2022년 3월 13일 13시,일요일,울산광역시 동구 방어동,경상사고,0,0,4,0,차대차 - 추돌,안전거리미확보,젖음/습기,비,단일로 - 터널,승용,남,73세,경상,승용,여,36세,경상
2022031300100121,2022년 3월 13일 13시,일요일,울산광역시 울주군 범서읍,중상사고,0,1,0,0,차대사람 - 기타,안전운전불이행,젖음/습기,흐림,기타 - 기타,승용,남,68세,상해없음,보행자,여,51세,중상
2022031300100194,2022년 3월 13일 16시,일요일,울산광역시 북구 신천동,경상사고,0,0,1,0,차대차 - 측면충돌,안전거리미확보,젖음/습기,흐림,단일로 - 기타,승용,남,62세,상해없음,이륜,남,26세,경상
2022031300100213,2022년 3월 13일 17시,일요일,울산광역시 울주군 온산읍,경상사고,0,0,1,0,차대차 - 기타,신호위반,젖음/습기,비,교차로 - 교차로안,승용,여,38세,상해없음,이륜,남,36세,경상
2022031300100306,2022년 3월 13일 21시,일요일,울산광역시 북구 송정동,경상사고,0,0,1,0,차대사람 - 횡단중,보행자보호의무위반,젖음/습기,맑음,단일로 - 기타,이륜,남,31세,상해없음,보행자,남,31세,경상
2022031400100014,2022년 3월 14일 05시,월요일,울산광역시 남구 야음동,중상사고,0,1,0,0,차대사람 - 횡단중,기타,건조,맑음,교차로 - 교차로안,승용,남,43세,상해없음,보행자,여,63세,중상
2022031400100040,2022년 3월 14일 07시,월요일,울산광역시 동구 미포동,경상사고,0,0,1,0,차대차 - 기타,교차로운행방법위반,젖음/습기,비,교차로 - 교차로부근,이륜,남,35세,경상,승용,남,59세,상해없음