사고번호,사고일시,요일,시군구,사고내용,사망자수,중상자수,경상자수,부상신고자수,사고유형,법규위반,노면상태,기상상태,도로형태,가해운전자 차종,가해운전자 성별,가해운전자 연령,가해운전자 상해정도,피해운전자 차종,피해운전자 성별,피해운전자 연령,피해운전자 상해정도
2022050900100588,2022년 5월 9일 21시,월요일,울산광역시 중구 약사동,경상사고,0,0,1,0,차대차 - 측면충돌,신호위반,건조,맑음,교차로 - 교차로안,승용,남,55세,상해없음,승합,남,44세,경상
2022050900100589,2022년 5월 9일 21시,월요일,울산광역시 울주군 온산읍,중상사고,0,1,0,0,차대사람 - 차도통행중,안전운전불이행,건조,맑음,교차로 - 교차로안,승용,여,52세,상해없음,보행자,남,40세,중상
2022050900100590,2022년 5월 9일 21시,월요일,울산광역시 북구 신현동,경상사고,0,0,2,0,차대차 - 측면충돌,안전운전불이행,건조,맑음,단일로 - 기타,승용,남,61세,상해없음,승용,여,54세,경상
2022050900100602,2022년 5월 9일 22시,월요일,울산광역시 남구 무거동,경상사고,0,0,1,0,차대차 - 추돌,안전운전불이행,건조,맑음,교차로 - 교차로안,승용,여,50세,상해없음,원동기,남,28세,경상
2022051000100073,2022년 5월 10일 07시,화요일,울산광역시 북구 양정동,중상사고,0,1,0,0,차대차 - 측면충돌,안전운전불이행,건조,맑음,교차로 - 교차로안,승용,남,59세,상해없음,자전거,여,62세,중상
2022051000100125,2022년 5월 10일 08시,화요일,울산광역시 남구 야음동,중상사고,0,1,0,0,차대사람 - 횡단중,안전운전불이행,건조,맑음,교차로 - 교차로부근,승용,여,44세,상해없음,보행자,남,10세,중상
2022051000100237,2022년 5월 10일 11시,화요일,울산광역시 남구 무거동,중상사고,0,1,0,0,차대차 - 측면충돌,신호위반,건조,맑음,단일로 - 기타,승용,여,71세,상해없음,자전거,남,29세,중상
2022051000100238,2022년 5월 10일 11시,화요일,울산광역시 동구 화정동,경상사고,0,0,1,0,차대차 - 측면충돌,안전거리미확보,건조,맑음,단일로 - 기타,승용,여,34세,상해없음,승용,남,66세,경상
2022051000100313,2022년 5월 10일 13시,화요일,울산광역시 남구 신정동,중상사고,0,1,0,0,차대차 - 추돌,안전운전불이행,건조,맑음,교차로 - 교차로부근,건설기계,남,44세,상해없음,승용,여,60세,중상
2022051000100314,2022년 5월 10일 13시,화요일,울산광역시 울주군 삼남읍,중상사고,0,4,1,0,차대차 - 측면충돌,교차로운행방법위반,건조,맑음,교차로 - 교차로안,승용,여,65세,경상,승용,여,64세,중상
2022051000100324,2022년 5월 10일 14시,화요일,울산광역시 울주군 삼남읍,경상사고,0,0,1,0,차대차 - 측면충돌,안전거리미확보,건조,맑음,단일로 - 기타,화물,남,23세,상해없음,화물,남,74세,상해없음
2022051000100379,2022년 5월 10일 15시,화요일,울산광역시 북구 효문동,중상사고,0,2,0,1,차대차 - 측면충돌,직진우회전진행방해,건조,맑음,교차로 - 교차로안,승용,남,26세,부상신고,승용,남,37세,중상
2022051000100469,2022년 5월 10일 17시,화요일,울산광역시 울주군 온산읍,중상사고,0,1,0,0,차대사람 - 횡단중,중앙선침범,건조,맑음,단일로 - 기타,화물,남,38세,상해없음,보행자,여,84세,중상
2022051000100508,2022년 5월 10일 18시,화요일,울산광역시 북구 연암동,경상사고,0,0,2,0,차대차 - 기타,안전운전불이행,건조,맑음,교차로 - 교차로부근,승용,여,60세,상해없음,승용,여,33세,경상
2022051000100568,2022년 5월 10일 20시,화요일,울산광역시 중구 성안동,중상사고,0,1,0,0,차대사람 - 횡단중,안전운전불이행,건조,맑음,단일로 - 기타,승용,남,67세,상해없음,보행자,여,72세,중상
2022051100100111,2022년 5월 11일 08시,수요일,울산광역시 남구 달동,경상사고,0,0,1,0,차대차 - 기타,교차로운행방법위반,건조,맑음,교차로 - 교차로안,승용,여,46세,기타불명,승용,남,63세,경상
2022051100100112,2022년 5월 11일 08시,수요일,울산광역시 동구 서부동,경상사고,0,0,1,0,차대차 - 추돌,안전운전불이행,건조,맑음,단일로 - 기타,이륜,남,50세,경상,승용,여,47세,상해없음
2022051100100144,2022년 5월 11일 09시,수요일,울산광역시 동구 동부동,경상사고,0,0,1,0,차대차 - 기타,안전거리미확보,건조,맑음,교차로 - 교차로부근,자전거,남,75세,경상,승용,여,64세,상해없음
2022051100100172,2022년 5월 11일 10시,수요일,울산광역시 울주군 언양읍,중상사고,0,1,0,0,차대차 - 측면충돌,직진우회전진행방해,건조,맑음,교차로 - 교차로안,화물,남,64세,상해없음,이륜,남,32세,중상
2022051100100195,2022년 5월 11일 11시,수요일,울산광역시 북구 호계동,경상사고,0,0,4,0,차대차 - 측면충돌,교차로운행방법위반,건조,맑음,교차로 - 교차로안,승용,남,46세,상해없음,승용,남,51세,상해없음
2022051100100289,2022년 5월 11일 14시,수요일,울산광역시 남구 삼산동,경상사고,0,0,1,0,차대차 - 측면충돌,안전운전불이행,건조,맑음,단일로 - 기타,승용,남,47세,상해없음,자전거,여,57세,경상
2022051100100416,2022년 5월 11일 17시,수요일,울산광역시 남구 무거동,경상사고,0,0,2,0,차대차 - 측면충돌,안전운전불이행,건조,맑음,단일로 - 지하차도(도로)내,화물,남,60세,상해없음,승용,남,23세,경상
2022051100100417,2022년 5월 11일 17시,수요일,울산광역시 동구 전하동,경상사고,0,0,1,0,차대사람 - 차도통행중,안전운전불이행,건조,맑음,단일로 - 지하차도(도로)내,승용,남,45세,상해없음,보행자,여,53세,경상
2022051100100418,2022년 5월 11일 17시,수요일,울산광역시 울주군 삼남읍,경상사고,0,0,1,0,차대차 - 후진중충돌,안전운전불이행,건조,맑음,교차로 - 교차로안,화물,남,52세,상해없음,이륜,남,29세,경상
2022051100100523,2022년 5월 11일 20시,수요일,울산광역시 남구 무거동,경상사고,0,0,1,0,차대사람 - 횡단중,안전운전불이행,젖음/습기,비,단일로 - 기타,승용,남,41세,상해없음,보행자,여,17세,경상
2022051100100524,2022년 5월 11일 20시,수요일,울산광역시 동구 방어동,경상사고,0,0,1,0,차대사람 - 기타,안전운전불이행,젖음/습기,비,기타 - 기타,승용,남,62세,상해없음,보행자,남,56세,경상
2022051100100578,2022년 5월 11일 23시,수요일,울산광역시 중구 유곡동,경상사고,0,0,1,0,차대차 - 기타,안전운전불이행,건조,흐림,단일로 - 기타,승용,남,57세,상해없음,승용,여,29세,경상
2022051200100063,2022년 5월 12일 06시,목요일,울산광역시 북구 염포동,경상사고,0,0,1,0,차대차 - 기타,안전거리미확보,건조,맑음,단일로 - 기타,승용,남,65세,상해없음,승용,여,23세,상해없음
2022051200100086,2022년 5월 12일 07시,목요일,울산광역시 남구 신정동,중상사고,0,2,0,0,차대차 - 측면충돌,기타,건조,맑음,교차로 - 교차로안,이륜,남,28세,중상,승용,남,48세,중상
2022051200100087,2022년 5월 12일 07시,목요일,울산광역시 남구 삼산동,중상사고,0,1,0,0,차대차 - 추돌,안전운전불이행,건조,맑음,교차로 - 교차로부근,화물,남,49세,중상,화물,남,53세,상해없음
2022051200100156,2022년 5월 12일 09시,목요일,울산광역시 북구 양정동,경상사고,0,0,1,0,차대사람 - 기타,안전운전불이행,건조,맑음,단일로 - 기타,승용,남,63세,상해없음,보행자,여,48세,경상
2022051200100343,2022년 5월 12일 15시,목요일,울산광역시 중구 옥교동,중상사고,0,1,1,0,차대차 - 측면충돌,안전운전불이행,건조,맑음,단일로 - 기타,자전거,남,68세,경상,자전거,남,84세,중상
2022051200100345,2022년 5월 12일 15시,목요일,울산광역시 울주군 범서읍,사망사고,1,0,0,0,차량단독 - 도로외이탈 - 추락,안전운전불이행,건조,맑음,단일로 - 기타,자전거,남,85세,사망,,,,
2022051200100482,2022년 5월 12일 18시,목요일,울산광역시 동구 방어동,경상사고,0,0,1,0,차대차 - 측면충돌,안전거리미확보,건조,맑음,교차로 - 교차로부근,이륜,남,57세,상해없음,이륜,여,38세,경상
2022051200100521,2022년 5월 12일 19시,목요일,울산광역시 울주군 삼남읍,경상사고,0,0,2,0,차대차 - 추돌,안전운전불이행,건조,맑음,단일로 - 기타,승용,남,56세,상해없음,승용,남,43세,경상
2022051200100522,2022년 5월 12일 19시,목요일,울산광역시 북구 진장동,경상사고,0,0,1,0,차대차 - 측면충돌,안전운전불이행,건조,맑음,교차로 - 교차로부근,화물,남,63세,상해없음,승용,남,57세,경상
2022051200100549,2022년 5월 12일 20시,목요일,울산광역시 남구 달동,중상사고,0,1,0,0,차대차 - 측면충돌,직진우회전진행방해,건조,맑음,교차로 - 교차로안,승용,남,65세,상해없음,이륜,남,24세,중상
2022051300100011,2022년 5월 13일 00시,금요일,울산광역시 북구 명촌동,경상사고,0,0,2,0,차대차 - 측면충돌,교차로운행방법위반,건조,맑음,교차로 - 교차로안,이륜,남,16세,경상,승용,여,46세,경상
2022051300100124,2022년 5월 13일 08시,금요일,울산광역시 울주군 웅촌면,경상사고,0,0,1,0,차대차 - 측면충돌,신호위반,건조,맑음,교차로 - 교차로안,건설기계,남,65세,상해없음,승용,여,53세,경상
2022051300100190,2022년 5월 13일 10시,금요일,울산광역시 남구 달동,중상사고,0,1,0,0,차대차 - 측면충돌,안전운전불이행,건조,맑음,교차로 - 교차로부근,승용,여,64세,상해없음,이륜,남,37세,중상
2022051300100272,2022년 5월 13일 12시,금요일,울산광역시 남구 달동,경상사고,0,0,1,0,차대차 - 기타,안전운전불이행,건조,맑음,교차로 - 교차로부근,승합,여,49세,상해없음,승합,남,40세,상해없음
2022051300100300,2022년 5월 13일 13시,금요일,울산광역시 남구 옥동,경상사고,0,0,1,0,차대차 - 정면충돌,안전운전불이행,건조,맑음,교차로 - 교차로부근,승용,여,38세,상해없음,승용,남,37세,경상
2022051300100518,2022년 5월 13일 18시,금요일,울산광역시 남구 달동,경상사고,0,0,1,0,차대차 - 측면충돌,안전운전불이행,건조,맑음,단일로 - 기타,승용,남,24세,상해없음,개인형이동수단(PM),남,15세,경상
2022051300100519,2022년 5월 13일 18시,금요일,울산광역시 남구 신정동,경상사고,0,0,1,0,차대차 - 정면충돌,신호위반,건조,맑음,교차로 - 교차로안,승용,남,42세,상해없음,이륜,남,33세,경상
2022051300100520,2022년 5월 13일 18시,금요일,울산광역시 동구 전하동,부상신고사고,0,0,0,1,차대사람 - 횡단중,안전운전불이행,젖음/습기,비,교차로 - 교차로안,승용,여,50세,상해없음,보행자,여,10세,부상신고
2022051300100521,2022년 5월 13일 18시,금요일,울산광역시 울주군 상북면,부상신고사고,0,0,0,1,차대차 - 기타,안전운전불이행,건조,맑음,단일로 - 기타,기타불명,기타불명,미분류,기타불명,자전거,남,72세,부상신고
2022051300100522,2022년 5월 13일 18시,금요일,울산광역시 북구 염포동,중상사고,0,1,0,0,차대차 - 측면충돌,안전운전불이행,건조,맑음,단일로 - 기타,승용,남,61세,상해없음,이륜,남,41세,중상
2022051300100604,2022년 5월 13일 20시,금요일,울산광역시 남구 신정동,경상사고,0,0,2,0,차대차 - 측면충돌,안전거리미확보,건조,맑음,교차로 - 교차로안,승용,남,76세,상해없음,승용,여,57세,경상
2022051300100632,2022년 5월 13일 21시,금요일,울산광역시 남구 두왕동,중상사고,0,2,0,0,차대차 - 측면충돌,안전운전불이행,건조,맑음,교차로 - 교차로안,승용,여,33세,상해없음,승용,남,51세,중상
2022051300100633,2022년 5월 13일 21시,금요일,울산광역시 남구 신정동,경상사고,0,0,2,0,차대차 - 추돌,안전운전불이행,건조,맑음,단일로 - 기타,승용,여,22세,상해없음,승용,남,66세,경상
2022051300100658,2022년 5월 13일 22시,금요일,울산광역시 울주군 온양읍,중상사고,0,2,0,0,차대차 - 정면충돌,중앙선침범,젖음/습기,비,단일로 - 기타,승용,여,59세,상해없음,승용,남,56세,중상
2022051300100681,2022년 5월 13일 23시,금요일,울산광역시 남구 삼산동,경상사고,0,0,2,0,차대사람 - 횡단중,안전운전불이행,건조,맑음,교차로 - 교차로횡단보도내,승용,남,65세,상해없음,보행자,남,37세,경상
2022051300100682,2022년 5월 13일 23시,금요일,울산광역시 울주군 삼남읍,경상사고,0,0,1,0,차대차 - 기타,기타,젖음/습기,흐림,교차로 - 교차로부근,개인형이동수단(PM),여,27세,경상,기타불명,기타불명,미분류,기타불명
2022051400100014,2022년 5월 14일 00시,토요일,울산광역시 남구 삼산동,경상사고,0,0,1,0,차량단독 - 공작물충돌,안전운전불이행,건조,맑음,교차로 - 교차로부근,승용,남,59세,상해없음,,,,
2022051400100054,2022년 5월 14일 03시,토요일,울산광역시 남구 삼산동,경상사고,0,0,2,0,차대차 - 추돌,안전운전불이행,건조,맑음,교차로 - 교차로부근,승용,남,54세,상해없음,승용,남,56세,경상
2022051400100081,2022년 5월 14일 06시,토요일,울산광역시 북구 양정동,중상사고,0,1,0,0,차대사람 - 횡단중,안전운전불이행,건조,맑음,단일로 - 기타,이륜,남,39세,상해없음,보행자,남,60세,중상
2022051400100296,2022년 5월 14일 13시,토요일,울산광역시 북구 구유동,경상사고,0,0,2,0,차대차 - 측면충돌,안전운전불이행,건조,맑음,단일로 - 기타,승용,여,46세,상해없음,승용,여,53세,경상
2022051400100338,2022년 5월 14일 14시,토요일,울산광역시 남구 삼산동,경상사고,0,0,1,0,차대차 - 측면충돌,안전운전불이행,건조,맑음,단일로 - 기타,승용,여,63세,상해없음,승용,남,43세,경상
2022051400100430,2022년 5월 14일 16시,토요일,울산광역시 동구 일산동,중상사고,0,2,0,0,차대차 - 측면충돌,직진우회전진행방해,건조,맑음,교차로 - 교차로안,이륜,남,63세,중상,이륜,남,17세,중상
2022051400100477,2022년 5월 14일 17시,토요일,울산광역시 울주군 범서읍,중상사고,0,1,0,0,차대차 - 측면충돌,안전거리미확보,건조,맑음,단일로 - 기타,승용,남,53세,기타불명,승용,남,41세,중상
2022051400100549,2022년 5월 14일 19시,토요일,울산광역시 동구 일산동,경상사고,0,0,2,0,차대차 - 추돌,안전운전불이행,건조,맑음,교차로 - 교차로부근,승용,남,55세,상해없음,승용,남,30세,경상
2022051400100550,2022년 5월 14일 19시,토요일,울산광역시 울주군 삼남읍,경상사고,0,0,1,0,차대차 - 측면충돌,교차로운행방법위반,건조,맑음,교차로 - 교차로안,이륜,남,32세,경상,승용,여,53세,상해없음
2022051400100610,2022년 5월 14일 21시,토요일,울산광역시 남구 달동,경상사고,0,0,1,0,차대사람 - 차도통행중,안전운전불이행,건조,맑음,단일로 - 기타,승용,남,21세,상해없음,보행자,남,29세,경상
2022051400100632,2022년 5월 14일 22시,토요일,울산광역시 남구 삼산동,경상사고,0,0,1,0,차대사람 - 횡단중,보행자보호의무위반,건조,맑음,단일로 - 기타,승용,남,29세,상해없음,보행자,남,24세,경상
2022051500100022,2022년 5월 15일 00시,일요일,울산광역시 남구 삼산동,경상사고,0,0,3,0,차대차 - 측면충돌,안전운전불이행,건조,맑음,단일로 - 기타,승용,남,34세,상해없음,승용,남,47세,경상
2022051500100023,2022년 5월 15일 00시,일요일,울산광역시 북구 염포동,경상사고,0,0,2,0,차대차 - 측면충돌,신호위반,건조,맑음,교차로 - 교차로안,이륜,남,38세,경상,승용,남,34세,경상
2022051500100047,2022년 5월 15일 02시,일요일,울산광역시 남구 달동,경상사고,0,0,1,0,차대사람 - 횡단중,안전운전불이행,건조,맑음,단일로 - 기타,이륜,남,39세,상해없음,보행자,여,28세,경상
2022051500100061,2022년 5월 15일 03시,일요일,울산광역시 동구 방어동,경상사고,0,0,1,0,차대사람 - 기타,안전운전불이행,건조,맑음,단일로 - 지하차도(도로)내,승용,여,43세,상해없음,보행자,남,47세,경상
2022051500100095,2022년 5월 15일 07시,일요일,울산광역시 남구 무거동,경상사고,0,0,1,0,차대차 - 추돌,안전운전불이행,건조,맑음,교차로 - 교차로부근,승용,여,37세,상해없음,화물,남,62세,경상
2022051500100096,2022년 5월 15일 07시,일요일,울산광역시 북구 신천동,경상사고,0,0,1,0,차대차 - 측면충돌,안전운전불이행,건조,맑음,교차로 - 교차로부근,승용,남,63세,상해없음,승용,남,26세,경상
2022051500100151,2022년 5월 15일 10시,일요일,울산광역시 북구 연암동,경상사고,0,0,1,0,차대차 - 측면충돌,안전운전불이행,건조,맑음,단일로 - 기타,자전거,남,34세,경상,승용,남,63세,상해없음
2022051500100152,2022년 5월 15일 10시,일요일,울산광역시 북구 중산동,중상사고,0,1,0,0,차대차 - 측면충돌,안전운전불이행,건조,맑음,단일로 - 기타,자전거,남,48세,중상,승용,남,39세,상해없음
2022051500100213,2022년 5월 15일 12시,일요일,울산광역시 남구 무거동,중상사고,0,1,0,0,차대사람 - 횡단중,안전운전불이행,건조,맑음,교차로 - 교차로부근,승용,남,38세,상해없음,보행자,여,21세,중상
2022051500100271,2022년 5월 15일 14시,일요일,울산광역시 남구 신정동,부상신고사고,0,0,0,1,차대차 - 측면충돌,안전운전불이행,건조,맑음,단일로 - 기타,이륜,남,21세,상해없음,승용,여,32세,부상신고
2022051500100284,2022년 5월 15일 15시,일요일,울산광역시 울주군 삼남읍,경상사고,0,0,1,0,차대차 - 기타,안전거리미확보,건조,맑음,단일로 - 기타,승용,남,74세,상해없음,승용,남,41세,상해없음
2022051500100342,2022년 5월 15일 16시,일요일,울산광역시 울주군 삼남읍,경상사고,0,0,3,0,차대차 - 측면충돌,차로위반,건조,맑음,교차로 - 교차로부근,승용,남,64세,상해없음,승용,남,45세,경상
2022051500100343,2022년 5월 15일 16시,일요일,울산광역시 북구 연암동,경상사고,0,0,2,0,차대차 - 측면충돌,안전거리미확보,건조,맑음,교차로 - 교차로부근,승용,여,60세,상해없음,승용,남,55세,상해없음
2022051500100381,2022년 5월 15일 17시,일요일,울산광역시 중구 옥교동,경상사고,0,0,1,0,차대사람 - 기타,안전운전불이행,건조,맑음,교차로 - 교차로부근,승용,남,65세,상해없음,보행자,남,23세,경상
2022051500100382,2022년 5월 15일 17시,일요일,울산광역시 울주군 범서읍,경상사고,0,0,1,0,차대차 - 측면충돌,교차로운행방법위반,건조,맑음,교차로 - 교차로안,승용,남,60세,상해없음,승용,남,27세,경상
2022051500100476,2022년 5월 15일 21시,일요일,울산광역시 남구 두왕동,경상사고,0,0,4,0,차대차 - 추돌,안전운전불이행,건조,맑음,단일로 - 기타,승용,남,43세,상해없음,승용,남,46세,경상
2022051600100032,2022년 5월 16일 05시,월요일,울산광역시 울주군 청량읍,경상사고,0,0,1,0,차량단독 - 공작물충돌,안전운전불이행,건조,맑음,단일로 - 기타,화물,남,35세,경상,,,,
2022051600100050,2022년 5월 16일 06시,월요일,울산광역시 동구 동부동,경상사고,0,0,2,0,차대차 - 측면충돌,기타,건조,맑음,기타 - 기타,이륜,남,33세,경상,승용,남,44세,경상
2022051600100074,2022년 5월 16일 07시,월요일,울산광역시 동구 화정동,경상사고,0,0,1,0,차대차 - 측면충돌,안전운전불이행,건조,맑음,교차로 - 교차로부근,이륜,남,20세,상해없음,이륜,남,43세,경상
2022051600100261,2022년 5월 16일 12시,월요일,울산광역시 남구 신정동,경상사고,0,0,1,0,차대차 - 측면충돌,안전운전불이행,건조,맑음,교차로 - 교차로안,승용,여,58세,상해없음,승용,여,28세,경상
2022051600100383,2022년 5월 16일 16시,월요일,울산광역시 울주군 두서면,부상신고사고,0,0,0,1,차대차 - 기타,기타,건조,맑음,단일로 - 기타,화물,남,52세,상해없음,화물,남,27세,부상신고
2022051600100502,2022년 5월 16일 18시,월요일,울산광역시 남구 옥동,경상사고,0,0,1,0,차대사람 - 길가장자리구역통행중,안전운전불이행,건조,맑음,단일로 - 기타,승용,여,48세,상해없음,보행자,남,13세,경상
2022051600100503,2022년 5월 16일 18시,월요일,울산광역시 북구 염포동,경상사고,0,0,1,0,차대차 - 기타,신호위반,건조,맑음,교차로 - 교차로안,승용,남,23세,상해없음,이륜,남,38세,경상
2022051600100603,2022년 5월 16일 22시,월요일,울산광역시 북구 염포동,경상사고,0,0,2,1,차대차 - 측면충돌,신호위반,건조,맑음,교차로 - 교차로안,화물,남,70세,부상신고,승용,남,26세,경상
2022051700100046,2022년 5월 17일 06시,화요일,울산광역시 중구 태화동,경상사고,0,0,2,0,차대차 - 측면충돌,중앙선침범,건조,맑음,단일로 - 기타,승용,남,27세,경상,승용,여,28세,경상
2022051700100047,2022년 5월 17일 06시,화요일,울산광역시 북구 천곡동,경상사고,0,0,2,0,차대차 - 측면충돌,신호위반,건조,맑음,교차로 - 교차로안,승용,남,56세,상해없음,승용,남,34세,경상
2022051700100144,2022년 5월 17일 09시,화요일,울산광역시 남구 신정동,경상사고,0,0,1,0,차대차 - 추돌,안전운전불이행,건조,맑음,단일로 - 기타,승용,남,23세,상해없음,승용,남,43세,경상
2022051700100216,2022년 5월 17일 11시,화요일,울산광역시 북구 염포동,중상사고,0,1,0,0,차대차 - 측면충돌,안전운전불이행,건조,맑음,단일로 - 기타,승용,남,44세,상해없음,자전거,남,30세,중상
2022051700100352,2022년 5월 17일 15시,화요일,울산광역시 중구 태화동,경상사고,0,0,1,0,차대차 - 측면충돌,안전운전불이행,건조,맑음,교차로 - 교차로부근,승용,여,64세,상해없음,승용,여,65세,경상
2022051700100353,2022년 5월 17일 15시,화요일,울산광역시 울주군 범서읍,중상사고,0,1,0,0,차대차 - 추돌,안전거리미확보,건조,맑음,단일로 - 지하차도(도로)내,승용,남,25세,상해없음,승용,여,32세,중상
2022051700100354,2022년 5월 17일 15시,화요일,울산광역시 울주군 범서읍,경상사고,0,0,2,2,차대차 - 추돌,안전거리미확보,건조,맑음,단일로 - 기타,승용,여,54세,경상,승합,남,66세,상해없음
2022051700100388,2022년 5월 17일 16시,화요일,울산광역시 남구 신정동,부상신고사고,0,0,0,1,차대사람 - 횡단중,보행자보호의무위반,건조,흐림,단일로 - 기타,승용,남,45세,상해없음,보행자,여,13세,부상신고
2022051700100389,2022년 5월 17일 16시,화요일,울산광역시 북구 호계동,경상사고,0,0,2,0,차대차 - 측면충돌,안전운전불이행,건조,맑음,교차로 - 교차로부근,화물,남,52세,상해없음,승합,여,41세,상해없음
2022051700100449,2022년 5월 17일 17시,화요일,울산광역시 중구 유곡동,경상사고,0,0,3,0,차대사람 - 보도통행중,보행자보호의무위반,건조,맑음,단일로 - 기타,승용,여,32세,상해없음,보행자,남,12세,경상
2022051700100450,2022년 5월 17일 17시,화요일,울산광역시 중구 태화동,경상사고,0,0,2,0,차대차 - 후진중충돌,안전운전불이행,건조,맑음,단일로 - 기타,화물,남,61세,경상,승용,여,47세,경상
2022051700100551,2022년 5월 17일 20시,화요일,울산광역시 동구 일산동,부상신고사고,0,0,0,1,차량단독 - 전도전복 - 전도,안전운전불이행,건조,맑음,단일로 - 기타,이륜,남,28세,부상신고,,,,
2022051700100552,2022년 5월 17일 20시,화요일,울산광역시 북구 신천동,경상사고,0,0,1,0,차대사람 - 기타,안전운전불이행,건조,맑음,교차로 - 교차로부근,승용,남,47세,상해없음,보행자,여,9세,경상
2022051800100045,2022년 5월 18일 05시,수요일,울산광역시 남구 야음동,경상사고,0,0,3,0,차대차 - 측면충돌,중앙선침범,건조,맑음,교차로 - 교차로부근,승용,남,61세,상해없음,승용,여,31세,경상
2022051800100085,2022년 5월 18일 07시,수요일,울산광역시 중구 복산동,경상사고,0,0,1,0,차대사람 - 횡단중,기타,건조,맑음,교차로 - 교차로안,승용,여,20세,상해없음,보행자,남,47세,경상
2022051800100086,2022년 5월 18일 07시,수요일,울산광역시 남구 무거동,중상사고,0,1,0,0,차대차 - 측면충돌,안전운전불이행,건조,맑음,단일로 - 기타,승용,남,39세,상해없음,자전거,남,65세,중상
2022051800100087,2022년 5월 18일 07시,수요일,울산광역시 동구 전하동,경상사고,0,0,1,0,차대차 - 측면충돌,직진우회전진행방해,건조,맑음,교차로 - 교차로안,이륜,남,36세,경상,승용,남,44세,상해없음
2022051800100088,2022년 5월 18일 07시,수요일,울산광역시 북구 상안동,중상사고,0,2,0,0,차대차 - 측면충돌,중앙선침범,건조,맑음,교차로 - 교차로안,승용,여,38세,상해없음,승용,여,68세,중상
2022051800100128,2022년 5월 18일 08시,수요일,울산광역시 동구 서부동,경상사고,0,0,2,0,차대차 - 측면충돌,안전운전불이행,건조,맑음,교차로 - 교차로부근,화물,남,81세,상해없음,승용,여,41세,경상
2022051800100166,2022년 5월 18일 09시,수요일,울산광역시 울주군 범서읍,중상사고,0,1,0,0,차대사람 - 기타,신호위반,건조,맑음,교차로 - 교차로횡단보도내,화물,남,59세,상해없음,보행자,여,75세,중상
2022051800100167,2022년 5월 18일 09시,수요일,울산광역시 울주군 온양읍,경상사고,0,0,1,0,차대차 - 측면충돌,중앙선침범,건조,맑음,단일로 - 기타,승용,남,65세,상해없음,승용,남,39세,경상
2022051800100192,2022년 5월 18일 10시,수요일,울산광역시 남구 무거동,경상사고,0,0,1,0,차대차 - 측면충돌,신호위반,건조,맑음,교차로 - 교차로안,화물,남,78세,상해없음,승합,남,44세,경상
2022051800100235,2022년 5월 18일 12시,수요일,울산광역시 남구 삼산동,경상사고,0,0,1,0,차대차 - 측면충돌,신호위반,건조,맑음,교차로 - 교차로안,승용,여,42세,상해없음,이륜,남,30세,경상
2022051800100236,2022년 5월 18일 12시,수요일,울산광역시 남구 신정동,경상사고,0,0,1,0,차대차 - 측면충돌,안전거리미확보,건조,맑음,단일로 - 기타,승용,남,81세,상해없음,승용,여,44세,경상
2022051800100310,2022년 5월 18일 14시,수요일,울산광역시 울주군 언양읍,경상사고,0,0,2,0,차대차 - 측면충돌,차로위반,건조,맑음,단일로 - 기타,승용,남,77세,상해없음,승합,남,47세,경상
2022051800100311,2022년 5월 18일 14시,수요일,울산광역시 울주군 온산읍,중상사고,0,1,0,0,차대차 - 측면충돌,교차로운행방법위반,건조,맑음,교차로 - 교차로안,승용,여,42세,상해없음,이륜,남,71세,중상
2022051800100312,2022년 5월 18일 14시,수요일,울산광역시 북구 진장동,부상신고사고,0,0,0,1,차대차 - 기타,안전거리미확보,건조,맑음,단일로 - 기타,이륜,남,28세,부상신고,승용,남,29세,상해없음
2022051800100613,2022년 5월 18일 23시,수요일,울산광역시 중구 반구동,경상사고,0,0,3,1,차대차 - 측면충돌,안전운전불이행,건조,맑음,교차로 - 교차로부근,승용,여,29세,부상신고,승용,남,45세,경상
2022051900100042,2022년 5월 19일 05시,목요일,울산광역시 북구 상안동,중상사고,0,1,0,0,차량단독 - 전도전복 - 전도,안전운전불이행,건조,맑음,단일로 - 기타,이륜,남,26세,중상,,,,
2022051900100059,2022년 5월 19일 06시,목요일,울산광역시 남구 달동,중상사고,0,1,0,0,차대차 - 기타,신호위반,건조,맑음,교차로 - 교차로부근,승용,남,69세,상해없음,이륜,남,56세,중상
2022051900100091,2022년 5월 19일 07시,목요일,울산광역시 동구 일산동,경상사고,0,0,1,0,차대차 - 측면충돌,직진우회전진행방해,건조,맑음,교차로 - 교차로안,승용,남,65세,상해없음,이륜,남,57세,경상
2022051900100192,2022년 5월 19일 10시,목요일,울산광역시 남구 달동,경상사고,0,0,1,0,차대차 - 추돌,안전운전불이행,건조,맑음,교차로 - 교차로부근,승용,남,41세,상해없음,승용,남,67세,경상
2022051900100285,2022년 5월 19일 13시,목요일,울산광역시 울주군 청량읍,중상사고,0,1,3,0,차대차 - 측면충돌,신호위반,건조,맑음,교차로 - 교차로안,승용,여,73세,경상,승용,여,56세,중상
2022051900100298,2022년 5월 19일 14시,목요일,울산광역시 울주군 범서읍,중상사고,0,1,1,0,차대차 - 정면충돌,중앙선침범,건조,맑음,단일로 - 기타,승용,남,52세,중상,화물,남,57세,경상