사고번호,사고일시,요일,시군구,사고내용,사망자수,중상자수,경상자수,부상신고자수,사고유형,법규위반,노면상태,기상상태,도로형태,가해운전자 차종,가해운전자 성별,가해운전자 연령,가해운전자 상해정도,피해운전자 차종,피해운전자 성별,피해운전자 연령,피해운전자 상해정도
2022052800100581,2022년 5월 28일 21시,토요일,울산광역시 중구 성남동,중상사고,0,1,0,0,차대사람 - 기타,안전운전불이행,건조,맑음,기타 - 기타,자전거,남,49세,상해없음,보행자,남,56세,중상
2022052800100633,2022년 5월 28일 23시,토요일,울산광역시 남구 달동,중상사고,0,1,0,0,차대차 - 측면충돌,신호위반,건조,맑음,교차로 - 교차로안,이륜,남,24세,상해없음,자전거,남,67세,중상
2022052900100091,2022년 5월 29일 08시,일요일,울산광역시 동구 일산동,경상사고,0,0,2,0,차대차 - 측면충돌,신호위반,건조,맑음,교차로 - 교차로안,이륜,남,18세,상해없음,승용,남,36세,경상
2022052900100130,2022년 5월 29일 10시,일요일,울산광역시 동구 서부동,중상사고,0,1,0,0,차대사람 - 횡단중,신호위반,건조,맑음,교차로 - 교차로안,승용,남,55세,상해없음,보행자,남,61세,중상
2022052900100156,2022년 5월 29일 11시,일요일,울산광역시 동구 방어동,중상사고,0,1,0,0,차대차 - 추돌,교차로운행방법위반,건조,맑음,교차로 - 교차로안,승용,여,56세,상해없음,이륜,남,43세,중상
2022052900100186,2022년 5월 29일 12시,일요일,울산광역시 남구 신정동,경상사고,0,0,1,0,차대차 - 측면충돌,차로위반,건조,맑음,교차로 - 교차로안,승용,남,58세,상해없음,승용,여,70세,경상
2022052900100219,2022년 5월 29일 13시,일요일,울산광역시 중구 반구동,경상사고,0,0,4,0,차대차 - 측면충돌,안전운전불이행,건조,맑음,단일로 - 기타,승용,여,46세,상해없음,승용,남,37세,경상
2022052900100220,2022년 5월 29일 13시,일요일,울산광역시 울주군 언양읍,경상사고,0,0,1,0,차대차 - 측면충돌,기타,건조,맑음,교차로 - 교차로안,화물,남,35세,상해없음,승용,남,47세,경상
2022052900100278,2022년 5월 29일 15시,일요일,울산광역시 동구 화정동,경상사고,0,0,1,0,차대차 - 측면충돌,안전운전불이행,건조,맑음,교차로 - 교차로안,승용,남,43세,상해없음,승용,남,27세,경상
2022052900100279,2022년 5월 29일 15시,일요일,울산광역시 울주군 삼남읍,경상사고,0,0,1,0,차대차 - 측면충돌,교차로운행방법위반,건조,맑음,교차로 - 교차로안,승용,남,56세,상해없음,이륜,남,29세,경상
2022052900100316,2022년 5월 29일 16시,일요일,울산광역시 북구 신천동,경상사고,0,0,1,0,차대차 - 기타,신호위반,건조,맑음,교차로 - 교차로안,원동기,남,32세,경상,원동기,남,34세,상해없음
2022052900100350,2022년 5월 29일 17시,일요일,울산광역시 남구 신정동,중상사고,0,1,0,0,차대차 - 측면충돌,안전운전불이행,건조,맑음,교차로 - 교차로부근,자전거,남,21세,중상,승용,남,53세,상해없음
2022052900100384,2022년 5월 29일 18시,일요일,울산광역시 남구 삼산동,중상사고,0,1,0,0,차대차 - 정면충돌,신호위반,건조,맑음,교차로 - 교차로안,승용,남,49세,상해없음,이륜,남,34세,중상
2022052900100385,2022년 5월 29일 18시,일요일,울산광역시 북구 어물동,경상사고,0,0,4,0,차대차 - 측면충돌,중앙선침범,건조,맑음,단일로 - 고가도로위,승용,여,62세,상해없음,승용,남,21세,경상
2022053000100048,2022년 5월 30일 07시,월요일,울산광역시 울주군 청량읍,중상사고,0,1,0,0,차대차 - 추돌,신호위반,젖음/습기,비,교차로 - 교차로안,화물,남,54세,상해없음,승용,여,35세,중상
2022053000100148,2022년 5월 30일 10시,월요일,울산광역시 남구 상개동,경상사고,0,0,1,0,차대차 - 후진중충돌,안전운전불이행,건조,맑음,주차장 - 주차장,화물,남,61세,상해없음,화물,남,62세,경상
2022053000100178,2022년 5월 30일 11시,월요일,울산광역시 울주군 온양읍,경상사고,0,0,2,0,차대차 - 측면충돌,직진우회전진행방해,건조,맑음,교차로 - 교차로안,승용,남,49세,상해없음,승용,여,25세,경상
2022053000100282,2022년 5월 30일 14시,월요일,울산광역시 울주군 온양읍,중상사고,0,1,0,0,차대차 - 측면충돌,교차로운행방법위반,건조,맑음,교차로 - 교차로안,이륜,남,32세,중상,화물,남,46세,상해없음
2022053000100283,2022년 5월 30일 14시,월요일,울산광역시 북구 명촌동,중상사고,0,1,1,1,차대차 - 측면충돌,안전운전불이행,건조,맑음,단일로 - 기타,승용,남,65세,부상신고,특수,남,68세,상해없음
2022053000100284,2022년 5월 30일 14시,월요일,울산광역시 북구 양정동,경상사고,0,0,2,0,차대차 - 추돌,신호위반,건조,맑음,교차로 - 교차로부근,화물,남,49세,상해없음,승용,남,76세,경상
2022053000100315,2022년 5월 30일 15시,월요일,울산광역시 남구 무거동,경상사고,0,0,1,0,차대사람 - 보도통행중,기타,건조,맑음,단일로 - 기타,승용,남,61세,상해없음,보행자,여,21세,경상
2022053000100475,2022년 5월 30일 19시,월요일,울산광역시 동구 방어동,경상사고,0,0,1,0,차대차 - 측면충돌,교차로운행방법위반,건조,맑음,교차로 - 교차로안,승용,여,31세,상해없음,승용,남,54세,경상
2022053000100531,2022년 5월 30일 22시,월요일,울산광역시 남구 달동,경상사고,0,0,2,0,차대차 - 측면충돌,교차로운행방법위반,건조,맑음,교차로 - 교차로횡단보도내,승용,여,23세,상해없음,승합,남,57세,상해없음
2022053100100040,2022년 5월 31일 05시,화요일,울산광역시 울주군 서생면,경상사고,0,0,2,1,차대차 - 측면충돌,교차로운행방법위반,건조,맑음,교차로 - 교차로안,승용,여,53세,부상신고,승용,남,80세,경상
2022053100100051,2022년 5월 31일 06시,화요일,울산광역시 북구 효문동,사망사고,1,0,0,0,차량단독 - 전도전복 - 전도,안전운전불이행,건조,맑음,단일로 - 기타,자전거,남,58세,사망,,,,
2022053100100138,2022년 5월 31일 08시,화요일,울산광역시 남구 달동,경상사고,0,0,1,0,차대사람 - 차도통행중,안전운전불이행,건조,맑음,교차로 - 교차로안,승용,여,40세,상해없음,보행자,남,31세,경상
2022053100100139,2022년 5월 31일 08시,화요일,울산광역시 울주군 삼남읍,경상사고,0,0,1,0,차대사람 - 횡단중,안전운전불이행,건조,맑음,교차로 - 교차로부근,승용,남,65세,상해없음,보행자,여,64세,경상
2022053100100140,2022년 5월 31일 08시,화요일,울산광역시 북구 천곡동,중상사고,0,1,1,0,차대차 - 정면충돌,안전운전불이행,건조,맑음,교차로 - 교차로안,화물,남,37세,경상,승용,여,57세,중상
2022053100100177,2022년 5월 31일 09시,화요일,울산광역시 남구 신정동,경상사고,0,0,1,0,차대차 - 측면충돌,안전운전불이행,건조,맑음,단일로 - 기타,화물,남,66세,상해없음,승용,여,35세,경상
2022053100100205,2022년 5월 31일 10시,화요일,울산광역시 남구 신정동,경상사고,0,0,1,0,차대사람 - 횡단중,보행자보호의무위반,건조,맑음,단일로 - 기타,승용,남,60세,상해없음,보행자,남,50세,경상
2022053100100247,2022년 5월 31일 11시,화요일,울산광역시 남구 달동,경상사고,0,0,2,0,차대차 - 측면충돌,차로위반,건조,맑음,교차로 - 교차로부근,화물,여,54세,기타불명,승합,남,52세,경상
2022053100100248,2022년 5월 31일 11시,화요일,울산광역시 남구 야음동,부상신고사고,0,0,0,1,차대사람 - 기타,안전운전불이행,건조,맑음,단일로 - 기타,승용,남,67세,상해없음,보행자,여,53세,부상신고
2022053100100362,2022년 5월 31일 14시,화요일,울산광역시 중구 학성동,중상사고,0,1,0,0,차대차 - 기타,신호위반,건조,맑음,교차로 - 교차로안,자전거,남,67세,중상,승용,남,59세,상해없음
2022053100100363,2022년 5월 31일 14시,화요일,울산광역시 남구 신정동,경상사고,0,0,1,0,차대차 - 측면충돌,안전운전불이행,건조,맑음,교차로 - 교차로안,승용,남,41세,상해없음,자전거,남,73세,경상
2022053100100400,2022년 5월 31일 15시,화요일,울산광역시 중구 남외동,중상사고,0,1,0,0,차대사람 - 기타,안전운전불이행,건조,맑음,단일로 - 기타,승용,여,37세,상해없음,보행자,여,80세,중상
2022053100100401,2022년 5월 31일 15시,화요일,울산광역시 남구 삼산동,경상사고,0,0,1,0,차대차 - 정면충돌,중앙선침범,건조,맑음,단일로 - 기타,승용,남,24세,상해없음,승용,남,53세,경상
2022053100100402,2022년 5월 31일 15시,화요일,울산광역시 동구 화정동,경상사고,0,0,1,0,차대사람 - 횡단중,안전운전불이행,건조,맑음,교차로 - 교차로부근,승용,여,38세,기타불명,보행자,여,59세,경상
2022053100100455,2022년 5월 31일 16시,화요일,울산광역시 북구 연암동,중상사고,0,1,0,0,차대차 - 측면충돌,안전운전불이행,건조,맑음,단일로 - 기타,화물,남,54세,상해없음,이륜,남,66세,중상
2022053100100508,2022년 5월 31일 17시,화요일,울산광역시 남구 삼산동,중상사고,0,2,0,0,차대차 - 추돌,안전운전불이행,건조,맑음,교차로 - 교차로부근,승용,남,60세,상해없음,승용,남,70세,중상
2022053100100509,2022년 5월 31일 17시,화요일,울산광역시 남구 여천동,중상사고,0,1,0,0,차대차 - 측면충돌,교차로운행방법위반,건조,맑음,교차로 - 교차로안,승용,남,74세,상해없음,이륜,남,45세,중상
2022053100100567,2022년 5월 31일 18시,화요일,울산광역시 울주군 범서읍,경상사고,0,0,1,0,차대사람 - 횡단중,안전운전불이행,건조,맑음,단일로 - 기타,승용,남,51세,상해없음,보행자,남,7세,경상
2022053100100661,2022년 5월 31일 21시,화요일,울산광역시 남구 달동,경상사고,0,0,1,0,차대차 - 측면충돌,안전운전불이행,건조,맑음,교차로 - 교차로안,승용,남,65세,상해없음,이륜,남,27세,경상
2022060100100023,2022년 6월 1일 00시,수요일,울산광역시 남구 달동,경상사고,0,0,1,0,차대차 - 측면충돌,안전운전불이행,건조,맑음,단일로 - 기타,승용,남,36세,상해없음,승용,남,37세,경상
2022060100100024,2022년 6월 1일 00시,수요일,울산광역시 북구 호계동,경상사고,0,0,1,0,차대사람 - 차도통행중,안전운전불이행,건조,맑음,교차로 - 교차로횡단보도내,승용,여,47세,상해없음,보행자,남,32세,경상
2022060100100055,2022년 6월 1일 02시,수요일,울산광역시 남구 달동,경상사고,0,0,1,0,차대차 - 기타,안전운전불이행,건조,맑음,교차로 - 교차로부근,승용,남,22세,상해없음,원동기,남,30세,경상
2022060100100082,2022년 6월 1일 05시,수요일,울산광역시 중구 다운동,중상사고,0,1,0,0,차대사람 - 횡단중,안전운전불이행,건조,맑음,단일로 - 기타,승용,여,49세,상해없음,보행자,남,87세,중상
2022060100100110,2022년 6월 1일 07시,수요일,울산광역시 북구 정자동,중상사고,0,1,0,0,차대차 - 측면충돌,안전운전불이행,건조,맑음,단일로 - 기타,화물,남,81세,상해없음,이륜,남,36세,중상
2022060100100178,2022년 6월 1일 10시,수요일,울산광역시 북구 신천동,중상사고,0,1,0,0,차대차 - 측면충돌,기타,건조,맑음,단일로 - 기타,이륜,남,53세,상해없음,이륜,남,72세,중상
2022060100100244,2022년 6월 1일 12시,수요일,울산광역시 동구 일산동,경상사고,0,0,1,0,차대차 - 기타,교차로운행방법위반,건조,맑음,교차로 - 교차로안,승용,여,52세,상해없음,이륜,남,59세,경상
2022060100100277,2022년 6월 1일 13시,수요일,울산광역시 남구 신정동,경상사고,0,0,2,0,차대사람 - 횡단중,신호위반,건조,맑음,교차로 - 교차로부근,이륜,남,50세,경상,보행자,남,11세,경상
2022060100100278,2022년 6월 1일 13시,수요일,울산광역시 남구 삼산동,경상사고,0,0,1,0,차대사람 - 길가장자리구역통행중,안전운전불이행,건조,맑음,단일로 - 기타,승용,남,25세,상해없음,보행자,남,54세,경상
2022060100100425,2022년 6월 1일 17시,수요일,울산광역시 중구 복산동,중상사고,0,1,2,0,차대차 - 측면충돌,중앙선침범,건조,맑음,단일로 - 기타,승용,남,50세,경상,이륜,남,44세,중상
2022060100100493,2022년 6월 1일 19시,수요일,울산광역시 남구 달동,부상신고사고,0,0,0,2,차대사람 - 차도통행중,안전운전불이행,건조,맑음,교차로 - 교차로안,이륜,남,49세,부상신고,보행자,여,66세,부상신고
2022060100100494,2022년 6월 1일 19시,수요일,울산광역시 동구 방어동,경상사고,0,0,2,0,차대차 - 후진중충돌,기타,건조,맑음,단일로 - 고가도로위,승용,남,62세,상해없음,승용,남,36세,경상
2022060100100520,2022년 6월 1일 20시,수요일,울산광역시 남구 달동,부상신고사고,0,0,0,1,차량단독 - 기타,안전운전불이행,건조,맑음,단일로 - 기타,승용,남,58세,상해없음,,,,
2022060100100554,2022년 6월 1일 22시,수요일,울산광역시 남구 무거동,경상사고,0,0,1,0,차대사람 - 횡단중,보행자보호의무위반,건조,맑음,교차로 - 교차로횡단보도내,승용,남,23세,상해없음,보행자,남,19세,경상
2022060100100565,2022년 6월 1일 23시,수요일,울산광역시 중구 반구동,경상사고,0,0,1,0,차대차 - 정면충돌,안전운전불이행,건조,맑음,기타 - 기타,개인형이동수단(PM),남,18세,상해없음,자전거,여,16세,경상
2022060100100566,2022년 6월 1일 23시,수요일,울산광역시 남구 신정동,중상사고,0,1,0,0,차대차 - 측면충돌,신호위반,건조,맑음,교차로 - 교차로안,승용,여,61세,상해없음,이륜,남,41세,중상
2022060200100066,2022년 6월 2일 07시,목요일,울산광역시 울주군 언양읍,경상사고,0,0,1,0,차대차 - 기타,중앙선침범,건조,맑음,단일로 - 기타,승합,남,61세,상해없음,이륜,남,20세,경상
2022060200100098,2022년 6월 2일 08시,목요일,울산광역시 울주군 범서읍,경상사고,0,0,1,0,차대차 - 측면충돌,교차로운행방법위반,건조,맑음,교차로 - 교차로안,승용,여,55세,상해없음,자전거,남,48세,경상
2022060200100131,2022년 6월 2일 09시,목요일,울산광역시 남구 달동,중상사고,0,2,0,0,차대차 - 정면충돌,안전거리미확보,건조,맑음,기타 - 기타,승용,여,55세,상해없음,승용,남,66세,상해없음
2022060200100194,2022년 6월 2일 11시,목요일,울산광역시 남구 삼산동,중상사고,0,1,0,0,차대차 - 후진중충돌,안전운전불이행,건조,맑음,기타 - 기타,화물,남,42세,상해없음,이륜,남,19세,중상
2022060200100195,2022년 6월 2일 11시,목요일,울산광역시 동구 서부동,중상사고,0,1,0,0,차대차 - 측면충돌,직진우회전진행방해,건조,맑음,주차장 - 주차장,이륜,남,59세,상해없음,자전거,남,58세,중상
2022060200100257,2022년 6월 2일 13시,목요일,울산광역시 울주군 온산읍,중상사고,0,1,0,0,차대사람 - 횡단중,안전운전불이행,건조,맑음,단일로 - 지하차도(도로)내,화물,남,35세,상해없음,보행자,여,70세,중상
2022060200100374,2022년 6월 2일 16시,목요일,울산광역시 중구 복산동,경상사고,0,0,1,0,차대사람 - 기타,안전운전불이행,건조,맑음,단일로 - 기타,승용,남,58세,상해없음,보행자,남,12세,경상
2022060200100375,2022년 6월 2일 16시,목요일,울산광역시 남구 달동,경상사고,0,0,1,0,차대사람 - 보도통행중,기타,건조,맑음,기타 - 기타,기타불명,기타불명,미분류,기타불명,보행자,여,19세,경상
2022060200100416,2022년 6월 2일 17시,목요일,울산광역시 동구 전하동,경상사고,0,0,1,0,차대사람 - 차도통행중,안전운전불이행,건조,맑음,단일로 - 기타,승용,여,28세,상해없음,보행자,여,65세,경상
2022060200100479,2022년 6월 2일 18시,목요일,울산광역시 동구 전하동,중상사고,0,1,0,0,차대사람 - 차도통행중,안전운전불이행,건조,맑음,교차로 - 교차로안,승용,남,32세,상해없음,보행자,여,63세,중상
2022060300100009,2022년 6월 3일 00시,금요일,울산광역시 남구 달동,중상사고,0,1,0,0,차대사람 - 횡단중,안전운전불이행,건조,맑음,교차로 - 교차로부근,승용,남,57세,기타불명,보행자,남,43세,중상
2022060300100050,2022년 6월 3일 06시,금요일,울산광역시 북구 염포동,경상사고,0,0,1,0,차대차 - 측면충돌,신호위반,건조,맑음,교차로 - 교차로부근,승용,남,52세,상해없음,이륜,남,48세,경상
2022060300100200,2022년 6월 3일 10시,금요일,울산광역시 동구 방어동,중상사고,0,1,0,0,차대사람 - 횡단중,안전운전불이행,건조,맑음,교차로 - 교차로부근,승용,남,46세,상해없음,보행자,여,79세,중상
2022060300100201,2022년 6월 3일 10시,금요일,울산광역시 동구 방어동,경상사고,0,0,2,0,차대차 - 정면충돌,중앙선침범,건조,맑음,단일로 - 터널,승용,남,51세,기타불명,화물,남,52세,경상
2022060300100238,2022년 6월 3일 11시,금요일,울산광역시 북구 화봉동,경상사고,0,0,2,0,차대사람 - 횡단중,기타,건조,맑음,교차로 - 교차로횡단보도내,이륜,남,37세,경상,보행자,남,8세,경상
2022060300100572,2022년 6월 3일 20시,금요일,울산광역시 중구 약사동,경상사고,0,0,2,0,차대차 - 측면충돌,안전운전불이행,건조,맑음,단일로 - 기타,승용,남,42세,상해없음,승용,남,32세,경상
2022060300100648,2022년 6월 3일 23시,금요일,울산광역시 남구 달동,경상사고,0,0,1,0,차대사람 - 길가장자리구역통행중,안전운전불이행,건조,맑음,교차로 - 교차로안,승용,여,27세,상해없음,보행자,남,28세,경상
2022060400100020,2022년 6월 4일 00시,토요일,울산광역시 북구 효문동,경상사고,0,0,1,0,차대차 - 측면충돌,안전운전불이행,건조,맑음,교차로 - 교차로안,승용,남,58세,상해없음,이륜,남,55세,경상
2022060400100266,2022년 6월 4일 12시,토요일,울산광역시 중구 태화동,중상사고,0,1,0,0,차대차 - 측면충돌,신호위반,건조,맑음,교차로 - 교차로안,승용,남,61세,상해없음,이륜,남,47세,중상
2022060400100267,2022년 6월 4일 12시,토요일,울산광역시 울주군 온양읍,경상사고,0,0,1,0,차대차 - 기타,안전거리미확보,건조,맑음,교차로 - 교차로부근,승용,남,30세,기타불명,승용,남,26세,경상
2022060400100366,2022년 6월 4일 15시,토요일,울산광역시 남구 달동,중상사고,0,1,0,0,차대차 - 측면충돌,신호위반,건조,맑음,교차로 - 교차로안,승용,여,24세,기타불명,이륜,남,55세,중상
2022060400100367,2022년 6월 4일 15시,토요일,울산광역시 남구 무거동,경상사고,0,0,1,0,차대차 - 측면충돌,중앙선침범,건조,맑음,단일로 - 기타,승용,남,62세,상해없음,승용,남,60세,경상
2022060400100368,2022년 6월 4일 15시,토요일,울산광역시 울주군 상북면,경상사고,0,0,1,0,차대차 - 추돌,안전운전불이행,건조,맑음,단일로 - 기타,승용,여,58세,상해없음,자전거,여,41세,경상
2022060400100399,2022년 6월 4일 16시,토요일,울산광역시 남구 신정동,경상사고,0,0,1,0,차대사람 - 기타,안전운전불이행,건조,맑음,단일로 - 기타,자전거,남,26세,상해없음,보행자,여,58세,경상
2022060400100471,2022년 6월 4일 18시,토요일,울산광역시 중구 복산동,중상사고,0,1,0,0,차대사람 - 기타,안전운전불이행,건조,맑음,단일로 - 기타,승용,남,75세,상해없음,보행자,남,70세,중상
2022060400100472,2022년 6월 4일 18시,토요일,울산광역시 북구 중산동,중상사고,0,1,0,0,차대차 - 기타,기타,건조,맑음,기타 - 기타,승용,여,42세,상해없음,자전거,남,39세,중상
2022060400100492,2022년 6월 4일 19시,토요일,울산광역시 중구 남외동,경상사고,0,0,1,0,차대사람 - 횡단중,안전운전불이행,건조,맑음,교차로 - 교차로안,승합,남,56세,상해없음,보행자,남,17세,경상
2022060400100518,2022년 6월 4일 20시,토요일,울산광역시 중구 다운동,경상사고,0,0,1,0,차대차 - 추돌,안전운전불이행,건조,맑음,단일로 - 기타,화물,남,48세,경상,승용,기타불명,미분류,기타불명
2022060400100575,2022년 6월 4일 22시,토요일,울산광역시 동구 방어동,경상사고,0,0,1,0,차대차 - 정면충돌,안전운전불이행,건조,맑음,단일로 - 기타,이륜,남,62세,상해없음,자전거,남,17세,경상
2022060500100111,2022년 6월 5일 10시,일요일,울산광역시 남구 신정동,경상사고,0,0,4,0,차대차 - 기타,차로위반,젖음/습기,흐림,교차로 - 교차로안,승합,남,60세,상해없음,승용,남,35세,경상
2022060500100164,2022년 6월 5일 12시,일요일,울산광역시 북구 진장동,경상사고,0,0,1,1,차대차 - 추돌,안전거리미확보,젖음/습기,비,단일로 - 기타,화물,남,29세,상해없음,승용,여,31세,경상
2022060500100196,2022년 6월 5일 13시,일요일,울산광역시 남구 신정동,경상사고,0,0,1,0,차대차 - 측면충돌,신호위반,젖음/습기,비,교차로 - 교차로안,승용,남,38세,상해없음,승용,남,47세,경상
2022060500100197,2022년 6월 5일 13시,일요일,울산광역시 동구 일산동,중상사고,0,1,0,0,차대사람 - 길가장자리구역통행중,안전운전불이행,젖음/습기,비,단일로 - 기타,이륜,남,53세,상해없음,보행자,여,85세,중상
2022060500100268,2022년 6월 5일 16시,일요일,울산광역시 중구 다운동,경상사고,0,0,1,0,차대차 - 측면충돌,안전운전불이행,젖음/습기,비,교차로 - 교차로안,승용,남,72세,기타불명,승합,남,39세,경상
2022060500100296,2022년 6월 5일 17시,일요일,울산광역시 중구 약사동,경상사고,0,0,1,0,차대차 - 측면충돌,직진우회전진행방해,건조,맑음,교차로 - 교차로안,승용,남,34세,상해없음,이륜,남,20세,경상
2022060500100400,2022년 6월 5일 21시,일요일,울산광역시 남구 달동,중상사고,0,1,1,0,차대차 - 정면충돌,신호위반,젖음/습기,비,교차로 - 교차로안,승용,남,63세,상해없음,승용,여,45세,중상
2022060500100401,2022년 6월 5일 21시,일요일,울산광역시 동구 화정동,경상사고,0,0,1,0,차대차 - 추돌,안전운전불이행,젖음/습기,비,단일로 - 기타,승용,남,47세,상해없음,승용,여,38세,경상
2022060500100402,2022년 6월 5일 21시,일요일,울산광역시 북구 효문동,경상사고,0,0,1,1,차대차 - 추돌,안전운전불이행,젖음/습기,비,단일로 - 기타,승용,남,64세,부상신고,승용,남,53세,경상
2022060500100427,2022년 6월 5일 22시,일요일,울산광역시 북구 효문동,경상사고,0,0,1,1,차대차 - 측면충돌,기타,건조,맑음,단일로 - 고가도로위,승합,남,29세,상해없음,화물,남,41세,경상
2022060600100013,2022년 6월 6일 00시,월요일,울산광역시 남구 삼산동,중상사고,0,1,0,0,차대사람 - 횡단중,신호위반,건조,맑음,단일로 - 기타,이륜,남,21세,상해없음,보행자,남,26세,중상
2022060600100028,2022년 6월 6일 01시,월요일,울산광역시 남구 신정동,경상사고,0,0,2,0,차대차 - 기타,신호위반,젖음/습기,비,교차로 - 교차로안,이륜,남,37세,경상,승용,남,57세,상해없음
2022060600100029,2022년 6월 6일 01시,월요일,울산광역시 북구 호계동,경상사고,0,0,1,0,차대차 - 추돌,안전운전불이행,젖음/습기,비,교차로 - 교차로부근,승용,남,24세,상해없음,승용,남,59세,경상
2022060600100176,2022년 6월 6일 12시,월요일,울산광역시 남구 달동,경상사고,0,0,1,0,차대차 - 측면충돌,교차로운행방법위반,젖음/습기,비,교차로 - 교차로부근,승용,여,53세,상해없음,이륜,남,28세,경상
2022060600100198,2022년 6월 6일 13시,월요일,울산광역시 남구 신정동,중상사고,0,1,0,0,차대사람 - 차도통행중,안전운전불이행,젖음/습기,흐림,교차로 - 교차로안,승용,남,46세,상해없음,보행자,남,53세,중상
2022060600100199,2022년 6월 6일 13시,월요일,울산광역시 남구 신정동,경상사고,0,0,1,0,차대차 - 측면충돌,직진우회전진행방해,건조,맑음,교차로 - 교차로안,승용,남,33세,상해없음,승용,여,60세,경상
2022060600100314,2022년 6월 6일 16시,월요일,울산광역시 중구 성남동,경상사고,0,0,1,0,차대차 - 측면충돌,신호위반,젖음/습기,비,교차로 - 교차로안,화물,남,62세,상해없음,승용,여,64세,경상
2022060600100319,2022년 6월 6일 17시,월요일,울산광역시 울주군 언양읍,경상사고,0,0,3,0,차대차 - 기타,안전운전불이행,젖음/습기,비,단일로 - 기타,승합,남,51세,상해없음,승용,남,26세,상해없음
2022060600100371,2022년 6월 6일 18시,월요일,울산광역시 중구 약사동,경상사고,0,0,1,0,차대사람 - 기타,안전운전불이행,젖음/습기,흐림,기타 - 기타,승용,남,48세,상해없음,보행자,여,10세,경상
2022060600100372,2022년 6월 6일 18시,월요일,울산광역시 남구 달동,중상사고,0,1,0,0,차대차 - 측면충돌,안전운전불이행,젖음/습기,흐림,교차로 - 교차로안,승용,여,47세,상해없음,이륜,남,40세,중상
2022060600100395,2022년 6월 6일 19시,월요일,울산광역시 남구 달동,중상사고,0,1,0,0,차대차 - 측면충돌,안전운전불이행,건조,맑음,교차로 - 교차로안,승용,남,50세,상해없음,승용,여,29세,중상
2022060700100037,2022년 6월 7일 06시,화요일,울산광역시 울주군 상북면,경상사고,0,0,1,0,차대차 - 정면충돌,중앙선침범,건조,맑음,단일로 - 기타,승용,남,46세,상해없음,승용,남,55세,경상
2022060700100070,2022년 6월 7일 07시,화요일,울산광역시 남구 선암동,경상사고,0,0,1,0,차대차 - 측면충돌,안전거리미확보,건조,맑음,교차로 - 교차로부근,승용,남,25세,상해없음,승용,남,30세,경상
2022060700100071,2022년 6월 7일 07시,화요일,울산광역시 북구 상안동,중상사고,0,2,0,0,차대차 - 측면충돌,안전운전불이행,건조,맑음,단일로 - 기타,자전거,남,68세,중상,자전거,남,73세,중상
2022060700100118,2022년 6월 7일 08시,화요일,울산광역시 북구 상안동,경상사고,0,0,1,0,차대차 - 측면충돌,안전운전불이행,건조,맑음,단일로 - 교량,승용,여,27세,상해없음,승용,여,42세,경상
2022060700100213,2022년 6월 7일 11시,화요일,울산광역시 동구 전하동,경상사고,0,0,1,0,차대차 - 추돌,직진우회전진행방해,건조,맑음,단일로 - 기타,이륜,여,68세,경상,승용,여,61세,상해없음
2022060700100235,2022년 6월 7일 12시,화요일,울산광역시 동구 화정동,경상사고,0,0,1,0,차대사람 - 횡단중,안전운전불이행,건조,맑음,교차로 - 교차로안,이륜,남,51세,상해없음,보행자,여,30세,경상
2022060700100268,2022년 6월 7일 13시,화요일,울산광역시 동구 화정동,부상신고사고,0,0,0,1,차대차 - 측면충돌,중앙선침범,젖음/습기,흐림,교차로 - 교차로부근,이륜,여,61세,부상신고,승용,남,53세,상해없음
2022060700100474,2022년 6월 7일 19시,화요일,울산광역시 남구 신정동,경상사고,0,0,4,0,차대차 - 추돌,안전운전불이행,젖음/습기,흐림,단일로 - 기타,승용,남,55세,상해없음,승용,남,60세,경상
2022060700100579,2022년 6월 7일 23시,화요일,울산광역시 울주군 웅촌면,경상사고,0,0,1,0,차대차 - 정면충돌,안전거리미확보,젖음/습기,비,단일로 - 지하차도(도로)내,승용,여,48세,상해없음,승용,여,49세,경상
2022060800100030,2022년 6월 8일 02시,수요일,울산광역시 동구 방어동,경상사고,0,0,1,0,차량단독 - 전도전복 - 전도,안전운전불이행,건조,맑음,단일로 - 기타,이륜,남,22세,경상,,,,
2022060800100031,2022년 6월 8일 02시,수요일,울산광역시 북구 화봉동,경상사고,0,0,1,0,차대차 - 측면충돌,신호위반,젖음/습기,비,교차로 - 교차로안,화물,남,44세,상해없음,이륜,남,38세,경상
2022060800100038,2022년 6월 8일 04시,수요일,울산광역시 중구 학산동,경상사고,0,0,1,0,차대차 - 측면충돌,신호위반,건조,맑음,교차로 - 교차로안,승용,남,60세,상해없음,승용,남,50세,경상
2022060800100212,2022년 6월 8일 11시,수요일,울산광역시 북구 호계동,경상사고,0,0,5,0,차대차 - 측면충돌,신호위반,건조,맑음,교차로 - 교차로안,승용,여,37세,경상,승용,여,40세,경상
2022060800100265,2022년 6월 8일 13시,수요일,울산광역시 남구 삼산동,경상사고,0,0,1,0,차대차 - 기타,안전거리미확보,건조,맑음,단일로 - 기타,승용,여,64세,기타불명,승용,여,40세,경상
2022060800100291,2022년 6월 8일 14시,수요일,울산광역시 남구 삼산동,중상사고,0,1,1,0,차대차 - 추돌,안전거리미확보,건조,맑음,단일로 - 기타,승용,남,27세,상해없음,승용,여,40세,중상