사고번호,사고일시,요일,시군구,사고내용,사망자수,중상자수,경상자수,부상신고자수,사고유형,법규위반,노면상태,기상상태,도로형태,가해운전자 차종,가해운전자 성별,가해운전자 연령,가해운전자 상해정도,피해운전자 차종,피해운전자 성별,피해운전자 연령,피해운전자 상해정도
2022060800100403,2022년 6월 8일 17시,수요일,울산광역시 남구 삼산동,경상사고,0,0,1,0,차대차 - 측면충돌,안전운전불이행,건조,맑음,단일로 - 기타,승용,남,55세,상해없음,이륜,남,40세,경상
2022060800100404,2022년 6월 8일 17시,수요일,울산광역시 북구 매곡동,경상사고,0,0,1,0,차대차 - 측면충돌,안전운전불이행,건조,맑음,교차로 - 교차로부근,승용,남,48세,상해없음,승용,남,25세,경상
2022060800100563,2022년 6월 8일 22시,수요일,울산광역시 북구 중산동,부상신고사고,0,0,0,1,차량단독 - 주/정차차량 충돌,안전운전불이행,건조,맑음,단일로 - 기타,승용,여,43세,부상신고,,,,
2022060800100574,2022년 6월 8일 23시,수요일,울산광역시 남구 달동,경상사고,0,0,1,0,차대차 - 추돌,안전운전불이행,건조,맑음,단일로 - 기타,이륜,남,21세,경상,승용,남,23세,상해없음
2022060800100575,2022년 6월 8일 23시,수요일,울산광역시 울주군 언양읍,중상사고,0,1,0,0,차량단독 - 공작물충돌,안전운전불이행,건조,맑음,단일로 - 기타,승용,남,28세,상해없음,,,,
2022060900100009,2022년 6월 9일 00시,목요일,울산광역시 남구 달동,중상사고,0,1,0,0,차량단독 - 공작물충돌,안전운전불이행,건조,맑음,교차로 - 교차로안,이륜,남,58세,중상,,,,
2022060900100069,2022년 6월 9일 07시,목요일,울산광역시 울주군 온산읍,중상사고,0,1,3,0,차대차 - 측면충돌,신호위반,건조,맑음,교차로 - 교차로안,승용,남,56세,상해없음,승용,남,64세,경상
2022060900100070,2022년 6월 9일 07시,목요일,울산광역시 북구 매곡동,경상사고,0,0,1,0,차대차 - 측면충돌,안전거리미확보,건조,맑음,단일로 - 기타,화물,남,26세,상해없음,승용,여,47세,경상
2022060900100117,2022년 6월 9일 08시,목요일,울산광역시 동구 일산동,중상사고,0,1,0,0,차대차 - 측면충돌,안전운전불이행,건조,맑음,교차로 - 교차로안,승용,남,40세,상해없음,이륜,남,74세,중상
2022060900100118,2022년 6월 9일 08시,목요일,울산광역시 북구 화봉동,경상사고,0,0,1,0,차대차 - 기타,기타,건조,맑음,교차로 - 교차로부근,이륜,남,47세,경상,화물,남,45세,상해없음
2022060900100281,2022년 6월 9일 14시,목요일,울산광역시 울주군 청량읍,중상사고,0,1,0,0,차대차 - 정면충돌,안전운전불이행,건조,맑음,교차로 - 교차로안,승합,남,57세,상해없음,승용,남,66세,중상
2022060900100353,2022년 6월 9일 16시,목요일,울산광역시 동구 동부동,부상신고사고,0,0,0,1,차대차 - 측면충돌,안전운전불이행,건조,맑음,교차로 - 교차로안,승용,남,58세,상해없음,자전거,남,7세,부상신고
2022060900100390,2022년 6월 9일 17시,목요일,울산광역시 중구 약사동,경상사고,0,0,1,0,차대차 - 추돌,안전운전불이행,건조,맑음,교차로 - 교차로부근,이륜,남,39세,경상,승용,여,51세,상해없음
2022060900100391,2022년 6월 9일 17시,목요일,울산광역시 남구 야음동,경상사고,0,0,1,0,차대차 - 측면충돌,안전운전불이행,건조,맑음,교차로 - 교차로안,승용,남,20세,상해없음,이륜,남,33세,경상
2022060900100392,2022년 6월 9일 17시,목요일,울산광역시 울주군 청량읍,경상사고,0,0,2,0,차대차 - 측면충돌,직진우회전진행방해,건조,맑음,교차로 - 교차로안,승용,남,38세,상해없음,승용,여,67세,경상
2022060900100443,2022년 6월 9일 18시,목요일,울산광역시 북구 화봉동,중상사고,0,1,0,0,차대차 - 측면충돌,기타,건조,맑음,교차로 - 교차로안,승합,여,36세,상해없음,자전거,남,6세,중상
2022060900100467,2022년 6월 9일 19시,목요일,울산광역시 남구 무거동,경상사고,0,0,1,0,차대사람 - 길가장자리구역통행중,안전운전불이행,건조,맑음,단일로 - 기타,승용,남,35세,상해없음,보행자,여,20세,경상
2022061000100029,2022년 6월 10일 03시,금요일,울산광역시 남구 삼산동,경상사고,0,0,2,0,차대차 - 측면충돌,안전거리미확보,건조,맑음,교차로 - 교차로안,승용,남,31세,상해없음,승용,남,64세,경상
2022061000100045,2022년 6월 10일 05시,금요일,울산광역시 남구 여천동,경상사고,0,0,1,0,차대차 - 추돌,안전거리미확보,건조,맑음,교차로 - 교차로안,화물,남,62세,상해없음,화물,남,49세,경상
2022061000100046,2022년 6월 10일 05시,금요일,울산광역시 북구 염포동,중상사고,0,1,0,0,차량단독 - 공작물충돌,안전운전불이행,건조,맑음,교차로 - 교차로안,승용,남,26세,중상,,,,
2022061000100074,2022년 6월 10일 07시,금요일,울산광역시 남구 여천동,경상사고,0,0,1,0,차대차 - 측면충돌,교차로운행방법위반,건조,맑음,교차로 - 교차로안,이륜,남,45세,경상,승용,남,65세,상해없음
2022061000100075,2022년 6월 10일 07시,금요일,울산광역시 울주군 청량읍,중상사고,0,1,0,0,차대차 - 기타,안전운전불이행,건조,맑음,단일로 - 기타,자전거,남,74세,중상,승용,남,41세,상해없음
2022061000100077,2022년 6월 10일 07시,금요일,울산광역시 북구 신천동,경상사고,0,0,1,0,차대차 - 후진중충돌,안전운전불이행,건조,맑음,단일로 - 고가도로위,승용,남,55세,상해없음,화물,남,41세,기타불명
2022061000100162,2022년 6월 10일 09시,금요일,울산광역시 남구 무거동,중상사고,0,1,0,0,차대차 - 기타,안전운전불이행,건조,맑음,교차로 - 교차로안,승용,여,56세,상해없음,이륜,여,59세,중상
2022061000100189,2022년 6월 10일 10시,금요일,울산광역시 남구 무거동,경상사고,0,0,1,0,차대차 - 측면충돌,안전거리미확보,건조,맑음,기타 - 기타,승용,남,71세,상해없음,승용,여,47세,경상
2022061000100218,2022년 6월 10일 11시,금요일,울산광역시 남구 삼산동,경상사고,0,0,1,0,차대차 - 측면충돌,안전거리미확보,건조,맑음,단일로 - 기타,승용,여,68세,상해없음,승합,남,30세,경상
2022061000100274,2022년 6월 10일 13시,금요일,울산광역시 동구 서부동,부상신고사고,0,0,0,1,차대차 - 측면충돌,안전거리미확보,건조,맑음,단일로 - 기타,이륜,남,63세,상해없음,승용,남,30세,부상신고
2022061000100403,2022년 6월 10일 16시,금요일,울산광역시 남구 달동,경상사고,0,0,1,0,차대차 - 추돌,안전운전불이행,건조,맑음,기타 - 기타,승용,여,57세,상해없음,자전거,남,75세,경상
2022061000100404,2022년 6월 10일 16시,금요일,울산광역시 동구 서부동,경상사고,0,0,1,0,차대사람 - 기타,안전운전불이행,건조,맑음,단일로 - 지하차도(도로)내,승합,남,60세,상해없음,보행자,여,27세,경상
2022061000100444,2022년 6월 10일 17시,금요일,울산광역시 동구 일산동,중상사고,0,1,0,0,차대사람 - 횡단중,안전운전불이행,건조,맑음,단일로 - 기타,이륜,남,32세,중상,보행자,남,8세,상해없음
2022061000100494,2022년 6월 10일 18시,금요일,울산광역시 중구 반구동,중상사고,0,1,1,0,차대차 - 측면충돌,중앙선침범,건조,맑음,단일로 - 기타,원동기,남,73세,중상,원동기,남,23세,경상
2022061000100571,2022년 6월 10일 21시,금요일,울산광역시 울주군 삼남읍,경상사고,0,0,1,0,차대차 - 추돌,안전운전불이행,건조,맑음,단일로 - 기타,승용,남,70세,상해없음,승용,남,42세,경상
2022061100100018,2022년 6월 11일 00시,토요일,울산광역시 울주군 범서읍,중상사고,0,1,0,0,차대차 - 측면충돌,안전운전불이행,건조,맑음,단일로 - 기타,승용,남,61세,상해없음,이륜,남,24세,중상
2022061100100167,2022년 6월 11일 10시,토요일,울산광역시 중구 우정동,중상사고,0,1,0,0,차대차 - 기타,신호위반,건조,맑음,교차로 - 교차로안,승용,여,53세,상해없음,이륜,남,84세,중상
2022061100100209,2022년 6월 11일 11시,토요일,울산광역시 북구 효문동,경상사고,0,0,1,0,차대사람 - 횡단중,안전운전불이행,건조,맑음,기타 - 기타,화물,남,51세,상해없음,보행자,남,42세,경상
2022061100100247,2022년 6월 11일 12시,토요일,울산광역시 남구 신정동,중상사고,0,1,0,0,차대차 - 측면충돌,안전운전불이행,건조,맑음,단일로 - 기타,승용,남,51세,상해없음,이륜,남,40세,중상
2022061100100292,2022년 6월 11일 13시,토요일,울산광역시 울주군 청량읍,경상사고,0,0,1,0,차대차 - 정면충돌,안전운전불이행,건조,맑음,단일로 - 기타,화물,남,56세,상해없음,승합,남,51세,경상
2022061100100359,2022년 6월 11일 15시,토요일,울산광역시 울주군 범서읍,중상사고,0,1,0,0,차대차 - 기타,중앙선침범,건조,맑음,단일로 - 기타,승용,여,28세,상해없음,자전거,남,76세,중상
2022061100100360,2022년 6월 11일 15시,토요일,울산광역시 북구 명촌동,경상사고,0,0,2,0,차대차 - 측면충돌,안전운전불이행,건조,맑음,단일로 - 기타,개인형이동수단(PM),남,32세,경상,자전거,남,52세,경상
2022061100100391,2022년 6월 11일 16시,토요일,울산광역시 북구 효문동,부상신고사고,0,0,0,2,차대차 - 측면충돌,직진우회전진행방해,건조,맑음,교차로 - 교차로안,이륜,남,24세,부상신고,승용,남,39세,부상신고
2022061100100437,2022년 6월 11일 17시,토요일,울산광역시 북구 진장동,경상사고,0,0,1,0,차대차 - 추돌,중앙선침범,건조,맑음,단일로 - 고가도로위,승용,남,50세,상해없음,승용,남,30세,경상
2022061100100493,2022년 6월 11일 19시,토요일,울산광역시 중구 반구동,중상사고,0,1,0,0,차대차 - 측면충돌,신호위반,건조,맑음,교차로 - 교차로안,이륜,남,31세,상해없음,이륜,남,40세,중상
2022061100100494,2022년 6월 11일 19시,토요일,울산광역시 울주군 서생면,경상사고,0,0,1,0,차대차 - 기타,안전운전불이행,건조,맑음,주차장 - 주차장,승용,여,32세,상해없음,자전거,남,11세,경상
2022061100100557,2022년 6월 11일 22시,토요일,울산광역시 북구 진장동,경상사고,0,0,1,0,차량단독 - 공작물충돌,안전운전불이행,건조,맑음,단일로 - 지하차도(도로)내,승용,여,40세,경상,,,,
2022061200100034,2022년 6월 12일 02시,일요일,울산광역시 남구 달동,중상사고,0,1,0,0,차대사람 - 횡단중,신호위반,건조,맑음,교차로 - 교차로횡단보도내,이륜,남,16세,상해없음,보행자,여,45세,중상
2022061200100159,2022년 6월 12일 12시,일요일,울산광역시 중구 복산동,경상사고,0,0,2,0,차대차 - 정면충돌,안전운전불이행,건조,맑음,단일로 - 기타,승용,남,43세,상해없음,승용,여,48세,경상
2022061200100160,2022년 6월 12일 12시,일요일,울산광역시 남구 야음동,경상사고,0,0,1,0,차대차 - 측면충돌,직진우회전진행방해,건조,맑음,교차로 - 교차로안,승용,여,62세,상해없음,승용,여,52세,경상
2022061200100183,2022년 6월 12일 13시,일요일,울산광역시 남구 삼산동,경상사고,0,0,1,0,차대사람 - 기타,안전운전불이행,건조,맑음,주차장 - 주차장,승용,남,46세,상해없음,보행자,여,6세,경상
2022061200100207,2022년 6월 12일 14시,일요일,울산광역시 남구 무거동,중상사고,0,1,1,0,차대차 - 측면충돌,안전거리미확보,건조,맑음,교차로 - 교차로부근,화물,남,59세,상해없음,승용,여,52세,경상
2022061200100285,2022년 6월 12일 17시,일요일,울산광역시 남구 신정동,경상사고,0,0,2,0,차대차 - 추돌,안전운전불이행,건조,맑음,교차로 - 교차로안,승용,남,28세,기타불명,승용,남,30세,경상
2022061200100286,2022년 6월 12일 17시,일요일,울산광역시 울주군 청량읍,경상사고,0,0,3,0,차대차 - 후진중충돌,안전운전불이행,건조,맑음,단일로 - 기타,승용,남,63세,상해없음,승용,남,27세,경상
2022061200100363,2022년 6월 12일 20시,일요일,울산광역시 남구 신정동,경상사고,0,0,3,0,차대차 - 추돌,안전거리미확보,건조,맑음,단일로 - 기타,승용,여,50세,상해없음,승용,남,36세,경상
2022061200100384,2022년 6월 12일 21시,일요일,울산광역시 남구 신정동,경상사고,0,0,2,0,차대차 - 측면충돌,안전거리미확보,건조,맑음,교차로 - 교차로부근,승용,남,19세,상해없음,승용,남,51세,경상
2022061200100385,2022년 6월 12일 21시,일요일,울산광역시 남구 삼산동,경상사고,0,0,1,0,차대차 - 추돌,안전운전불이행,건조,맑음,단일로 - 기타,승용,남,60세,상해없음,승용,여,53세,경상
2022061200100402,2022년 6월 12일 22시,일요일,울산광역시 울주군 청량읍,경상사고,0,0,2,0,차대사람 - 횡단중,신호위반,건조,맑음,교차로 - 교차로횡단보도내,승용,남,50세,상해없음,보행자,남,16세,경상
2022061200100413,2022년 6월 12일 23시,일요일,울산광역시 남구 삼산동,경상사고,0,0,1,0,차대사람 - 횡단중,보행자보호의무위반,건조,맑음,교차로 - 교차로안,승용,남,22세,상해없음,보행자,남,14세,경상
2022061300100062,2022년 6월 13일 07시,월요일,울산광역시 울주군 온산읍,부상신고사고,0,0,0,1,차대차 - 측면충돌,안전운전불이행,건조,맑음,단일로 - 기타,승용,여,52세,상해없음,이륜,남,35세,부상신고
2022061300100190,2022년 6월 13일 11시,월요일,울산광역시 중구 남외동,경상사고,0,0,1,0,차대차 - 측면충돌,신호위반,건조,맑음,교차로 - 교차로안,승용,남,70세,상해없음,승합,남,52세,경상
2022061300100216,2022년 6월 13일 12시,월요일,울산광역시 남구 매암동,중상사고,0,1,0,0,차대차 - 측면충돌,신호위반,건조,맑음,교차로 - 교차로안,승합,남,48세,상해없음,승용,여,26세,중상
2022061300100360,2022년 6월 13일 16시,월요일,울산광역시 동구 서부동,경상사고,0,0,1,0,차대차 - 기타,안전운전불이행,건조,맑음,단일로 - 기타,승용,남,55세,상해없음,이륜,남,27세,경상
2022061300100446,2022년 6월 13일 18시,월요일,울산광역시 중구 다운동,중상사고,0,1,3,0,차대사람 - 횡단중,신호위반,건조,맑음,교차로 - 교차로횡단보도내,승용,여,65세,상해없음,보행자,여,69세,경상
2022061300100447,2022년 6월 13일 18시,월요일,울산광역시 북구 화봉동,경상사고,0,0,1,0,차대차 - 측면충돌,안전거리미확보,건조,흐림,교차로 - 교차로부근,승용,여,52세,상해없음,승용,여,43세,경상
2022061300100500,2022년 6월 13일 20시,월요일,울산광역시 동구 전하동,경상사고,0,0,1,0,차대차 - 기타,안전운전불이행,건조,맑음,교차로 - 교차로안,승용,여,53세,상해없음,이륜,남,42세,경상
2022061300100501,2022년 6월 13일 20시,월요일,울산광역시 울주군 언양읍,중상사고,0,1,0,0,차대차 - 측면충돌,안전운전불이행,건조,맑음,단일로 - 기타,승용,남,52세,상해없음,이륜,남,45세,중상
2022061300100550,2022년 6월 13일 23시,월요일,울산광역시 동구 일산동,중상사고,0,1,0,0,차대사람 - 보도통행중,안전운전불이행,건조,맑음,교차로 - 교차로안,승용,남,63세,상해없음,보행자,남,39세,중상
2022061400100009,2022년 6월 14일 00시,화요일,울산광역시 남구 달동,경상사고,0,0,2,0,차대차 - 추돌,안전운전불이행,젖음/습기,흐림,교차로 - 교차로부근,승용,남,42세,상해없음,승용,남,51세,경상
2022061400100033,2022년 6월 14일 04시,화요일,울산광역시 남구 달동,중상사고,0,1,0,0,차대차 - 기타,안전운전불이행,건조,맑음,교차로 - 교차로안,승용,남,30세,상해없음,승용,남,36세,중상
2022061400100051,2022년 6월 14일 06시,화요일,울산광역시 북구 송정동,경상사고,0,0,1,0,차대차 - 추돌,안전거리미확보,건조,맑음,단일로 - 기타,승용,남,61세,상해없음,승용,여,46세,경상
2022061400100073,2022년 6월 14일 07시,화요일,울산광역시 동구 방어동,경상사고,0,0,1,0,차대차 - 추돌,신호위반,젖음/습기,비,교차로 - 교차로부근,승용,남,70세,상해없음,이륜,남,37세,경상
2022061400100130,2022년 6월 14일 08시,화요일,울산광역시 울주군 삼남읍,경상사고,0,0,1,0,차대차 - 추돌,안전거리미확보,건조,흐림,단일로 - 기타,승용,남,65세,상해없음,승용,남,69세,경상
2022061400100291,2022년 6월 14일 13시,화요일,울산광역시 남구 신정동,중상사고,0,1,0,0,차대사람 - 보도통행중,안전운전불이행,건조,맑음,단일로 - 지하차도(도로)내,승용,남,48세,상해없음,보행자,남,65세,중상
2022061400100292,2022년 6월 14일 13시,화요일,울산광역시 동구 전하동,중상사고,0,1,0,0,차대사람 - 차도통행중,안전운전불이행,젖음/습기,비,교차로 - 교차로부근,승용,남,67세,상해없음,보행자,남,61세,중상
2022061400100402,2022년 6월 14일 16시,화요일,울산광역시 동구 서부동,중상사고,0,1,1,0,차대차 - 기타,신호위반,젖음/습기,비,교차로 - 교차로안,승합,남,54세,상해없음,이륜,남,22세,중상
2022061400100441,2022년 6월 14일 17시,화요일,울산광역시 남구 신정동,경상사고,0,0,1,0,차대사람 - 길가장자리구역통행중,안전운전불이행,젖음/습기,비,교차로 - 교차로부근,화물,남,55세,상해없음,보행자,남,17세,경상
2022061400100510,2022년 6월 14일 19시,화요일,울산광역시 동구 방어동,경상사고,0,0,1,0,차대차 - 측면충돌,직진우회전진행방해,젖음/습기,비,교차로 - 교차로안,이륜,남,57세,경상,승용,남,28세,상해없음
2022061400100511,2022년 6월 14일 19시,화요일,울산광역시 동구 방어동,경상사고,0,0,3,0,차대차 - 측면충돌,안전운전불이행,젖음/습기,비,단일로 - 기타,승합,여,59세,경상,승합,남,53세,경상
2022061400100512,2022년 6월 14일 19시,화요일,울산광역시 울주군 웅촌면,중상사고,0,1,0,0,차대사람 - 보도통행중,안전운전불이행,젖음/습기,비,단일로 - 기타,화물,남,28세,상해없음,보행자,여,75세,중상
2022061400100563,2022년 6월 14일 21시,화요일,울산광역시 중구 남외동,사망사고,1,0,0,0,차대차 - 측면충돌,안전운전불이행,젖음/습기,비,교차로 - 교차로안,승용,남,55세,상해없음,이륜,남,20세,사망
2022061400100585,2022년 6월 14일 22시,화요일,울산광역시 동구 방어동,중상사고,0,1,0,0,차대사람 - 기타,교차로운행방법위반,젖음/습기,맑음,교차로 - 교차로안,승용,남,59세,상해없음,보행자,여,71세,중상
2022061500100008,2022년 6월 15일 00시,수요일,울산광역시 남구 달동,부상신고사고,0,0,0,1,차대사람 - 횡단중,안전운전불이행,젖음/습기,비,교차로 - 교차로부근,승용,남,69세,상해없음,보행자,남,27세,부상신고
2022061500100042,2022년 6월 15일 05시,수요일,울산광역시 북구 명촌동,경상사고,0,0,1,0,차대차 - 기타,교차로운행방법위반,건조,맑음,교차로 - 교차로안,승용,남,59세,기타불명,승용,남,59세,경상
2022061500100050,2022년 6월 15일 06시,수요일,울산광역시 북구 진장동,중상사고,0,1,0,0,차량단독 - 전도전복 - 전도,안전운전불이행,젖음/습기,흐림,교차로 - 교차로부근,원동기,남,58세,중상,,,,
2022061500100072,2022년 6월 15일 07시,수요일,울산광역시 동구 전하동,중상사고,0,1,1,0,차대차 - 기타,안전거리미확보,젖음/습기,맑음,단일로 - 기타,이륜,남,29세,경상,이륜,남,57세,중상
2022061500100073,2022년 6월 15일 07시,수요일,울산광역시 동구 전하동,경상사고,0,0,1,0,차대차 - 기타,직진우회전진행방해,젖음/습기,흐림,교차로 - 교차로안,승용,남,56세,기타불명,자전거,남,25세,경상
2022061500100116,2022년 6월 15일 08시,수요일,울산광역시 남구 삼산동,중상사고,0,1,0,0,차대차 - 측면충돌,안전거리미확보,건조,흐림,단일로 - 교량,화물,남,56세,상해없음,이륜,남,59세,중상
2022061500100146,2022년 6월 15일 09시,수요일,울산광역시 울주군 웅촌면,부상신고사고,0,0,0,1,차대차 - 추돌,안전거리미확보,젖음/습기,흐림,단일로 - 기타,승용,남,64세,상해없음,승용,여,60세,부상신고
2022061500100169,2022년 6월 15일 10시,수요일,울산광역시 북구 염포동,경상사고,0,0,1,0,차대차 - 측면충돌,안전운전불이행,건조,맑음,단일로 - 기타,특수,남,57세,상해없음,승용,여,38세,경상
2022061500100203,2022년 6월 15일 11시,수요일,울산광역시 중구 우정동,경상사고,0,0,1,0,차대차 - 추돌,안전운전불이행,건조,맑음,교차로 - 교차로부근,승용,여,60세,상해없음,승용,남,33세,경상
2022061500100204,2022년 6월 15일 11시,수요일,울산광역시 남구 여천동,경상사고,0,0,1,0,차대차 - 측면충돌,안전운전불이행,건조,맑음,단일로 - 기타,화물,남,30세,상해없음,이륜,남,47세,경상
2022061500100232,2022년 6월 15일 12시,수요일,울산광역시 남구 신정동,경상사고,0,0,1,0,차대차 - 정면충돌,신호위반,건조,맑음,교차로 - 교차로부근,승용,남,37세,상해없음,특수,남,71세,경상
2022061500100233,2022년 6월 15일 12시,수요일,울산광역시 남구 신정동,경상사고,0,0,1,0,차대차 - 측면충돌,안전거리미확보,건조,흐림,단일로 - 기타,이륜,남,30세,경상,승용,남,25세,상해없음
2022061500100262,2022년 6월 15일 13시,수요일,울산광역시 중구 성안동,경상사고,0,0,1,0,차대차 - 기타,신호위반,건조,맑음,교차로 - 교차로안,승용,남,71세,상해없음,승용,남,48세,경상
2022061500100263,2022년 6월 15일 13시,수요일,울산광역시 남구 달동,경상사고,0,0,1,0,차대사람 - 횡단중,안전운전불이행,건조,맑음,교차로 - 교차로안,승용,남,64세,상해없음,보행자,남,74세,경상
2022061500100264,2022년 6월 15일 13시,수요일,울산광역시 북구 중산동,부상신고사고,0,0,0,1,차대차 - 측면충돌,직진우회전진행방해,건조,맑음,교차로 - 교차로안,자전거,여,67세,부상신고,화물,남,39세,상해없음
2022061500100323,2022년 6월 15일 15시,수요일,울산광역시 북구 진장동,경상사고,0,0,1,0,차대사람 - 횡단중,안전운전불이행,건조,맑음,단일로 - 기타,승용,여,33세,상해없음,보행자,남,51세,경상
2022061500100376,2022년 6월 15일 16시,수요일,울산광역시 북구 호계동,경상사고,0,0,1,0,차대차 - 측면충돌,신호위반,건조,맑음,교차로 - 교차로안,승용,여,58세,상해없음,특수,남,30세,경상
2022061500100460,2022년 6월 15일 18시,수요일,울산광역시 중구 태화동,경상사고,0,0,1,0,차대차 - 측면충돌,안전운전불이행,건조,맑음,교차로 - 교차로안,승용,남,19세,기타불명,승용,여,30세,경상
2022061500100461,2022년 6월 15일 18시,수요일,울산광역시 울주군 삼남읍,경상사고,0,0,1,0,차대차 - 측면충돌,안전운전불이행,건조,맑음,단일로 - 지하차도(도로)내,이륜,남,75세,경상,승용,여,61세,상해없음
2022061500100462,2022년 6월 15일 18시,수요일,울산광역시 울주군 온양읍,경상사고,0,0,1,0,차대차 - 정면충돌,안전운전불이행,건조,맑음,교차로 - 교차로부근,자전거,남,13세,경상,승용,남,73세,상해없음
2022061500100463,2022년 6월 15일 18시,수요일,울산광역시 중구 남외동,경상사고,0,0,1,0,차대차 - 측면충돌,안전운전불이행,건조,맑음,단일로 - 기타,승용,남,66세,경상,화물,남,47세,상해없음
2022061500100552,2022년 6월 15일 21시,수요일,울산광역시 남구 달동,경상사고,0,0,1,0,차대차 - 측면충돌,안전운전불이행,건조,맑음,단일로 - 기타,승용,남,37세,상해없음,승용,여,51세,경상
2022061600100077,2022년 6월 16일 07시,목요일,울산광역시 북구 매곡동,경상사고,0,0,2,0,차대차 - 측면충돌,직진우회전진행방해,건조,맑음,교차로 - 교차로안,승용,남,31세,상해없음,승용,남,60세,경상
2022061600100118,2022년 6월 16일 08시,목요일,울산광역시 울주군 온산읍,경상사고,0,0,1,0,차대차 - 정면충돌,차로위반,건조,맑음,단일로 - 지하차도(도로)내,승용,남,22세,상해없음,승용,남,33세,경상
2022061600100119,2022년 6월 16일 08시,목요일,울산광역시 북구 연암동,중상사고,0,1,0,0,차대차 - 측면충돌,안전운전불이행,건조,맑음,교차로 - 교차로안,승용,여,35세,상해없음,이륜,남,60세,중상
2022061600100204,2022년 6월 16일 11시,목요일,울산광역시 울주군 삼남읍,경상사고,0,0,1,1,차대차 - 측면충돌,교차로운행방법위반,건조,맑음,교차로 - 교차로안,특수,남,50세,상해없음,승용,여,33세,부상신고
2022061600100315,2022년 6월 16일 14시,목요일,울산광역시 북구 명촌동,경상사고,0,0,1,0,차대차 - 기타,안전거리미확보,건조,맑음,단일로 - 기타,화물,남,47세,상해없음,승용,남,29세,상해없음
2022061600100385,2022년 6월 16일 16시,목요일,울산광역시 울주군 온양읍,중상사고,0,1,2,0,차대차 - 측면충돌,교차로운행방법위반,건조,맑음,교차로 - 교차로안,승용,남,69세,경상,승용,남,40세,중상
2022061600100438,2022년 6월 16일 17시,목요일,울산광역시 남구 신정동,중상사고,0,1,0,0,차대차 - 추돌,안전운전불이행,건조,맑음,단일로 - 기타,이륜,남,18세,중상,승용,여,39세,상해없음
2022061600100493,2022년 6월 16일 18시,목요일,울산광역시 중구 다운동,경상사고,0,0,1,0,차대차 - 추돌,안전운전불이행,건조,맑음,단일로 - 기타,승용,여,56세,상해없음,승용,남,46세,경상
2022061600100494,2022년 6월 16일 18시,목요일,울산광역시 동구 화정동,경상사고,0,0,1,0,차대사람 - 길가장자리구역통행중,안전운전불이행,건조,맑음,단일로 - 기타,이륜,남,74세,상해없음,보행자,여,79세,경상
2022061700100010,2022년 6월 17일 00시,금요일,울산광역시 동구 서부동,경상사고,0,0,4,0,차대차 - 추돌,안전운전불이행,건조,맑음,교차로 - 교차로부근,승용,남,62세,경상,승용,남,26세,경상
2022061700100024,2022년 6월 17일 02시,금요일,울산광역시 울주군 서생면,중상사고,0,1,0,0,차대사람 - 기타,안전운전불이행,건조,맑음,단일로 - 기타,승용,남,48세,상해없음,보행자,남,55세,중상
2022061700100050,2022년 6월 17일 06시,금요일,울산광역시 북구 명촌동,경상사고,0,0,1,0,차대차 - 측면충돌,안전운전불이행,건조,맑음,교차로 - 교차로안,승용,여,80세,상해없음,자전거,남,73세,경상
2022061700100117,2022년 6월 17일 08시,금요일,울산광역시 남구 부곡동,경상사고,0,0,1,0,차대차 - 측면충돌,기타,건조,맑음,교차로 - 교차로부근,승용,여,27세,상해없음,건설기계,남,52세,경상
2022061700100142,2022년 6월 17일 09시,금요일,울산광역시 북구 신천동,경상사고,0,0,1,0,차대사람 - 기타,기타,건조,맑음,단일로 - 기타,승합,남,66세,상해없음,보행자,여,31세,경상
2022061700100213,2022년 6월 17일 11시,금요일,울산광역시 남구 신정동,중상사고,0,1,0,0,차대차 - 추돌,안전운전불이행,건조,맑음,교차로 - 교차로안,승용,남,71세,상해없음,승용,여,64세,중상
2022061700100240,2022년 6월 17일 12시,금요일,울산광역시 동구 일산동,경상사고,0,0,1,0,차대사람 - 길가장자리구역통행중,안전운전불이행,건조,맑음,단일로 - 기타,승용,여,61세,상해없음,보행자,여,54세,경상
2022061700100280,2022년 6월 17일 13시,금요일,울산광역시 남구 선암동,중상사고,0,1,0,0,차대차 - 기타,차로위반,건조,맑음,단일로 - 기타,화물,남,74세,상해없음,승용,남,34세,중상
2022061700100281,2022년 6월 17일 13시,금요일,울산광역시 남구 삼산동,경상사고,0,0,1,0,차대차 - 측면충돌,안전거리미확보,건조,맑음,기타 - 기타,승용,여,48세,상해없음,승용,남,36세,경상
2022061700100315,2022년 6월 17일 14시,금요일,울산광역시 중구 태화동,경상사고,0,0,1,1,차대차 - 정면충돌,신호위반,건조,맑음,교차로 - 교차로안,승용,여,65세,부상신고,승용,남,62세,상해없음
2022061700100316,2022년 6월 17일 14시,금요일,울산광역시 중구 다운동,경상사고,0,0,2,0,차대차 - 측면충돌,직진우회전진행방해,건조,맑음,교차로 - 교차로부근,승용,남,61세,경상,화물,여,46세,경상
2022061700100317,2022년 6월 17일 14시,금요일,울산광역시 남구 신정동,경상사고,0,0,1,0,차대차 - 측면충돌,신호위반,건조,맑음,교차로 - 교차로안,화물,남,61세,상해없음,화물,남,45세,경상