사고번호,사고일시,요일,시군구,사고내용,사망자수,중상자수,경상자수,부상신고자수,사고유형,법규위반,노면상태,기상상태,도로형태,가해운전자 차종,가해운전자 성별,가해운전자 연령,가해운전자 상해정도,피해운전자 차종,피해운전자 성별,피해운전자 연령,피해운전자 상해정도
2022061700100318,2022년 6월 17일 14시,금요일,울산광역시 남구 신정동,경상사고,0,0,1,1,차대차 - 추돌,안전운전불이행,건조,맑음,교차로 - 교차로부근,승용,여,57세,상해없음,승용,남,52세,부상신고
2022061700100319,2022년 6월 17일 14시,금요일,울산광역시 동구 방어동,경상사고,0,0,1,0,차량단독 - 기타,기타,건조,맑음,단일로 - 기타,승합,남,53세,상해없음,,,,
2022061700100382,2022년 6월 17일 16시,금요일,울산광역시 북구 명촌동,경상사고,0,0,6,0,차대차 - 추돌,안전운전불이행,건조,맑음,단일로 - 기타,화물,남,59세,상해없음,승용,남,49세,경상
2022061700100437,2022년 6월 17일 17시,금요일,울산광역시 남구 성암동,경상사고,0,0,1,0,차대차 - 기타,안전운전불이행,건조,맑음,단일로 - 기타,이륜,남,38세,경상,이륜,남,51세,상해없음
2022061700100487,2022년 6월 17일 18시,금요일,울산광역시 남구 무거동,경상사고,0,0,1,0,차대차 - 측면충돌,안전거리미확보,건조,맑음,단일로 - 기타,이륜,남,27세,경상,승용,여,63세,상해없음
2022061700100488,2022년 6월 17일 18시,금요일,울산광역시 동구 방어동,중상사고,0,1,0,0,차대차 - 추돌,기타,건조,맑음,단일로 - 기타,승용,남,42세,상해없음,화물,남,39세,중상
2022061700100615,2022년 6월 17일 22시,금요일,울산광역시 남구 달동,중상사고,0,1,0,0,차대차 - 측면충돌,직진우회전진행방해,건조,맑음,교차로 - 교차로안,승용,남,26세,상해없음,이륜,남,50세,중상
2022061700100631,2022년 6월 17일 23시,금요일,울산광역시 북구 신천동,경상사고,0,0,2,0,차대차 - 측면충돌,신호위반,건조,맑음,교차로 - 교차로부근,승용,남,42세,경상,화물,여,64세,경상
2022061800100090,2022년 6월 18일 07시,토요일,울산광역시 남구 삼산동,중상사고,0,1,0,1,차대차 - 측면충돌,안전거리미확보,건조,맑음,단일로 - 기타,자전거,남,57세,부상신고,자전거,남,37세,중상
2022061800100139,2022년 6월 18일 09시,토요일,울산광역시 울주군 웅촌면,경상사고,0,0,1,0,차대차 - 추돌,안전운전불이행,건조,맑음,단일로 - 기타,화물,남,54세,상해없음,승합,남,43세,상해없음
2022061800100179,2022년 6월 18일 10시,토요일,울산광역시 북구 호계동,경상사고,0,0,1,0,차대차 - 기타,안전운전불이행,건조,맑음,교차로 - 교차로안,승용,남,22세,상해없음,자전거,남,14세,경상
2022061800100209,2022년 6월 18일 11시,토요일,울산광역시 북구 호계동,경상사고,0,0,1,0,차대차 - 측면충돌,신호위반,건조,맑음,교차로 - 교차로안,승용,남,65세,상해없음,승용,여,25세,경상
2022061800100239,2022년 6월 18일 12시,토요일,울산광역시 북구 송정동,경상사고,0,0,4,0,차대차 - 측면충돌,신호위반,건조,맑음,교차로 - 교차로안,이륜,남,47세,상해없음,승용,여,31세,경상
2022061800100321,2022년 6월 18일 14시,토요일,울산광역시 남구 달동,경상사고,0,0,2,0,차대차 - 후진중충돌,안전운전불이행,건조,맑음,교차로 - 교차로안,화물,남,54세,상해없음,승용,여,42세,경상
2022061800100356,2022년 6월 18일 15시,토요일,울산광역시 북구 연암동,경상사고,0,0,1,0,차대차 - 측면충돌,안전운전불이행,건조,맑음,교차로 - 교차로횡단보도내,승용,남,33세,상해없음,자전거,남,61세,경상
2022061800100395,2022년 6월 18일 16시,토요일,울산광역시 동구 서부동,부상신고사고,0,0,0,1,차대차 - 측면충돌,안전운전불이행,건조,맑음,단일로 - 기타,이륜,남,48세,상해없음,이륜,남,30세,부상신고
2022061800100462,2022년 6월 18일 18시,토요일,울산광역시 중구 유곡동,경상사고,0,0,1,0,차대차 - 기타,안전운전불이행,건조,맑음,교차로 - 교차로부근,승용,남,50세,상해없음,승용,남,53세,경상
2022061800100579,2022년 6월 18일 22시,토요일,울산광역시 동구 일산동,경상사고,0,0,1,0,차대차 - 측면충돌,직진우회전진행방해,건조,맑음,교차로 - 교차로안,승용,남,65세,상해없음,승용,남,60세,경상
2022061900100126,2022년 6월 19일 10시,일요일,울산광역시 중구 서동,중상사고,0,1,0,0,차대사람 - 횡단중,안전운전불이행,건조,맑음,단일로 - 기타,승용,남,73세,상해없음,보행자,여,71세,중상
2022061900100143,2022년 6월 19일 11시,일요일,울산광역시 남구 야음동,경상사고,0,0,1,0,차대사람 - 횡단중,안전운전불이행,건조,맑음,교차로 - 교차로횡단보도내,승용,남,55세,상해없음,보행자,여,63세,경상
2022061900100144,2022년 6월 19일 11시,일요일,울산광역시 동구 화정동,중상사고,0,1,0,0,차대차 - 기타,직진우회전진행방해,건조,맑음,교차로 - 교차로안,승용,남,42세,상해없음,이륜,남,39세,중상
2022061900100145,2022년 6월 19일 11시,일요일,울산광역시 북구 연암동,부상신고사고,0,0,0,1,차대차 - 측면충돌,안전운전불이행,건조,맑음,교차로 - 교차로부근,자전거,남,57세,부상신고,승합,남,61세,상해없음
2022061900100187,2022년 6월 19일 13시,일요일,울산광역시 중구 다운동,경상사고,0,0,2,0,차대차 - 추돌,안전운전불이행,건조,맑음,교차로 - 교차로부근,화물,남,66세,상해없음,승용,남,50세,경상
2022061900100218,2022년 6월 19일 14시,일요일,울산광역시 남구 삼산동,부상신고사고,0,0,0,1,차대차 - 측면충돌,안전거리미확보,건조,맑음,단일로 - 기타,승용,여,62세,상해없음,화물,남,67세,부상신고
2022061900100275,2022년 6월 19일 16시,일요일,울산광역시 중구 남외동,경상사고,0,0,1,0,차대차 - 측면충돌,직진우회전진행방해,건조,맑음,교차로 - 교차로안,승용,남,36세,상해없음,이륜,남,28세,경상
2022061900100341,2022년 6월 19일 19시,일요일,울산광역시 중구 교동,경상사고,0,0,5,0,차대차 - 측면충돌,안전거리미확보,건조,맑음,단일로 - 기타,승용,여,32세,경상,승용,남,35세,경상
2022061900100342,2022년 6월 19일 19시,일요일,울산광역시 남구 상개동,중상사고,0,1,0,0,차대사람 - 횡단중,안전운전불이행,건조,맑음,단일로 - 기타,승용,남,38세,상해없음,보행자,여,69세,중상
2022061900100401,2022년 6월 19일 22시,일요일,울산광역시 북구 신천동,경상사고,0,0,2,0,차대차 - 측면충돌,안전거리미확보,건조,맑음,교차로 - 교차로안,승용,여,46세,상해없음,승용,남,30세,경상
2022061900100402,2022년 6월 19일 22시,일요일,울산광역시 북구 매곡동,경상사고,0,0,2,0,차대차 - 추돌,안전운전불이행,건조,맑음,교차로 - 교차로부근,승용,남,29세,상해없음,승용,남,49세,경상
2022062000100085,2022년 6월 20일 07시,월요일,울산광역시 중구 태화동,중상사고,0,3,1,0,차대차 - 추돌,안전거리미확보,건조,맑음,단일로 - 기타,화물,남,61세,상해없음,승용,여,56세,중상
2022062000100086,2022년 6월 20일 07시,월요일,울산광역시 남구 신정동,경상사고,0,0,1,0,차대차 - 추돌,안전운전불이행,건조,맑음,단일로 - 기타,승용,여,32세,상해없음,이륜,남,41세,경상
2022062000100129,2022년 6월 20일 08시,월요일,울산광역시 동구 서부동,경상사고,0,0,1,0,차대차 - 기타,신호위반,건조,맑음,교차로 - 교차로안,승용,남,65세,상해없음,자전거,남,45세,경상
2022062000100238,2022년 6월 20일 11시,월요일,울산광역시 남구 여천동,경상사고,0,0,3,0,차대차 - 측면충돌,안전거리미확보,건조,맑음,단일로 - 기타,화물,남,46세,상해없음,승용,남,57세,경상
2022062000100317,2022년 6월 20일 13시,월요일,울산광역시 동구 일산동,중상사고,0,1,0,0,차대차 - 측면충돌,직진우회전진행방해,건조,맑음,교차로 - 교차로안,이륜,남,66세,중상,화물,여,54세,상해없음
2022062000100318,2022년 6월 20일 13시,월요일,울산광역시 북구 화봉동,경상사고,0,0,2,0,차대차 - 추돌,안전운전불이행,건조,맑음,교차로 - 교차로부근,승용,남,33세,상해없음,승용,남,68세,경상
2022062000100507,2022년 6월 20일 18시,월요일,울산광역시 동구 방어동,중상사고,0,1,1,0,차대차 - 측면충돌,안전거리미확보,건조,맑음,교차로 - 교차로안,이륜,남,27세,경상,이륜,남,62세,중상
2022062000100534,2022년 6월 20일 19시,월요일,울산광역시 남구 달동,경상사고,0,0,1,0,차대사람 - 횡단중,보행자보호의무위반,건조,맑음,교차로 - 교차로안,이륜,남,55세,상해없음,보행자,남,34세,경상
2022062000100560,2022년 6월 20일 20시,월요일,울산광역시 동구 화정동,경상사고,0,0,1,0,차대사람 - 차도통행중,안전운전불이행,건조,맑음,단일로 - 기타,개인형이동수단(PM),남,16세,기타불명,보행자,남,6세,경상
2022062100100268,2022년 6월 21일 13시,화요일,울산광역시 남구 삼산동,경상사고,0,0,1,0,차대차 - 측면충돌,안전운전불이행,건조,맑음,교차로 - 교차로부근,승용,여,42세,상해없음,승용,여,31세,경상
2022062100100384,2022년 6월 21일 16시,화요일,울산광역시 남구 삼산동,경상사고,0,0,1,0,차대차 - 정면충돌,안전운전불이행,건조,맑음,교차로 - 교차로안,승용,여,25세,상해없음,이륜,남,25세,경상
2022062100100385,2022년 6월 21일 16시,화요일,울산광역시 울주군 서생면,경상사고,0,0,1,0,차대차 - 추돌,직진우회전진행방해,건조,맑음,교차로 - 교차로안,승용,남,18세,상해없음,승용,여,51세,경상
2022062100100386,2022년 6월 21일 16시,화요일,울산광역시 북구 명촌동,경상사고,0,0,1,0,차대차 - 측면충돌,안전운전불이행,건조,맑음,교차로 - 교차로안,화물,남,55세,상해없음,자전거,남,43세,경상
2022062100100446,2022년 6월 21일 17시,화요일,울산광역시 중구 우정동,중상사고,0,1,0,0,차대사람 - 횡단중,안전운전불이행,건조,맑음,교차로 - 교차로안,승용,남,64세,상해없음,보행자,남,9세,중상
2022062100100447,2022년 6월 21일 17시,화요일,울산광역시 북구 신천동,중상사고,0,2,2,0,차대차 - 측면충돌,중앙선침범,건조,맑음,교차로 - 교차로부근,승용,남,32세,상해없음,승용,여,41세,중상
2022062100100541,2022년 6월 21일 20시,화요일,울산광역시 남구 신정동,중상사고,0,1,0,0,차대사람 - 횡단중,안전운전불이행,건조,맑음,교차로 - 교차로안,화물,남,59세,상해없음,보행자,남,45세,중상
2022062200100041,2022년 6월 22일 05시,수요일,울산광역시 동구 서부동,중상사고,0,1,0,0,차대차 - 정면충돌,신호위반,건조,맑음,교차로 - 교차로안,승용,남,62세,상해없음,자전거,남,58세,중상
2022062200100136,2022년 6월 22일 08시,수요일,울산광역시 중구 다운동,중상사고,0,1,0,0,차대사람 - 차도통행중,안전운전불이행,건조,맑음,단일로 - 기타,승용,남,58세,상해없음,보행자,여,86세,중상
2022062200100370,2022년 6월 22일 15시,수요일,울산광역시 남구 무거동,경상사고,0,0,1,0,차대차 - 측면충돌,신호위반,건조,맑음,단일로 - 기타,승용,남,70세,상해없음,승용,여,39세,경상
2022062200100408,2022년 6월 22일 16시,수요일,울산광역시 남구 달동,경상사고,0,0,1,0,차대차 - 측면충돌,신호위반,건조,맑음,교차로 - 교차로안,승용,남,69세,기타불명,승용,여,66세,경상
2022062200100458,2022년 6월 22일 17시,수요일,울산광역시 북구 연암동,경상사고,0,0,1,0,차대차 - 추돌,안전운전불이행,건조,맑음,단일로 - 기타,승용,여,75세,상해없음,승용,남,46세,경상
2022062200100459,2022년 6월 22일 17시,수요일,울산광역시 북구 명촌동,경상사고,0,0,1,0,차대사람 - 차도통행중,안전운전불이행,건조,맑음,단일로 - 기타,승용,여,58세,상해없음,보행자,여,10세,경상
2022062200100621,2022년 6월 22일 22시,수요일,울산광역시 울주군 범서읍,경상사고,0,0,2,1,차대차 - 측면충돌,신호위반,건조,맑음,교차로 - 교차로안,이륜,남,42세,부상신고,승용,여,52세,경상
2022062300100055,2022년 6월 23일 05시,목요일,울산광역시 중구 반구동,중상사고,0,1,0,0,차대차 - 정면충돌,신호위반,건조,맑음,교차로 - 교차로안,승용,남,32세,기타불명,승용,여,74세,중상
2022062300100056,2022년 6월 23일 05시,목요일,울산광역시 울주군 청량읍,경상사고,0,0,1,0,차대차 - 추돌,안전운전불이행,건조,맑음,단일로 - 지하차도(도로)내,승용,여,53세,상해없음,승용,남,67세,경상
2022062300100287,2022년 6월 23일 13시,목요일,울산광역시 중구 학산동,중상사고,0,2,0,1,차대차 - 측면충돌,직진우회전진행방해,건조,맑음,교차로 - 교차로안,승용,여,67세,부상신고,승용,여,53세,중상
2022062300100288,2022년 6월 23일 13시,목요일,울산광역시 남구 달동,부상신고사고,0,0,0,1,차대차 - 후진중충돌,안전운전불이행,건조,맑음,단일로 - 기타,승용,여,56세,상해없음,승용,남,38세,부상신고
2022062300100472,2022년 6월 23일 18시,목요일,울산광역시 남구 달동,경상사고,0,0,1,0,차대차 - 기타,안전운전불이행,건조,맑음,단일로 - 기타,이륜,남,41세,경상,승용,남,67세,상해없음
2022062300100473,2022년 6월 23일 18시,목요일,울산광역시 동구 전하동,경상사고,0,0,2,0,차대차 - 기타,신호위반,건조,맑음,교차로 - 교차로안,이륜,남,21세,경상,이륜,남,38세,경상
2022062300100474,2022년 6월 23일 18시,목요일,울산광역시 동구 방어동,중상사고,0,1,0,0,차대사람 - 횡단중,안전운전불이행,건조,맑음,교차로 - 교차로부근,승용,남,43세,상해없음,보행자,남,63세,중상
2022062400100056,2022년 6월 24일 03시,금요일,울산광역시 울주군 상북면,부상신고사고,0,0,0,2,차량단독 - 공작물충돌,기타,젖음/습기,비,기타 - 기타,승용,남,57세,상해없음,,,,
2022062400100099,2022년 6월 24일 07시,금요일,울산광역시 북구 진장동,경상사고,0,0,1,0,차대차 - 기타,교차로운행방법위반,건조,맑음,교차로 - 교차로안,화물,남,48세,상해없음,승용,여,48세,경상
2022062400100137,2022년 6월 24일 08시,금요일,울산광역시 남구 삼산동,경상사고,0,0,1,0,차대차 - 기타,안전운전불이행,젖음/습기,흐림,교차로 - 교차로안,승용,남,50세,상해없음,개인형이동수단(PM),남,18세,경상
2022062400100168,2022년 6월 24일 09시,금요일,울산광역시 동구 화정동,중상사고,0,1,0,0,차대차 - 기타,안전운전불이행,젖음/습기,비,교차로 - 교차로안,이륜,남,72세,중상,승용,여,39세,기타불명
2022062400100197,2022년 6월 24일 10시,금요일,울산광역시 중구 옥교동,경상사고,0,0,3,1,차대차 - 기타,안전운전불이행,젖음/습기,흐림,단일로 - 기타,승용,여,49세,부상신고,승용,남,31세,경상
2022062400100245,2022년 6월 24일 12시,금요일,울산광역시 중구 태화동,경상사고,0,0,1,0,차대사람 - 기타,안전운전불이행,건조,맑음,단일로 - 기타,승용,남,55세,상해없음,보행자,남,42세,경상
2022062400100246,2022년 6월 24일 12시,금요일,울산광역시 북구 연암동,부상신고사고,0,0,0,2,차대차 - 측면충돌,안전운전불이행,건조,맑음,단일로 - 기타,이륜,남,22세,부상신고,승용,여,53세,부상신고
2022062400100316,2022년 6월 24일 14시,금요일,울산광역시 남구 삼산동,경상사고,0,0,2,0,차대차 - 측면충돌,신호위반,건조,맑음,교차로 - 교차로안,이륜,남,31세,경상,승용,남,60세,경상
2022062400100317,2022년 6월 24일 14시,금요일,울산광역시 남구 삼산동,중상사고,0,1,0,0,차대차 - 추돌,안전운전불이행,건조,맑음,단일로 - 기타,승용,남,32세,상해없음,자전거,남,56세,중상
2022062400100394,2022년 6월 24일 16시,금요일,울산광역시 남구 야음동,경상사고,0,0,1,0,차대차 - 측면충돌,신호위반,건조,맑음,교차로 - 교차로안,이륜,남,27세,경상,승용,여,45세,상해없음
2022062400100457,2022년 6월 24일 17시,금요일,울산광역시 남구 용연동,중상사고,0,1,1,0,차대차 - 측면충돌,신호위반,건조,맑음,교차로 - 교차로안,화물,남,57세,상해없음,승용,남,32세,중상
2022062400100535,2022년 6월 24일 19시,금요일,울산광역시 남구 야음동,경상사고,0,0,1,0,차대차 - 정면충돌,안전운전불이행,건조,맑음,교차로 - 교차로부근,원동기,남,62세,상해없음,원동기,남,18세,경상
2022062500100014,2022년 6월 25일 00시,토요일,울산광역시 중구 반구동,중상사고,0,1,0,0,차대사람 - 횡단중,안전운전불이행,건조,맑음,교차로 - 교차로안,승용,남,66세,상해없음,보행자,남,49세,중상
2022062500100072,2022년 6월 25일 06시,토요일,울산광역시 북구 진장동,중상사고,0,1,2,0,차대차 - 측면충돌,신호위반,건조,맑음,교차로 - 교차로횡단보도내,승용,남,24세,경상,이륜,남,25세,중상
2022062500100139,2022년 6월 25일 09시,토요일,울산광역시 남구 무거동,중상사고,0,1,1,0,차대차 - 측면충돌,안전운전불이행,건조,맑음,교차로 - 교차로부근,승용,남,35세,상해없음,승용,남,58세,경상
2022062500100140,2022년 6월 25일 09시,토요일,울산광역시 동구 방어동,중상사고,0,1,0,0,차대차 - 추돌,중앙선침범,건조,맑음,단일로 - 기타,승용,남,61세,상해없음,이륜,남,26세,중상
2022062500100269,2022년 6월 25일 12시,토요일,울산광역시 중구 반구동,경상사고,0,0,1,0,차대차 - 추돌,안전운전불이행,건조,맑음,교차로 - 교차로부근,승용,남,25세,상해없음,승용,남,33세,경상
2022062500100270,2022년 6월 25일 12시,토요일,울산광역시 북구 천곡동,부상신고사고,0,0,0,1,차대차 - 측면충돌,안전운전불이행,건조,맑음,교차로 - 교차로부근,자전거,남,15세,부상신고,승용,여,29세,상해없음
2022062500100315,2022년 6월 25일 13시,토요일,울산광역시 중구 성안동,부상신고사고,0,0,0,1,차대사람 - 횡단중,안전운전불이행,건조,맑음,교차로 - 교차로안,승용,남,66세,상해없음,보행자,남,14세,부상신고
2022062500100316,2022년 6월 25일 13시,토요일,울산광역시 북구 호계동,경상사고,0,0,4,0,차대차 - 측면충돌,직진우회전진행방해,건조,맑음,교차로 - 교차로안,승용,남,55세,경상,승용,남,60세,경상
2022062500100579,2022년 6월 25일 20시,토요일,울산광역시 남구 삼산동,경상사고,0,0,1,0,차대차 - 측면충돌,안전운전불이행,건조,맑음,교차로 - 교차로부근,승합,남,51세,기타불명,승용,여,53세,경상
2022062500100606,2022년 6월 25일 21시,토요일,울산광역시 북구 매곡동,중상사고,0,1,0,0,차대차 - 기타,안전운전불이행,건조,맑음,교차로 - 교차로안,화물,남,26세,상해없음,개인형이동수단(PM),남,36세,중상
2022062500100656,2022년 6월 25일 23시,토요일,울산광역시 중구 복산동,경상사고,0,0,3,0,차대차 - 추돌,안전운전불이행,건조,맑음,교차로 - 교차로부근,승용,남,50세,상해없음,승용,남,41세,경상
2022062500100657,2022년 6월 25일 23시,토요일,울산광역시 동구 화정동,경상사고,0,0,2,0,차대사람 - 횡단중,기타,건조,맑음,단일로 - 기타,이륜,남,37세,경상,보행자,남,42세,경상
2022062600100017,2022년 6월 26일 00시,일요일,울산광역시 남구 신정동,경상사고,0,0,1,0,차대차 - 정면충돌,직진우회전진행방해,건조,맑음,교차로 - 교차로안,이륜,남,54세,경상,승용,여,60세,상해없음
2022062600100066,2022년 6월 26일 08시,일요일,울산광역시 남구 여천동,경상사고,0,0,1,0,차대차 - 측면충돌,신호위반,건조,맑음,교차로 - 교차로안,승용,남,62세,상해없음,승용,남,34세,경상
2022062600100110,2022년 6월 26일 10시,일요일,울산광역시 중구 학성동,중상사고,0,1,0,0,차대차 - 추돌,안전운전불이행,건조,맑음,단일로 - 기타,자전거,남,31세,상해없음,자전거,여,65세,중상
2022062600100173,2022년 6월 26일 13시,일요일,울산광역시 울주군 범서읍,경상사고,0,0,2,0,차대차 - 정면충돌,안전거리미확보,건조,맑음,단일로 - 지하차도(도로)내,승용,여,25세,경상,승용,여,56세,경상
2022062600100174,2022년 6월 26일 13시,일요일,울산광역시 울주군 온양읍,경상사고,0,0,2,0,차대차 - 추돌,안전거리미확보,건조,맑음,교차로 - 교차로부근,승용,남,61세,상해없음,승용,여,64세,경상
2022062600100175,2022년 6월 26일 13시,일요일,울산광역시 울주군 온양읍,부상신고사고,0,0,0,1,차대차 - 정면충돌,직진우회전진행방해,건조,맑음,교차로 - 교차로안,승용,여,30세,상해없음,자전거,남,9세,부상신고
2022062600100225,2022년 6월 26일 15시,일요일,울산광역시 중구 다운동,중상사고,0,1,0,0,차대사람 - 차도통행중,안전운전불이행,건조,맑음,단일로 - 기타,승용,남,24세,상해없음,보행자,여,59세,중상
2022062700100076,2022년 6월 27일 07시,월요일,울산광역시 북구 양정동,중상사고,0,1,0,0,차대차 - 기타,안전운전불이행,젖음/습기,비,단일로 - 기타,승용,여,56세,상해없음,이륜,남,56세,중상
2022062700100247,2022년 6월 27일 12시,월요일,울산광역시 남구 삼산동,부상신고사고,0,0,0,1,차대차 - 기타,안전운전불이행,젖음/습기,비,교차로 - 교차로부근,승용,남,75세,상해없음,이륜,남,30세,부상신고
2022062700100283,2022년 6월 27일 13시,월요일,울산광역시 울주군 언양읍,중상사고,0,1,2,0,차대차 - 측면충돌,신호위반,젖음/습기,비,교차로 - 교차로안,이륜,남,39세,중상,승용,여,54세,경상
2022062700100335,2022년 6월 27일 15시,월요일,울산광역시 남구 옥동,경상사고,0,0,1,0,차대차 - 측면충돌,안전거리미확보,젖음/습기,비,단일로 - 기타,특수,남,65세,상해없음,승용,남,53세,경상
2022062700100376,2022년 6월 27일 16시,월요일,울산광역시 남구 달동,경상사고,0,0,1,0,차대사람 - 횡단중,안전운전불이행,젖음/습기,비,교차로 - 교차로부근,이륜,남,46세,상해없음,보행자,여,23세,경상
2022062700100377,2022년 6월 27일 16시,월요일,울산광역시 울주군 범서읍,경상사고,0,0,1,0,차대차 - 추돌,안전거리미확보,젖음/습기,흐림,교차로 - 교차로부근,승용,여,52세,상해없음,승용,여,55세,경상
2022062700100413,2022년 6월 27일 17시,월요일,울산광역시 중구 옥교동,경상사고,0,0,2,0,차대차 - 측면충돌,교차로운행방법위반,젖음/습기,맑음,교차로 - 교차로안,화물,남,66세,경상,화물,남,47세,경상
2022062700100414,2022년 6월 27일 17시,월요일,울산광역시 북구 양정동,중상사고,0,1,0,0,차대차 - 추돌,안전운전불이행,젖음/습기,비,단일로 - 기타,승용,남,64세,상해없음,화물,남,21세,중상
2022062700100451,2022년 6월 27일 18시,월요일,울산광역시 남구 신정동,중상사고,0,1,0,0,차대사람 - 기타,안전운전불이행,건조,맑음,교차로 - 교차로횡단보도내,개인형이동수단(PM),남,16세,상해없음,보행자,여,41세,중상
2022062700100452,2022년 6월 27일 18시,월요일,울산광역시 북구 연암동,경상사고,0,0,1,0,차대차 - 기타,안전거리미확보,건조,맑음,단일로 - 기타,화물,남,53세,상해없음,화물,남,68세,상해없음
2022062700100478,2022년 6월 27일 19시,월요일,울산광역시 중구 성안동,중상사고,0,1,0,0,차대사람 - 횡단중,신호위반,건조,맑음,교차로 - 교차로안,승용,남,77세,상해없음,보행자,남,55세,중상
2022062700100479,2022년 6월 27일 19시,월요일,울산광역시 남구 달동,경상사고,0,0,1,0,차대사람 - 차도통행중,안전운전불이행,젖음/습기,비,교차로 - 교차로안,승용,남,30세,상해없음,보행자,남,47세,경상
2022062700100480,2022년 6월 27일 19시,월요일,울산광역시 남구 신정동,경상사고,0,0,1,0,차대사람 - 보도통행중,안전운전불이행,건조,맑음,단일로 - 기타,승용,남,30세,상해없음,보행자,남,77세,경상
2022062700100503,2022년 6월 27일 20시,월요일,울산광역시 동구 방어동,중상사고,0,2,0,0,차대차 - 측면충돌,신호위반,젖음/습기,맑음,교차로 - 교차로안,승용,여,41세,상해없음,승용,남,64세,중상
2022062700100524,2022년 6월 27일 21시,월요일,울산광역시 남구 무거동,경상사고,0,0,1,0,차대차 - 기타,신호위반,건조,맑음,교차로 - 교차로부근,승용,남,57세,상해없음,자전거,남,13세,경상
2022062700100540,2022년 6월 27일 22시,월요일,울산광역시 울주군 웅촌면,경상사고,0,0,1,0,차량단독 - 공작물충돌,안전운전불이행,젖음/습기,비,단일로 - 기타,화물,남,51세,경상,,,,
2022062800100050,2022년 6월 28일 06시,화요일,울산광역시 북구 상안동,경상사고,0,0,1,0,차량단독 - 전도전복 - 전도,안전운전불이행,건조,흐림,단일로 - 기타,이륜,남,61세,경상,,,,
2022062800100100,2022년 6월 28일 08시,화요일,울산광역시 중구 옥교동,경상사고,0,0,1,0,차대사람 - 기타,안전운전불이행,건조,흐림,단일로 - 기타,승용,남,43세,상해없음,보행자,남,53세,경상
2022062800100101,2022년 6월 28일 08시,화요일,울산광역시 동구 방어동,경상사고,0,0,1,0,차대차 - 기타,안전운전불이행,건조,맑음,교차로 - 교차로안,승용,여,35세,상해없음,승합,남,45세,상해없음
2022062800100132,2022년 6월 28일 09시,화요일,울산광역시 북구 명촌동,경상사고,0,0,2,0,차대차 - 기타,안전운전불이행,건조,맑음,단일로 - 고가도로위,특수,남,64세,상해없음,승용,여,29세,경상
2022062800100164,2022년 6월 28일 10시,화요일,울산광역시 남구 신정동,경상사고,0,0,1,0,차대차 - 측면충돌,교차로운행방법위반,건조,맑음,교차로 - 교차로안,승용,남,64세,상해없음,승용,남,34세,경상
2022062800100281,2022년 6월 28일 14시,화요일,울산광역시 울주군 삼남읍,경상사고,0,0,3,0,차대차 - 추돌,안전운전불이행,젖음/습기,흐림,교차로 - 교차로부근,화물,남,71세,상해없음,승용,남,62세,경상
2022062800100361,2022년 6월 28일 16시,화요일,울산광역시 북구 효문동,경상사고,0,0,1,0,차대사람 - 기타,안전운전불이행,건조,맑음,단일로 - 기타,승용,남,46세,상해없음,보행자,남,37세,경상
2022062800100392,2022년 6월 28일 17시,화요일,울산광역시 동구 전하동,경상사고,0,0,1,0,차대차 - 측면충돌,불법유턴,건조,맑음,단일로 - 지하차도(도로)내,승용,남,28세,상해없음,이륜,남,46세,경상
2022062800100436,2022년 6월 28일 18시,화요일,울산광역시 북구 시례동,부상신고사고,0,0,0,1,차량단독 - 공작물충돌,안전운전불이행,건조,맑음,단일로 - 기타,화물,남,68세,부상신고,,,,
2022062800100469,2022년 6월 28일 19시,화요일,울산광역시 동구 방어동,경상사고,0,0,1,0,차대차 - 측면충돌,안전운전불이행,젖음/습기,비,교차로 - 교차로안,이륜,남,21세,경상,화물,남,60세,상해없음
2022062800100505,2022년 6월 28일 20시,화요일,울산광역시 남구 삼산동,경상사고,0,0,1,0,차대사람 - 길가장자리구역통행중,안전운전불이행,건조,맑음,단일로 - 기타,승용,여,72세,상해없음,보행자,여,60세,경상
2022062800100506,2022년 6월 28일 20시,화요일,울산광역시 북구 화봉동,경상사고,0,0,1,0,차대사람 - 횡단중,보행자보호의무위반,건조,맑음,교차로 - 교차로횡단보도내,기타불명,기타불명,미분류,기타불명,보행자,남,27세,경상
2022062900100074,2022년 6월 29일 07시,수요일,울산광역시 울주군 상북면,중상사고,0,2,0,0,차대차 - 측면충돌,직진우회전진행방해,건조,맑음,교차로 - 교차로안,승용,여,55세,중상,화물,남,68세,중상
2022062900100111,2022년 6월 29일 08시,수요일,울산광역시 북구 진장동,경상사고,0,0,2,0,차대차 - 추돌,안전운전불이행,건조,맑음,단일로 - 기타,승용,여,29세,경상,화물,남,35세,경상
2022062900100266,2022년 6월 29일 13시,수요일,울산광역시 동구 동부동,중상사고,0,1,0,0,차대차 - 측면충돌,안전운전불이행,건조,맑음,교차로 - 교차로안,승용,남,43세,상해없음,이륜,여,50세,중상
2022062900100267,2022년 6월 29일 13시,수요일,울산광역시 북구 양정동,경상사고,0,0,1,0,차대차 - 추돌,안전운전불이행,건조,맑음,단일로 - 기타,승용,남,68세,경상,화물,남,57세,상해없음