사고번호,사고일시,요일,시군구,사고내용,사망자수,중상자수,경상자수,부상신고자수,사고유형,법규위반,노면상태,기상상태,도로형태,가해운전자 차종,가해운전자 성별,가해운전자 연령,가해운전자 상해정도,피해운전자 차종,피해운전자 성별,피해운전자 연령,피해운전자 상해정도
2022062900100345,2022년 6월 29일 15시,수요일,울산광역시 중구 다운동,중상사고,0,1,0,0,차대사람 - 차도통행중,안전운전불이행,젖음/습기,비,교차로 - 교차로안,화물,남,68세,상해없음,보행자,남,75세,중상
2022062900100415,2022년 6월 29일 17시,수요일,울산광역시 남구 옥동,중상사고,0,1,0,0,차대차 - 측면충돌,교차로운행방법위반,건조,맑음,교차로 - 교차로안,승용,여,44세,상해없음,이륜,남,68세,중상
2022062900100460,2022년 6월 29일 18시,수요일,울산광역시 남구 두왕동,경상사고,0,0,1,0,차대차 - 측면충돌,안전거리미확보,건조,맑음,교차로 - 교차로안,승합,남,80세,상해없음,승합,남,62세,경상
2022062900100492,2022년 6월 29일 19시,수요일,울산광역시 울주군 범서읍,경상사고,0,0,1,0,차대차 - 측면충돌,안전운전불이행,건조,맑음,교차로 - 교차로안,승용,남,64세,상해없음,승용,여,57세,상해없음
2022062900100558,2022년 6월 29일 21시,수요일,울산광역시 동구 일산동,중상사고,0,1,0,0,차대차 - 추돌,안전운전불이행,건조,맑음,교차로 - 교차로부근,승용,남,44세,상해없음,승용,남,34세,기타불명
2022062900100577,2022년 6월 29일 22시,수요일,울산광역시 남구 달동,중상사고,0,1,0,0,차대차 - 추돌,안전운전불이행,건조,맑음,단일로 - 기타,승용,남,51세,상해없음,화물,남,53세,중상
2022063000100071,2022년 6월 30일 05시,목요일,울산광역시 남구 삼산동,경상사고,0,0,2,0,차대차 - 측면충돌,중앙선침범,건조,맑음,교차로 - 교차로부근,승용,남,32세,기타불명,승용,남,67세,경상
2022063000100137,2022년 6월 30일 08시,목요일,울산광역시 남구 신정동,중상사고,0,1,0,0,차대사람 - 기타,안전운전불이행,건조,맑음,단일로 - 기타,승용,여,58세,상해없음,보행자,남,64세,중상
2022063000100172,2022년 6월 30일 09시,목요일,울산광역시 남구 달동,경상사고,0,0,1,0,차대차 - 측면충돌,안전운전불이행,건조,맑음,단일로 - 지하차도(도로)내,승용,남,16세,상해없음,원동기,여,54세,경상
2022063000100173,2022년 6월 30일 09시,목요일,울산광역시 동구 방어동,경상사고,0,0,4,0,차대차 - 후진중충돌,안전운전불이행,건조,맑음,교차로 - 교차로부근,승용,여,71세,경상,승용,여,46세,경상
2022063000100327,2022년 6월 30일 15시,목요일,울산광역시 남구 삼산동,경상사고,0,0,1,0,차대차 - 측면충돌,신호위반,건조,맑음,단일로 - 기타,승용,여,40세,기타불명,건설기계,남,51세,경상
2022063000100328,2022년 6월 30일 15시,목요일,울산광역시 울주군 범서읍,중상사고,0,1,1,0,차대차 - 측면충돌,중앙선침범,건조,맑음,단일로 - 기타,자전거,남,79세,중상,승용,여,49세,경상
2022063000100366,2022년 6월 30일 16시,목요일,울산광역시 울주군 온산읍,중상사고,0,1,0,0,차대차 - 측면충돌,안전운전불이행,건조,맑음,교차로 - 교차로부근,승용,여,41세,상해없음,자전거,남,57세,중상
2022063000100459,2022년 6월 30일 18시,목요일,울산광역시 북구 상안동,경상사고,0,0,1,0,차대차 - 측면충돌,안전운전불이행,건조,맑음,교차로 - 교차로안,화물,남,50세,상해없음,이륜,여,28세,경상
2022063000100491,2022년 6월 30일 19시,목요일,울산광역시 남구 달동,부상신고사고,0,0,0,1,차대차 - 측면충돌,안전운전불이행,건조,맑음,교차로 - 교차로안,개인형이동수단(PM),여,25세,부상신고,이륜,남,29세,상해없음
2022063000100522,2022년 6월 30일 20시,목요일,울산광역시 남구 신정동,경상사고,0,0,1,0,차대차 - 측면충돌,안전운전불이행,건조,맑음,교차로 - 교차로안,승용,남,24세,상해없음,이륜,남,30세,경상
2022070100100014,2022년 7월 1일 00시,금요일,울산광역시 중구 반구동,중상사고,0,1,1,0,차대차 - 추돌,안전운전불이행,건조,맑음,단일로 - 기타,원동기,남,25세,중상,승용,여,51세,경상
2022070100100025,2022년 7월 1일 02시,금요일,울산광역시 남구 삼산동,경상사고,0,0,1,0,차대차 - 정면충돌,안전운전불이행,건조,맑음,교차로 - 교차로부근,승용,남,31세,기타불명,승용,남,25세,경상
2022070100100053,2022년 7월 1일 06시,금요일,울산광역시 남구 달동,중상사고,0,1,0,0,차대차 - 측면충돌,안전운전불이행,건조,맑음,단일로 - 기타,승용,여,57세,상해없음,자전거,남,58세,중상
2022070100100194,2022년 7월 1일 10시,금요일,울산광역시 북구 연암동,경상사고,0,0,3,0,차대차 - 측면충돌,안전운전불이행,건조,맑음,교차로 - 교차로안,화물,남,32세,상해없음,승용,여,41세,경상
2022070100100293,2022년 7월 1일 13시,금요일,울산광역시 울주군 언양읍,경상사고,0,0,1,0,차대차 - 측면충돌,직진우회전진행방해,건조,맑음,교차로 - 교차로안,승용,남,45세,상해없음,이륜,남,36세,경상
2022070100100321,2022년 7월 1일 14시,금요일,울산광역시 남구 야음동,경상사고,0,0,1,0,차대차 - 측면충돌,안전운전불이행,건조,맑음,교차로 - 교차로부근,승용,남,64세,상해없음,이륜,남,63세,경상
2022070100100551,2022년 7월 1일 18시,금요일,울산광역시 동구 서부동,경상사고,0,0,1,0,차대사람 - 횡단중,안전운전불이행,건조,맑음,기타 - 기타,자전거,남,59세,상해없음,보행자,여,8세,경상
2022070100100584,2022년 7월 1일 19시,금요일,울산광역시 남구 삼산동,중상사고,0,1,1,0,차대차 - 측면충돌,중앙선침범,건조,맑음,단일로 - 기타,승용,남,66세,상해없음,승용,남,45세,경상
2022070100100585,2022년 7월 1일 19시,금요일,울산광역시 남구 삼산동,중상사고,0,1,0,0,차대차 - 측면충돌,기타,건조,맑음,단일로 - 기타,승용,여,31세,상해없음,이륜,남,25세,중상
2022070100100656,2022년 7월 1일 21시,금요일,울산광역시 남구 삼산동,경상사고,0,0,2,0,차대차 - 측면충돌,신호위반,건조,맑음,교차로 - 교차로안,승용,여,47세,상해없음,승용,남,45세,경상
2022070100100683,2022년 7월 1일 22시,금요일,울산광역시 북구 양정동,경상사고,0,0,1,0,차대차 - 측면충돌,안전거리미확보,건조,맑음,교차로 - 교차로부근,화물,남,29세,상해없음,승용,남,29세,경상
2022070100100711,2022년 7월 1일 23시,금요일,울산광역시 북구 효문동,경상사고,0,0,2,0,차대차 - 추돌,안전운전불이행,건조,맑음,교차로 - 교차로부근,화물,남,46세,상해없음,승용,남,68세,경상
2022070200100027,2022년 7월 2일 01시,토요일,울산광역시 남구 무거동,경상사고,0,0,1,0,차량단독 - 공작물충돌,신호위반,건조,맑음,단일로 - 기타,승용,여,19세,상해없음,,,,
2022070200100062,2022년 7월 2일 04시,토요일,울산광역시 남구 달동,경상사고,0,0,3,0,차대차 - 측면충돌,안전운전불이행,건조,맑음,단일로 - 기타,개인형이동수단(PM),남,21세,경상,이륜,남,23세,경상
2022070200100082,2022년 7월 2일 06시,토요일,울산광역시 남구 달동,경상사고,0,0,1,0,차대차 - 측면충돌,안전운전불이행,건조,맑음,단일로 - 기타,승용,여,61세,상해없음,승용,남,35세,기타불명
2022070200100092,2022년 7월 2일 07시,토요일,울산광역시 울주군 범서읍,중상사고,0,1,1,0,차대차 - 정면충돌,중앙선침범,건조,맑음,단일로 - 지하차도(도로)내,승용,남,46세,경상,승용,남,45세,중상
2022070200100147,2022년 7월 2일 09시,토요일,울산광역시 남구 야음동,경상사고,0,0,1,0,차대차 - 측면충돌,안전거리미확보,건조,맑음,단일로 - 기타,화물,남,57세,상해없음,이륜,남,38세,경상
2022070200100148,2022년 7월 2일 09시,토요일,울산광역시 울주군 삼남읍,중상사고,0,1,0,0,차대사람 - 기타,안전운전불이행,건조,맑음,교차로 - 교차로부근,승합,남,57세,상해없음,보행자,여,74세,중상
2022070200100356,2022년 7월 2일 15시,토요일,울산광역시 북구 중산동,경상사고,0,0,1,0,차량단독 - 전도전복 - 전도,안전운전불이행,건조,맑음,단일로 - 기타,이륜,남,48세,경상,,,,
2022070200100439,2022년 7월 2일 17시,토요일,울산광역시 남구 무거동,경상사고,0,0,1,0,차대차 - 측면충돌,안전거리미확보,건조,맑음,교차로 - 교차로안,승용,남,19세,상해없음,승합,남,48세,경상
2022070200100595,2022년 7월 2일 23시,토요일,울산광역시 중구 태화동,경상사고,0,0,1,0,차대사람 - 횡단중,안전운전불이행,건조,맑음,교차로 - 교차로부근,승용,여,26세,상해없음,보행자,남,33세,경상
2022070300100023,2022년 7월 3일 01시,일요일,울산광역시 남구 신정동,경상사고,0,0,1,0,차대사람 - 횡단중,기타,건조,맑음,교차로 - 교차로부근,승용,남,57세,상해없음,보행자,남,15세,경상
2022070300100140,2022년 7월 3일 10시,일요일,울산광역시 중구 반구동,중상사고,0,1,0,0,차대차 - 측면충돌,신호위반,건조,맑음,교차로 - 교차로안,승합,남,67세,상해없음,개인형이동수단(PM),남,62세,중상
2022070300100141,2022년 7월 3일 10시,일요일,울산광역시 울주군 삼남읍,경상사고,0,0,1,0,차대사람 - 차도통행중,안전운전불이행,건조,맑음,교차로 - 교차로부근,승용,여,74세,상해없음,보행자,남,83세,경상
2022070300100142,2022년 7월 3일 10시,일요일,울산광역시 북구 연암동,중상사고,0,1,3,0,차대차 - 추돌,안전운전불이행,건조,맑음,교차로 - 교차로부근,승용,남,38세,경상,승용,남,65세,경상
2022070300100208,2022년 7월 3일 13시,일요일,울산광역시 북구 명촌동,경상사고,0,0,2,0,차대차 - 측면충돌,신호위반,건조,맑음,단일로 - 기타,승용,남,58세,상해없음,승용,남,26세,경상
2022070400100045,2022년 7월 4일 06시,월요일,울산광역시 북구 창평동,중상사고,0,1,0,0,차대차 - 측면충돌,안전운전불이행,건조,맑음,교차로 - 교차로부근,화물,남,22세,중상,건설기계,남,54세,상해없음
2022070400100066,2022년 7월 4일 07시,월요일,울산광역시 울주군 온산읍,중상사고,0,1,2,0,차대차 - 추돌,안전운전불이행,건조,맑음,단일로 - 기타,승용,남,30세,상해없음,승용,남,47세,중상
2022070400100114,2022년 7월 4일 08시,월요일,울산광역시 남구 옥동,중상사고,0,1,0,0,차대사람 - 횡단중,보행자보호의무위반,건조,맑음,교차로 - 교차로횡단보도내,승용,남,47세,상해없음,보행자,여,14세,중상
2022070400100249,2022년 7월 4일 12시,월요일,울산광역시 울주군 온양읍,경상사고,0,0,1,0,차대차 - 측면충돌,안전운전불이행,건조,맑음,교차로 - 교차로부근,승용,남,54세,상해없음,화물,남,57세,경상
2022070400100279,2022년 7월 4일 13시,월요일,울산광역시 남구 달동,경상사고,0,0,2,0,차대차 - 기타,안전운전불이행,건조,맑음,교차로 - 교차로부근,승용,여,49세,상해없음,승용,남,70세,경상
2022070400100316,2022년 7월 4일 14시,월요일,울산광역시 동구 동부동,경상사고,0,0,1,0,차대사람 - 횡단중,안전운전불이행,건조,맑음,단일로 - 기타,자전거,남,61세,상해없음,보행자,여,12세,경상
2022070400100317,2022년 7월 4일 14시,월요일,울산광역시 울주군 웅촌면,중상사고,0,1,1,1,차대차 - 측면충돌,안전운전불이행,건조,맑음,단일로 - 기타,화물,남,64세,상해없음,승합,남,57세,상해없음
2022070400100437,2022년 7월 4일 17시,월요일,울산광역시 중구 반구동,중상사고,0,1,0,0,차대차 - 측면충돌,안전운전불이행,건조,맑음,단일로 - 기타,승용,여,57세,상해없음,이륜,남,33세,중상
2022070400100481,2022년 7월 4일 18시,월요일,울산광역시 남구 야음동,경상사고,0,0,1,0,차대사람 - 횡단중,보행자보호의무위반,건조,맑음,기타 - 기타,승용,남,32세,상해없음,보행자,남,8세,경상
2022070400100588,2022년 7월 4일 23시,월요일,울산광역시 북구 호계동,경상사고,0,0,1,0,차대차 - 측면충돌,신호위반,건조,맑음,교차로 - 교차로안,승용,남,30세,상해없음,승용,남,72세,경상
2022070500100150,2022년 7월 5일 09시,화요일,울산광역시 울주군 상북면,중상사고,0,1,0,1,차량단독 - 공작물충돌,안전운전불이행,건조,맑음,단일로 - 기타,승용,여,62세,중상,,,,
2022070500100151,2022년 7월 5일 09시,화요일,울산광역시 북구 중산동,경상사고,0,0,1,0,차대차 - 측면충돌,안전운전불이행,건조,맑음,교차로 - 교차로안,승용,남,60세,상해없음,승용,여,44세,경상
2022070500100241,2022년 7월 5일 12시,화요일,울산광역시 동구 전하동,경상사고,0,0,1,0,차대사람 - 길가장자리구역통행중,안전운전불이행,건조,맑음,단일로 - 기타,승용,남,71세,상해없음,보행자,여,80세,경상
2022070500100356,2022년 7월 5일 15시,화요일,울산광역시 울주군 언양읍,경상사고,0,0,1,0,차대차 - 추돌,안전거리미확보,건조,맑음,단일로 - 기타,화물,남,59세,상해없음,건설기계,남,44세,경상
2022070500100384,2022년 7월 5일 16시,화요일,울산광역시 동구 전하동,경상사고,0,0,1,0,차대차 - 측면충돌,교차로운행방법위반,건조,맑음,교차로 - 교차로안,화물,남,61세,상해없음,자전거,남,35세,경상
2022070500100433,2022년 7월 5일 17시,화요일,울산광역시 울주군 온산읍,부상신고사고,0,0,0,1,차대차 - 측면충돌,직진우회전진행방해,건조,맑음,교차로 - 교차로안,이륜,남,55세,상해없음,승용,남,29세,부상신고
2022070500100480,2022년 7월 5일 18시,화요일,울산광역시 중구 남외동,중상사고,0,1,0,0,차대차 - 측면충돌,안전운전불이행,건조,맑음,교차로 - 교차로안,승용,여,35세,상해없음,이륜,남,62세,중상
2022070500100481,2022년 7월 5일 18시,화요일,울산광역시 남구 선암동,경상사고,0,0,1,0,차대차 - 정면충돌,교차로운행방법위반,건조,맑음,교차로 - 교차로안,승용,남,29세,상해없음,이륜,남,36세,경상
2022070500100507,2022년 7월 5일 19시,화요일,울산광역시 동구 화정동,중상사고,0,1,0,0,차대사람 - 횡단중,신호위반,건조,맑음,교차로 - 교차로부근,화물,남,52세,상해없음,보행자,여,56세,중상
2022070500100575,2022년 7월 5일 22시,화요일,울산광역시 북구 송정동,경상사고,0,0,1,0,차대차 - 정면충돌,안전운전불이행,건조,맑음,단일로 - 기타,자전거,남,63세,경상,자전거,남,24세,상해없음
2022070600100005,2022년 7월 6일 00시,수요일,울산광역시 북구 호계동,경상사고,0,0,2,0,차대차 - 측면충돌,신호위반,건조,맑음,교차로 - 교차로안,승용,남,64세,상해없음,승용,남,26세,경상
2022070600100082,2022년 7월 6일 07시,수요일,울산광역시 울주군 삼남읍,중상사고,0,1,0,0,차대차 - 기타,안전운전불이행,건조,맑음,단일로 - 기타,자전거,남,67세,중상,승용,여,40세,상해없음
2022070600100264,2022년 7월 6일 13시,수요일,울산광역시 북구 연암동,경상사고,0,0,1,0,차대차 - 추돌,안전운전불이행,건조,맑음,단일로 - 기타,승합,남,55세,상해없음,승용,남,32세,경상
2022070600100337,2022년 7월 6일 15시,수요일,울산광역시 남구 신정동,경상사고,0,0,1,0,차대차 - 측면충돌,안전운전불이행,건조,맑음,단일로 - 기타,승합,여,40세,상해없음,화물,남,42세,경상
2022070600100365,2022년 7월 6일 16시,수요일,울산광역시 남구 선암동,중상사고,0,1,1,0,차대차 - 측면충돌,신호위반,건조,맑음,교차로 - 교차로안,승용,여,49세,상해없음,승용,남,67세,경상
2022070600100366,2022년 7월 6일 16시,수요일,울산광역시 북구 호계동,중상사고,0,1,1,0,차대차 - 기타,교차로운행방법위반,건조,맑음,교차로 - 교차로부근,승용,여,41세,상해없음,승용,여,61세,중상
2022070600100367,2022년 7월 6일 16시,수요일,울산광역시 북구 진장동,경상사고,0,0,1,0,차대차 - 측면충돌,중앙선침범,건조,맑음,단일로 - 기타,특수,남,37세,상해없음,화물,남,43세,경상
2022070600100401,2022년 7월 6일 17시,수요일,울산광역시 북구 중산동,경상사고,0,0,1,0,차대차 - 측면충돌,안전거리미확보,건조,맑음,단일로 - 고가도로위,화물,남,46세,상해없음,승용,남,34세,경상
2022070600100444,2022년 7월 6일 18시,수요일,울산광역시 중구 약사동,경상사고,0,0,1,0,차대사람 - 보도통행중,기타,건조,맑음,기타 - 기타,개인형이동수단(PM),남,14세,상해없음,보행자,남,9세,경상
2022070600100445,2022년 7월 6일 18시,수요일,울산광역시 동구 일산동,경상사고,0,0,1,0,차대차 - 기타,안전운전불이행,건조,맑음,교차로 - 교차로부근,원동기,남,37세,경상,승용,남,52세,상해없음
2022070600100483,2022년 7월 6일 19시,수요일,울산광역시 중구 남외동,경상사고,0,0,1,0,차대차 - 측면충돌,안전거리미확보,건조,맑음,단일로 - 기타,승용,여,62세,상해없음,승용,여,59세,경상
2022070600100547,2022년 7월 6일 21시,수요일,울산광역시 남구 여천동,경상사고,0,0,2,0,차대차 - 추돌,안전운전불이행,건조,맑음,교차로 - 교차로부근,승용,여,41세,상해없음,승용,남,23세,경상
2022070600100595,2022년 7월 6일 23시,수요일,울산광역시 울주군 두동면,중상사고,0,1,0,0,차량단독 - 전도전복 - 전도,안전운전불이행,건조,맑음,단일로 - 기타,이륜,남,54세,중상,,,,
2022070700100139,2022년 7월 7일 08시,목요일,울산광역시 북구 달천동,경상사고,0,0,2,0,차대차 - 측면충돌,신호위반,건조,맑음,교차로 - 교차로안,승용,여,51세,상해없음,승용,여,42세,경상
2022070700100249,2022년 7월 7일 11시,목요일,울산광역시 남구 신정동,경상사고,0,0,1,0,차대사람 - 차도통행중,안전운전불이행,건조,맑음,단일로 - 지하차도(도로)내,화물,남,42세,상해없음,보행자,남,30세,경상
2022070700100406,2022년 7월 7일 16시,목요일,울산광역시 북구 중산동,경상사고,0,0,1,0,차대차 - 추돌,안전운전불이행,건조,맑음,교차로 - 교차로부근,승용,남,21세,상해없음,화물,남,53세,경상
2022070700100489,2022년 7월 7일 18시,목요일,울산광역시 남구 달동,중상사고,0,1,0,0,차대차 - 추돌,안전운전불이행,건조,맑음,단일로 - 교량,승용,여,49세,상해없음,이륜,남,82세,중상
2022070700100526,2022년 7월 7일 19시,목요일,울산광역시 울주군 온양읍,경상사고,0,0,1,0,차대차 - 정면충돌,중앙선침범,건조,맑음,단일로 - 기타,승용,남,45세,상해없음,이륜,남,47세,경상
2022070700100606,2022년 7월 7일 22시,목요일,울산광역시 중구 반구동,경상사고,0,0,1,0,차대차 - 추돌,안전운전불이행,건조,맑음,교차로 - 교차로부근,승용,남,57세,상해없음,이륜,남,59세,경상
2022070800100021,2022년 7월 8일 01시,금요일,울산광역시 남구 달동,경상사고,0,0,2,0,차대차 - 측면충돌,교차로운행방법위반,젖음/습기,흐림,교차로 - 교차로안,이륜,남,26세,상해없음,승용,남,23세,경상
2022070800100022,2022년 7월 8일 01시,금요일,울산광역시 동구 화정동,중상사고,0,1,0,0,차대사람 - 횡단중,안전운전불이행,건조,맑음,교차로 - 교차로횡단보도내,승용,남,24세,상해없음,보행자,남,43세,중상
2022070800100077,2022년 7월 8일 07시,금요일,울산광역시 남구 삼산동,경상사고,0,0,1,0,차대사람 - 기타,안전운전불이행,건조,맑음,주차장 - 주차장,승용,남,29세,상해없음,보행자,여,56세,경상
2022070800100078,2022년 7월 8일 07시,금요일,울산광역시 남구 달동,경상사고,0,0,1,0,차대차 - 정면충돌,교차로운행방법위반,건조,맑음,교차로 - 교차로안,승용,여,61세,상해없음,승용,남,39세,경상
2022070800100122,2022년 7월 8일 08시,금요일,울산광역시 중구 서동,경상사고,0,0,1,1,차대차 - 기타,안전운전불이행,건조,맑음,단일로 - 기타,승용,여,64세,부상신고,승용,남,39세,경상
2022070800100123,2022년 7월 8일 08시,금요일,울산광역시 남구 신정동,경상사고,0,0,1,0,차대차 - 기타,신호위반,건조,맑음,교차로 - 교차로부근,원동기,남,16세,상해없음,승용,남,41세,경상
2022070800100160,2022년 7월 8일 09시,금요일,울산광역시 동구 서부동,경상사고,0,0,1,0,차대차 - 추돌,안전운전불이행,건조,맑음,교차로 - 교차로부근,화물,남,76세,상해없음,승용,여,39세,경상
2022070800100253,2022년 7월 8일 12시,금요일,울산광역시 남구 신정동,경상사고,0,0,1,0,차대사람 - 기타,기타,건조,맑음,단일로 - 기타,승합,남,51세,상해없음,보행자,여,72세,경상
2022070800100254,2022년 7월 8일 12시,금요일,울산광역시 남구 옥동,경상사고,0,0,2,0,차대차 - 추돌,안전거리미확보,건조,맑음,단일로 - 기타,승용,남,58세,상해없음,승용,여,40세,경상
2022070800100320,2022년 7월 8일 14시,금요일,울산광역시 남구 신정동,경상사고,0,0,2,0,차대차 - 측면충돌,교차로운행방법위반,건조,맑음,교차로 - 교차로안,승용,여,41세,상해없음,승용,여,38세,경상
2022070800100386,2022년 7월 8일 16시,금요일,울산광역시 울주군 범서읍,중상사고,0,1,0,0,차대차 - 측면충돌,중앙선침범,건조,맑음,단일로 - 교량,승용,여,46세,상해없음,승용,여,44세,중상
2022070800100520,2022년 7월 8일 19시,금요일,울산광역시 동구 일산동,중상사고,0,1,0,0,차대사람 - 횡단중,보행자보호의무위반,건조,맑음,교차로 - 교차로횡단보도내,승용,남,63세,상해없음,보행자,여,18세,중상
2022070800100553,2022년 7월 8일 20시,금요일,울산광역시 남구 야음동,경상사고,0,0,1,0,차대차 - 추돌,안전운전불이행,건조,맑음,교차로 - 교차로부근,승용,남,36세,상해없음,이륜,남,28세,경상
2022070800100554,2022년 7월 8일 20시,금요일,울산광역시 남구 삼산동,부상신고사고,0,0,0,1,차대사람 - 기타,안전운전불이행,건조,맑음,단일로 - 기타,승용,여,27세,상해없음,보행자,남,38세,부상신고
2022070800100636,2022년 7월 8일 23시,금요일,울산광역시 북구 연암동,경상사고,0,0,2,0,차대차 - 추돌,안전운전불이행,건조,맑음,단일로 - 기타,승용,남,32세,상해없음,승용,남,66세,경상
2022070900100015,2022년 7월 9일 00시,토요일,울산광역시 동구 방어동,중상사고,0,1,0,0,차대차 - 측면충돌,신호위반,건조,맑음,교차로 - 교차로안,자전거,남,66세,중상,승용,남,55세,상해없음
2022070900100076,2022년 7월 9일 06시,토요일,울산광역시 북구 연암동,중상사고,0,3,11,0,차대차 - 측면충돌,기타,건조,맑음,교차로 - 교차로안,승용,남,59세,중상,승합,남,58세,경상
2022070900100090,2022년 7월 9일 07시,토요일,울산광역시 남구 두왕동,경상사고,0,0,1,0,차대차 - 측면충돌,안전거리미확보,건조,맑음,단일로 - 지하차도(도로)내,화물,남,42세,상해없음,승용,남,27세,경상
2022070900100224,2022년 7월 9일 12시,토요일,울산광역시 북구 염포동,경상사고,0,0,1,0,차대차 - 추돌,안전운전불이행,건조,맑음,단일로 - 기타,승용,남,21세,상해없음,승용,여,51세,경상
2022070900100307,2022년 7월 9일 14시,토요일,울산광역시 동구 일산동,중상사고,0,3,1,0,차대차 - 측면충돌,신호위반,건조,맑음,교차로 - 교차로안,승용,남,55세,상해없음,승합,남,47세,경상
2022070900100316,2022년 7월 9일 15시,토요일,울산광역시 울주군 상북면,경상사고,0,0,1,0,차대차 - 추돌,안전운전불이행,건조,맑음,단일로 - 기타,화물,남,65세,상해없음,승용,남,40세,경상
2022070900100344,2022년 7월 9일 15시,토요일,울산광역시 중구 남외동,경상사고,0,0,1,0,차대차 - 측면충돌,신호위반,건조,맑음,교차로 - 교차로안,승용,남,40세,상해없음,승용,남,56세,상해없음
2022070900100345,2022년 7월 9일 15시,토요일,울산광역시 남구 삼산동,경상사고,0,0,1,0,차대차 - 추돌,안전운전불이행,건조,맑음,단일로 - 기타,승용,남,62세,경상,승용,남,31세,상해없음
2022070900100384,2022년 7월 9일 16시,토요일,울산광역시 남구 달동,경상사고,0,0,1,0,차대차 - 측면충돌,안전운전불이행,건조,맑음,교차로 - 교차로안,승용,남,78세,상해없음,이륜,여,64세,경상
2022070900100454,2022년 7월 9일 18시,토요일,울산광역시 중구 남외동,경상사고,0,0,1,0,차대차 - 측면충돌,안전운전불이행,건조,흐림,교차로 - 교차로안,승용,남,48세,상해없음,승용,남,55세,상해없음
2022070900100482,2022년 7월 9일 19시,토요일,울산광역시 남구 무거동,중상사고,0,3,1,0,차대사람 - 보도통행중,중앙선침범,건조,맑음,단일로 - 기타,승용,여,49세,경상,보행자,남,55세,중상
2022070900100483,2022년 7월 9일 19시,토요일,울산광역시 울주군 청량읍,중상사고,0,1,0,0,차대차 - 추돌,안전운전불이행,건조,기타,교차로 - 교차로부근,승용,여,60세,상해없음,승용,여,55세,중상
2022071000100071,2022년 7월 10일 05시,일요일,울산광역시 북구 상안동,경상사고,0,0,1,0,차대차 - 측면충돌,중앙선침범,건조,맑음,교차로 - 교차로부근,승용,남,24세,상해없음,승용,남,61세,상해없음
2022071000100092,2022년 7월 10일 08시,일요일,울산광역시 중구 장현동,경상사고,0,0,1,0,차대차 - 추돌,안전거리미확보,건조,맑음,단일로 - 기타,이륜,남,43세,상해없음,승용,여,28세,경상
2022071000100139,2022년 7월 10일 10시,일요일,울산광역시 울주군 범서읍,경상사고,0,0,1,0,차대차 - 측면충돌,안전운전불이행,건조,맑음,교차로 - 교차로안,자전거,남,13세,경상,승용,여,52세,상해없음
2022071000100216,2022년 7월 10일 13시,일요일,울산광역시 동구 일산동,중상사고,0,1,0,0,차대차 - 측면충돌,안전운전불이행,건조,맑음,교차로 - 교차로안,승용,남,22세,상해없음,승용,남,37세,상해없음
2022071000100365,2022년 7월 10일 19시,일요일,울산광역시 남구 달동,경상사고,0,0,1,0,차대사람 - 길가장자리구역통행중,안전운전불이행,건조,맑음,단일로 - 기타,승용,남,55세,상해없음,보행자,남,59세,경상
2022071000100386,2022년 7월 10일 20시,일요일,울산광역시 동구 화정동,중상사고,0,1,0,0,차대사람 - 기타,기타,건조,맑음,단일로 - 지하차도(도로)내,승용,남,63세,상해없음,보행자,여,13세,중상
2022071000100414,2022년 7월 10일 21시,일요일,울산광역시 북구 화봉동,경상사고,0,0,1,1,차대차 - 기타,신호위반,건조,맑음,교차로 - 교차로안,이륜,남,35세,부상신고,승용,여,51세,경상
2022071000100445,2022년 7월 10일 23시,일요일,울산광역시 북구 창평동,부상신고사고,0,0,0,1,차대차 - 추돌,안전거리미확보,건조,맑음,단일로 - 기타,이륜,남,38세,부상신고,승용,남,62세,상해없음
2022071100100143,2022년 7월 11일 09시,월요일,울산광역시 동구 전하동,경상사고,0,0,2,0,차대차 - 추돌,안전운전불이행,젖음/습기,비,교차로 - 교차로부근,승용,여,60세,경상,승용,남,68세,상해없음
2022071100100215,2022년 7월 11일 11시,월요일,울산광역시 남구 삼산동,경상사고,0,0,1,0,차대차 - 측면충돌,안전거리미확보,젖음/습기,비,기타 - 기타,승용,남,65세,상해없음,승용,여,35세,경상
2022071100100272,2022년 7월 11일 12시,월요일,울산광역시 남구 선암동,경상사고,0,0,1,0,차대차 - 기타,안전운전불이행,젖음/습기,비,교차로 - 교차로안,화물,남,42세,상해없음,이륜,남,51세,경상
2022071100100273,2022년 7월 11일 12시,월요일,울산광역시 울주군 온양읍,경상사고,0,0,1,0,차대차 - 측면충돌,안전운전불이행,젖음/습기,비,교차로 - 교차로안,승용,남,68세,상해없음,건설기계,남,31세,경상
2022071100100336,2022년 7월 11일 14시,월요일,울산광역시 남구 신정동,경상사고,0,0,3,0,차대차 - 정면충돌,중앙선침범,젖음/습기,맑음,교차로 - 교차로부근,화물,남,53세,상해없음,건설기계,남,56세,경상
2022071100100411,2022년 7월 11일 16시,월요일,울산광역시 북구 연암동,중상사고,0,1,0,0,차대사람 - 길가장자리구역통행중,안전운전불이행,건조,흐림,교차로 - 교차로부근,화물,남,31세,상해없음,보행자,여,83세,중상