사고번호,사고일시,요일,시군구,사고내용,사망자수,중상자수,경상자수,부상신고자수,사고유형,법규위반,노면상태,기상상태,도로형태,가해운전자 차종,가해운전자 성별,가해운전자 연령,가해운전자 상해정도,피해운전자 차종,피해운전자 성별,피해운전자 연령,피해운전자 상해정도
2022071100100452,2022년 7월 11일 17시,월요일,울산광역시 남구 삼산동,경상사고,0,0,2,0,차대차 - 측면충돌,안전거리미확보,건조,맑음,교차로 - 교차로안,승용,남,53세,상해없음,승합,남,63세,경상
2022071200100068,2022년 7월 12일 07시,화요일,울산광역시 울주군 청량읍,경상사고,0,0,1,0,차대차 - 기타,신호위반,건조,맑음,교차로 - 교차로횡단보도내,이륜,남,53세,상해없음,자전거,남,75세,경상
2022071200100069,2022년 7월 12일 07시,화요일,울산광역시 북구 화봉동,경상사고,0,0,1,2,차대차 - 추돌,안전운전불이행,건조,맑음,단일로 - 터널,승합,여,40세,부상신고,승용,여,71세,경상
2022071200100193,2022년 7월 12일 11시,화요일,울산광역시 남구 야음동,중상사고,0,1,0,0,차대차 - 기타,안전거리미확보,건조,맑음,단일로 - 기타,자전거,남,77세,중상,화물,남,55세,상해없음
2022071200100194,2022년 7월 12일 11시,화요일,울산광역시 동구 서부동,경상사고,0,0,1,0,차대사람 - 횡단중,보행자보호의무위반,건조,맑음,교차로 - 교차로부근,자전거,남,75세,기타불명,보행자,남,66세,경상
2022071200100305,2022년 7월 12일 15시,화요일,울산광역시 남구 부곡동,중상사고,0,1,0,0,차대차 - 기타,안전운전불이행,건조,흐림,단일로 - 기타,이륜,남,38세,중상,특수,남,64세,상해없음
2022071200100333,2022년 7월 12일 16시,화요일,울산광역시 북구 연암동,경상사고,0,0,1,1,차대차 - 측면충돌,신호위반,건조,맑음,교차로 - 교차로안,승용,남,35세,부상신고,화물,남,52세,경상
2022071200100379,2022년 7월 12일 17시,화요일,울산광역시 동구 일산동,경상사고,0,0,1,0,차대차 - 측면충돌,안전운전불이행,건조,맑음,교차로 - 교차로부근,승합,남,58세,기타불명,이륜,남,43세,경상
2022071200100463,2022년 7월 12일 20시,화요일,울산광역시 남구 신정동,경상사고,0,0,1,0,차대사람 - 횡단중,안전운전불이행,건조,맑음,교차로 - 교차로안,승용,여,57세,상해없음,보행자,남,61세,경상
2022071200100464,2022년 7월 12일 20시,화요일,울산광역시 남구 야음동,부상신고사고,0,0,0,1,차대사람 - 기타,안전운전불이행,건조,맑음,기타 - 기타,승합,남,54세,상해없음,보행자,여,27세,부상신고
2022071200100491,2022년 7월 12일 21시,화요일,울산광역시 동구 화정동,중상사고,0,1,0,0,차대사람 - 보도통행중,신호위반,젖음/습기,맑음,교차로 - 교차로횡단보도내,이륜,남,25세,상해없음,보행자,남,58세,중상
2022071300100031,2022년 7월 13일 04시,수요일,울산광역시 남구 여천동,중상사고,0,1,0,0,차대차 - 기타,신호위반,건조,맑음,교차로 - 교차로안,화물,남,51세,상해없음,승용,남,70세,중상
2022071300100051,2022년 7월 13일 06시,수요일,울산광역시 남구 삼산동,중상사고,0,1,0,0,차대차 - 기타,안전운전불이행,건조,맑음,교차로 - 교차로안,승용,여,49세,상해없음,기타불명,남,87세,중상
2022071300100052,2022년 7월 13일 06시,수요일,울산광역시 남구 여천동,경상사고,0,0,1,0,차대차 - 추돌,안전운전불이행,건조,맑음,단일로 - 기타,화물,남,57세,상해없음,승용,남,60세,경상
2022071300100053,2022년 7월 13일 06시,수요일,울산광역시 북구 연암동,중상사고,0,1,0,0,차대차 - 측면충돌,안전운전불이행,건조,맑음,단일로 - 기타,자전거,남,65세,중상,화물,남,35세,상해없음
2022071300100107,2022년 7월 13일 08시,수요일,울산광역시 중구 학성동,경상사고,0,0,1,0,차대차 - 측면충돌,신호위반,건조,맑음,교차로 - 교차로안,자전거,남,83세,경상,승용,여,63세,상해없음
2022071300100108,2022년 7월 13일 08시,수요일,울산광역시 남구 신정동,경상사고,0,0,1,0,차대차 - 측면충돌,기타,건조,맑음,단일로 - 기타,승용,여,47세,상해없음,이륜,남,52세,경상
2022071300100308,2022년 7월 13일 15시,수요일,울산광역시 북구 화봉동,부상신고사고,0,0,0,1,차대차 - 기타,안전운전불이행,건조,맑음,교차로 - 교차로안,자전거,남,58세,부상신고,승합,남,62세,상해없음
2022071300100347,2022년 7월 13일 16시,수요일,울산광역시 북구 진장동,중상사고,0,1,0,0,차대차 - 측면충돌,중앙선침범,건조,맑음,단일로 - 교량,승용,여,56세,상해없음,이륜,남,55세,중상
2022071300100504,2022년 7월 13일 20시,수요일,울산광역시 남구 달동,경상사고,0,0,1,0,차대차 - 기타,안전운전불이행,젖음/습기,비,단일로 - 기타,승용,남,40세,상해없음,이륜,남,27세,경상
2022071300100529,2022년 7월 13일 21시,수요일,울산광역시 중구 유곡동,경상사고,0,0,1,0,차대차 - 측면충돌,안전운전불이행,젖음/습기,비,단일로 - 기타,승용,여,58세,경상,승용,여,48세,상해없음
2022071300100572,2022년 7월 13일 23시,수요일,울산광역시 울주군 온양읍,사망사고,1,0,0,0,차대차 - 추돌,안전운전불이행,젖음/습기,비,교차로 - 교차로부근,화물,남,36세,사망,특수,남,51세,기타불명
2022071400100020,2022년 7월 14일 00시,목요일,울산광역시 울주군 언양읍,중상사고,0,1,0,0,차대차 - 정면충돌,차로위반,젖음/습기,비,단일로 - 지하차도(도로)내,승용,여,61세,기타불명,이륜,남,25세,중상
2022071400100095,2022년 7월 14일 07시,목요일,울산광역시 울주군 두동면,중상사고,0,1,1,0,차량단독 - 전도전복 - 전복,안전운전불이행,건조,맑음,단일로 - 기타,승용,여,36세,경상,,,,
2022071400100174,2022년 7월 14일 09시,목요일,울산광역시 남구 무거동,경상사고,0,0,1,0,차대차 - 측면충돌,신호위반,건조,맑음,교차로 - 교차로안,화물,남,65세,상해없음,이륜,남,44세,경상
2022071400100175,2022년 7월 14일 09시,목요일,울산광역시 북구 호계동,경상사고,0,0,1,0,차대차 - 후진중충돌,안전운전불이행,건조,맑음,교차로 - 교차로부근,화물,남,40세,상해없음,승용,여,60세,경상
2022071400100176,2022년 7월 14일 09시,목요일,울산광역시 북구 호계동,경상사고,0,0,1,0,차대차 - 측면충돌,직진우회전진행방해,건조,맑음,교차로 - 교차로안,승용,남,57세,상해없음,승용,여,58세,경상
2022071400100236,2022년 7월 14일 11시,목요일,울산광역시 울주군 범서읍,경상사고,0,0,2,0,차대차 - 측면충돌,신호위반,건조,맑음,교차로 - 교차로안,승용,남,67세,경상,승용,남,51세,경상
2022071500100104,2022년 7월 15일 08시,금요일,울산광역시 북구 양정동,경상사고,0,0,1,0,차대차 - 정면충돌,안전운전불이행,건조,맑음,교차로 - 교차로안,승용,여,52세,상해없음,승용,여,42세,상해없음
2022071500100231,2022년 7월 15일 12시,금요일,울산광역시 남구 신정동,경상사고,0,0,1,0,차대차 - 측면충돌,안전운전불이행,건조,맑음,단일로 - 지하차도(도로)내,승용,남,22세,상해없음,승합,남,47세,상해없음
2022071500100232,2022년 7월 15일 12시,금요일,울산광역시 북구 염포동,중상사고,0,2,1,0,차대차 - 추돌,안전운전불이행,건조,맑음,단일로 - 기타,승용,남,35세,상해없음,승용,여,38세,경상
2022071500100267,2022년 7월 15일 13시,금요일,울산광역시 울주군 청량읍,중상사고,0,1,2,0,차대차 - 측면충돌,안전거리미확보,건조,맑음,단일로 - 기타,승용,여,62세,경상,승용,남,25세,중상
2022071500100302,2022년 7월 15일 14시,금요일,울산광역시 중구 남외동,경상사고,0,0,1,0,차대사람 - 기타,안전운전불이행,건조,맑음,단일로 - 기타,승용,남,32세,상해없음,보행자,남,25세,경상
2022071500100339,2022년 7월 15일 15시,금요일,울산광역시 북구 상안동,경상사고,0,0,1,0,차대차 - 추돌,안전운전불이행,건조,맑음,교차로 - 교차로안,화물,남,53세,상해없음,승용,남,42세,경상
2022071500100378,2022년 7월 15일 16시,금요일,울산광역시 동구 동부동,경상사고,0,0,1,0,차대사람 - 횡단중,안전운전불이행,건조,맑음,교차로 - 교차로안,승용,남,44세,상해없음,보행자,여,6세,경상
2022071500100434,2022년 7월 15일 17시,금요일,울산광역시 북구 연암동,경상사고,0,0,2,0,차대차 - 추돌,안전운전불이행,건조,맑음,단일로 - 기타,승합,남,52세,상해없음,승용,여,53세,경상
2022071500100496,2022년 7월 15일 18시,금요일,울산광역시 남구 야음동,중상사고,0,2,0,0,차대차 - 측면충돌,신호위반,건조,맑음,교차로 - 교차로안,승용,여,54세,상해없음,승용,남,31세,중상
2022071500100497,2022년 7월 15일 18시,금요일,울산광역시 동구 화정동,경상사고,0,0,1,0,차대사람 - 기타,안전운전불이행,건조,맑음,단일로 - 기타,승합,남,48세,상해없음,보행자,여,64세,경상
2022071600100016,2022년 7월 16일 00시,토요일,울산광역시 북구 매곡동,경상사고,0,0,1,0,차대차 - 측면충돌,안전운전불이행,건조,맑음,교차로 - 교차로부근,이륜,남,52세,경상,승용,남,55세,상해없음
2022071600100039,2022년 7월 16일 02시,토요일,울산광역시 북구 호계동,경상사고,0,0,2,0,차대차 - 측면충돌,안전운전불이행,건조,맑음,교차로 - 교차로안,승용,남,23세,상해없음,승용,남,69세,경상
2022071600100049,2022년 7월 16일 03시,토요일,울산광역시 북구 양정동,경상사고,0,0,1,0,차량단독 - 전도전복 - 전도,안전운전불이행,건조,맑음,단일로 - 고가도로위,개인형이동수단(PM),남,22세,경상,,,,
2022071600100069,2022년 7월 16일 06시,토요일,울산광역시 남구 삼산동,사망사고,1,0,0,0,차대사람 - 기타,안전운전불이행,건조,맑음,단일로 - 교량,승용,남,47세,상해없음,보행자,남,73세,사망
2022071600100330,2022년 7월 16일 15시,토요일,울산광역시 중구 교동,경상사고,0,0,2,0,차대차 - 측면충돌,안전운전불이행,젖음/습기,비,단일로 - 고가도로위,승용,여,62세,상해없음,승용,여,42세,경상
2022071600100400,2022년 7월 16일 17시,토요일,울산광역시 동구 전하동,경상사고,0,0,1,0,차대차 - 추돌,직진우회전진행방해,건조,맑음,교차로 - 교차로안,승용,남,44세,상해없음,이륜,남,51세,경상
2022071600100511,2022년 7월 16일 21시,토요일,울산광역시 남구 삼산동,경상사고,0,0,2,0,차대차 - 기타,신호위반,젖음/습기,비,교차로 - 교차로안,승용,남,60세,상해없음,이륜,남,27세,경상
2022071600100533,2022년 7월 16일 22시,토요일,울산광역시 북구 중산동,경상사고,0,0,4,0,차대차 - 측면충돌,교차로운행방법위반,젖음/습기,비,교차로 - 교차로안,승용,여,50세,경상,화물,남,62세,상해없음
2022071700100023,2022년 7월 17일 01시,일요일,울산광역시 남구 달동,경상사고,0,0,1,0,차대사람 - 보도통행중,안전운전불이행,건조,맑음,단일로 - 기타,화물,남,25세,상해없음,보행자,남,33세,경상
2022071700100033,2022년 7월 17일 02시,일요일,울산광역시 동구 화정동,경상사고,0,0,1,0,차대차 - 추돌,안전운전불이행,건조,맑음,교차로 - 교차로안,승용,남,67세,상해없음,승용,남,65세,상해없음
2022071700100060,2022년 7월 17일 06시,일요일,울산광역시 남구 무거동,중상사고,0,1,0,0,차대사람 - 길가장자리구역통행중,안전운전불이행,건조,맑음,단일로 - 기타,승용,여,55세,상해없음,보행자,남,80세,중상
2022071700100092,2022년 7월 17일 09시,일요일,울산광역시 남구 신정동,경상사고,0,0,1,0,차대사람 - 횡단중,안전운전불이행,건조,맑음,교차로 - 교차로부근,승용,남,80세,상해없음,보행자,여,62세,경상
2022071700100093,2022년 7월 17일 09시,일요일,울산광역시 울주군 범서읍,중상사고,0,1,0,0,차대차 - 추돌,안전거리미확보,건조,맑음,단일로 - 기타,이륜,남,49세,중상,승용,여,61세,상해없음
2022071700100094,2022년 7월 17일 09시,일요일,울산광역시 북구 무룡동,경상사고,0,0,2,0,차대차 - 측면충돌,신호위반,건조,맑음,단일로 - 기타,승용,남,53세,상해없음,승용,남,73세,경상
2022071700100107,2022년 7월 17일 10시,일요일,울산광역시 동구 화정동,경상사고,0,0,1,0,차대사람 - 횡단중,안전운전불이행,건조,맑음,교차로 - 교차로안,승용,남,58세,상해없음,보행자,여,55세,경상
2022071700100162,2022년 7월 17일 12시,일요일,울산광역시 중구 태화동,경상사고,0,0,1,0,차대차 - 기타,안전운전불이행,건조,맑음,단일로 - 기타,승용,여,61세,상해없음,자전거,남,61세,경상
2022071700100194,2022년 7월 17일 13시,일요일,울산광역시 울주군 범서읍,경상사고,0,0,1,0,차대차 - 측면충돌,차로위반,건조,맑음,교차로 - 교차로부근,이륜,남,38세,경상,승합,남,48세,상해없음
2022071700100280,2022년 7월 17일 16시,일요일,울산광역시 울주군 온산읍,경상사고,0,0,1,0,차대사람 - 보도통행중,안전운전불이행,건조,맑음,단일로 - 기타,특수,남,54세,상해없음,보행자,남,57세,경상
2022071700100372,2022년 7월 17일 19시,일요일,울산광역시 울주군 상북면,경상사고,0,0,1,0,차대사람 - 기타,안전운전불이행,건조,맑음,단일로 - 기타,화물,남,64세,상해없음,보행자,남,62세,경상
2022071700100399,2022년 7월 17일 20시,일요일,울산광역시 남구 신정동,중상사고,0,1,1,0,차대사람 - 횡단중,보행자보호의무위반,건조,맑음,기타 - 기타,승용,남,67세,상해없음,보행자,남,31세,경상
2022071700100436,2022년 7월 17일 22시,일요일,울산광역시 중구 반구동,중상사고,0,1,2,0,차대차 - 측면충돌,안전운전불이행,건조,맑음,교차로 - 교차로안,승용,남,64세,기타불명,승용,남,30세,경상
2022071700100437,2022년 7월 17일 22시,일요일,울산광역시 남구 무거동,중상사고,0,1,0,0,차대사람 - 기타,안전운전불이행,건조,맑음,교차로 - 교차로부근,승용,여,54세,상해없음,보행자,남,54세,중상
2022071800100051,2022년 7월 18일 06시,월요일,울산광역시 남구 황성동,경상사고,0,0,1,0,차대차 - 측면충돌,신호위반,젖음/습기,비,교차로 - 교차로안,건설기계,남,67세,상해없음,특수,남,54세,경상
2022071800100222,2022년 7월 18일 11시,월요일,울산광역시 울주군 온산읍,중상사고,0,1,0,0,차대사람 - 기타,안전운전불이행,젖음/습기,비,단일로 - 기타,원동기,남,28세,상해없음,보행자,여,79세,중상
2022071800100353,2022년 7월 18일 15시,월요일,울산광역시 중구 약사동,부상신고사고,0,0,0,1,차대차 - 측면충돌,차로위반,젖음/습기,비,교차로 - 교차로안,승용,남,71세,상해없음,이륜,남,19세,부상신고
2022071800100354,2022년 7월 18일 15시,월요일,울산광역시 동구 방어동,중상사고,0,1,0,0,차대사람 - 보도통행중,보행자보호의무위반,젖음/습기,비,교차로 - 교차로횡단보도내,승용,여,46세,상해없음,보행자,여,79세,중상
2022071800100355,2022년 7월 18일 15시,월요일,울산광역시 북구 염포동,중상사고,0,1,0,0,차대차 - 측면충돌,신호위반,젖음/습기,비,교차로 - 교차로안,승용,남,36세,상해없음,이륜,남,29세,중상
2022071800100388,2022년 7월 18일 16시,월요일,울산광역시 중구 우정동,경상사고,0,0,1,0,차대사람 - 횡단중,보행자보호의무위반,젖음/습기,비,교차로 - 교차로횡단보도내,승용,남,57세,상해없음,보행자,여,12세,경상
2022071800100424,2022년 7월 18일 17시,월요일,울산광역시 중구 반구동,경상사고,0,0,2,0,차대차 - 기타,교차로운행방법위반,젖음/습기,비,교차로 - 교차로안,승용,남,50세,경상,승용,여,34세,경상
2022071800100469,2022년 7월 18일 18시,월요일,울산광역시 남구 삼산동,경상사고,0,0,2,0,차대차 - 후진중충돌,안전운전불이행,건조,맑음,단일로 - 기타,승용,남,63세,상해없음,승용,남,40세,경상
2022071800100530,2022년 7월 18일 20시,월요일,울산광역시 동구 화정동,중상사고,0,1,1,0,차대차 - 측면충돌,신호위반,건조,맑음,교차로 - 교차로안,이륜,남,56세,중상,이륜,남,18세,경상
2022071800100559,2022년 7월 18일 21시,월요일,울산광역시 북구 상안동,경상사고,0,0,1,0,차대사람 - 횡단중,안전운전불이행,젖음/습기,흐림,단일로 - 기타,승용,남,32세,상해없음,보행자,여,27세,경상
2022071900100012,2022년 7월 19일 00시,화요일,울산광역시 동구 방어동,경상사고,0,0,2,0,차대차 - 추돌,안전운전불이행,건조,맑음,교차로 - 교차로부근,승용,남,59세,상해없음,승용,남,28세,경상
2022071900100048,2022년 7월 19일 06시,화요일,울산광역시 남구 야음동,경상사고,0,0,1,0,차대차 - 측면충돌,교차로운행방법위반,건조,맑음,교차로 - 교차로안,승용,남,63세,상해없음,승용,남,67세,상해없음
2022071900100049,2022년 7월 19일 06시,화요일,울산광역시 울주군 두동면,중상사고,0,2,0,0,차대차 - 정면충돌,중앙선침범,젖음/습기,비,단일로 - 기타,이륜,여,74세,중상,이륜,여,56세,중상
2022071900100121,2022년 7월 19일 08시,화요일,울산광역시 남구 달동,중상사고,0,1,0,0,차대사람 - 횡단중,보행자보호의무위반,건조,맑음,교차로 - 교차로횡단보도내,승용,여,49세,상해없음,보행자,남,7세,중상
2022071900100327,2022년 7월 19일 15시,화요일,울산광역시 울주군 언양읍,중상사고,0,1,0,0,차대차 - 정면충돌,기타,건조,맑음,교차로 - 교차로안,승용,남,66세,상해없음,승용,여,51세,상해없음
2022071900100359,2022년 7월 19일 16시,화요일,울산광역시 울주군 온산읍,경상사고,0,0,1,0,차대사람 - 길가장자리구역통행중,안전운전불이행,건조,맑음,단일로 - 기타,승용,남,34세,상해없음,보행자,여,51세,경상
2022071900100411,2022년 7월 19일 17시,화요일,울산광역시 북구 상안동,경상사고,0,0,1,0,차대차 - 측면충돌,안전거리미확보,건조,맑음,단일로 - 기타,승합,남,71세,상해없음,승합,남,59세,경상
2022071900100450,2022년 7월 19일 18시,화요일,울산광역시 중구 남외동,중상사고,0,1,0,0,차대차 - 측면충돌,교차로운행방법위반,건조,맑음,교차로 - 교차로안,화물,남,61세,상해없음,이륜,남,49세,중상
2022071900100451,2022년 7월 19일 18시,화요일,울산광역시 남구 달동,부상신고사고,0,0,0,1,차대차 - 측면충돌,안전운전불이행,건조,맑음,교차로 - 교차로횡단보도내,화물,남,39세,상해없음,자전거,남,30세,부상신고
2022071900100511,2022년 7월 19일 20시,화요일,울산광역시 북구 매곡동,중상사고,0,1,0,0,차대차 - 측면충돌,중앙선침범,건조,맑음,교차로 - 교차로부근,승용,남,62세,상해없음,이륜,남,19세,중상
2022072000100035,2022년 7월 20일 04시,수요일,울산광역시 남구 상개동,중상사고,0,1,2,0,차대차 - 추돌,안전운전불이행,건조,맑음,교차로 - 교차로안,승합,여,57세,경상,승용,남,61세,중상
2022072000100074,2022년 7월 20일 07시,수요일,울산광역시 중구 태화동,경상사고,0,0,1,0,차대차 - 추돌,안전운전불이행,건조,맑음,단일로 - 기타,화물,남,58세,상해없음,승용,남,70세,경상
2022072000100075,2022년 7월 20일 07시,수요일,울산광역시 동구 일산동,경상사고,0,0,1,0,차대차 - 기타,안전운전불이행,건조,맑음,교차로 - 교차로부근,이륜,여,31세,경상,승용,남,30세,상해없음
2022072000100076,2022년 7월 20일 07시,수요일,울산광역시 울주군 온산읍,경상사고,0,0,1,0,차대차 - 추돌,안전운전불이행,건조,맑음,교차로 - 교차로부근,이륜,남,37세,상해없음,이륜,남,62세,경상
2022072000100077,2022년 7월 20일 07시,수요일,울산광역시 북구 연암동,경상사고,0,0,2,0,차대차 - 기타,안전거리미확보,건조,맑음,단일로 - 기타,승합,남,59세,상해없음,승용,여,45세,경상
2022072000100187,2022년 7월 20일 10시,수요일,울산광역시 남구 신정동,경상사고,0,0,3,0,차대차 - 측면충돌,신호위반,건조,맑음,교차로 - 교차로안,승용,여,72세,경상,승용,남,27세,경상
2022072000100188,2022년 7월 20일 10시,수요일,울산광역시 동구 전하동,경상사고,0,0,1,0,차대사람 - 차도통행중,안전운전불이행,건조,맑음,단일로 - 기타,승용,남,74세,상해없음,보행자,여,24세,경상
2022072000100189,2022년 7월 20일 10시,수요일,울산광역시 울주군 온산읍,경상사고,0,0,1,1,차대차 - 정면충돌,중앙선침범,건조,맑음,단일로 - 지하차도(도로)내,승용,남,36세,상해없음,승용,남,66세,부상신고
2022072000100244,2022년 7월 20일 12시,수요일,울산광역시 울주군 두서면,경상사고,0,0,2,1,차대차 - 추돌,안전운전불이행,건조,맑음,기타 - 기타,승용,남,74세,부상신고,승용,여,51세,경상
2022072000100390,2022년 7월 20일 16시,수요일,울산광역시 중구 반구동,경상사고,0,0,1,0,차대차 - 측면충돌,신호위반,건조,맑음,교차로 - 교차로횡단보도내,승용,여,44세,상해없음,자전거,여,62세,경상
2022072000100391,2022년 7월 20일 16시,수요일,울산광역시 북구 염포동,경상사고,0,0,1,0,차대차 - 측면충돌,신호위반,건조,맑음,교차로 - 교차로부근,이륜,남,36세,경상,화물,남,30세,상해없음
2022072000100463,2022년 7월 20일 18시,수요일,울산광역시 남구 달동,경상사고,0,0,1,0,차대사람 - 길가장자리구역통행중,안전운전불이행,건조,맑음,교차로 - 교차로부근,승용,여,49세,상해없음,보행자,여,31세,경상
2022072000100464,2022년 7월 20일 18시,수요일,울산광역시 북구 호계동,중상사고,0,1,0,0,차대차 - 측면충돌,교차로운행방법위반,건조,맑음,교차로 - 교차로안,승용,남,45세,상해없음,이륜,남,26세,중상
2022072000100465,2022년 7월 20일 18시,수요일,울산광역시 북구 호계동,경상사고,0,0,1,1,차대차 - 측면충돌,직진우회전진행방해,건조,맑음,교차로 - 교차로안,승용,여,25세,기타불명,승용,여,42세,경상
2022072000100566,2022년 7월 20일 21시,수요일,울산광역시 북구 양정동,경상사고,0,0,1,0,차대차 - 측면충돌,안전운전불이행,건조,맑음,단일로 - 기타,승용,남,54세,상해없음,승용,남,25세,경상
2022072100100051,2022년 7월 21일 05시,목요일,울산광역시 남구 여천동,경상사고,0,0,1,0,차대차 - 측면충돌,안전운전불이행,젖음/습기,비,교차로 - 교차로안,승용,남,49세,경상,특수,남,51세,상해없음
2022072100100067,2022년 7월 21일 06시,목요일,울산광역시 북구 명촌동,경상사고,0,0,1,0,차대차 - 기타,신호위반,젖음/습기,비,단일로 - 기타,승용,남,47세,상해없음,이륜,남,57세,경상
2022072100100093,2022년 7월 21일 07시,목요일,울산광역시 동구 전하동,경상사고,0,0,1,0,차대차 - 측면충돌,직진우회전진행방해,젖음/습기,비,교차로 - 교차로안,승용,남,52세,상해없음,이륜,남,38세,경상
2022072100100094,2022년 7월 21일 07시,목요일,울산광역시 동구 전하동,경상사고,0,0,1,0,차대차 - 기타,신호위반,젖음/습기,비,교차로 - 교차로안,승용,남,55세,상해없음,이륜,남,43세,경상
2022072100100123,2022년 7월 21일 08시,목요일,울산광역시 남구 야음동,중상사고,0,1,0,0,차대차 - 추돌,안전운전불이행,건조,맑음,단일로 - 기타,승용,남,52세,상해없음,승용,남,30세,중상
2022072100100234,2022년 7월 21일 12시,목요일,울산광역시 동구 미포동,중상사고,0,1,1,0,차대차 - 추돌,안전운전불이행,건조,맑음,교차로 - 교차로부근,이륜,남,67세,중상,승용,여,30세,경상
2022072100100267,2022년 7월 21일 13시,목요일,울산광역시 남구 달동,경상사고,0,0,1,0,차대차 - 측면충돌,안전운전불이행,건조,맑음,교차로 - 교차로부근,승용,여,38세,상해없음,승용,남,28세,경상
2022072100100364,2022년 7월 21일 16시,목요일,울산광역시 남구 옥동,경상사고,0,0,1,0,차대차 - 측면충돌,안전운전불이행,건조,맑음,교차로 - 교차로횡단보도내,화물,남,59세,상해없음,자전거,남,8세,경상
2022072200100023,2022년 7월 22일 01시,금요일,울산광역시 동구 서부동,경상사고,0,0,1,0,차대사람 - 횡단중,보행자보호의무위반,건조,맑음,교차로 - 교차로안,승용,남,55세,상해없음,보행자,남,80세,경상
2022072200100032,2022년 7월 22일 02시,금요일,울산광역시 동구 화정동,중상사고,0,1,1,0,차대차 - 측면충돌,신호위반,젖음/습기,맑음,단일로 - 기타,이륜,남,18세,중상,승용,남,65세,경상
2022072200100145,2022년 7월 22일 09시,금요일,울산광역시 중구 성남동,경상사고,0,0,1,0,차대차 - 측면충돌,신호위반,건조,맑음,교차로 - 교차로안,승용,여,54세,상해없음,승용,남,65세,경상
2022072200100146,2022년 7월 22일 09시,금요일,울산광역시 남구 삼산동,경상사고,0,0,1,0,차대차 - 후진중충돌,안전운전불이행,건조,맑음,단일로 - 기타,승용,여,45세,상해없음,승용,여,46세,경상
2022072200100213,2022년 7월 22일 11시,금요일,울산광역시 남구 무거동,경상사고,0,0,1,0,차대차 - 기타,안전운전불이행,건조,맑음,단일로 - 기타,자전거,남,79세,경상,승용,여,49세,상해없음
2022072200100261,2022년 7월 22일 12시,금요일,울산광역시 동구 전하동,중상사고,0,1,0,0,차대차 - 정면충돌,안전운전불이행,건조,흐림,교차로 - 교차로안,화물,남,52세,상해없음,이륜,남,76세,중상
2022072200100326,2022년 7월 22일 14시,금요일,울산광역시 울주군 청량읍,경상사고,0,0,1,0,차대차 - 추돌,안전운전불이행,건조,맑음,교차로 - 교차로부근,승용,남,38세,상해없음,승용,남,28세,경상
2022072200100358,2022년 7월 22일 15시,금요일,울산광역시 울주군 온산읍,경상사고,0,0,2,0,차대차 - 정면충돌,안전운전불이행,건조,맑음,단일로 - 기타,승용,여,32세,경상,승용,남,54세,경상
2022072200100394,2022년 7월 22일 16시,금요일,울산광역시 동구 화정동,경상사고,0,0,1,0,차대차 - 후진중충돌,안전운전불이행,젖음/습기,흐림,단일로 - 기타,승용,여,51세,상해없음,이륜,남,33세,경상
2022072200100395,2022년 7월 22일 16시,금요일,울산광역시 북구 어물동,중상사고,0,1,1,0,차량단독 - 기타,안전운전불이행,건조,맑음,기타 - 기타,기타불명,여,67세,중상,,,,
2022072200100447,2022년 7월 22일 17시,금요일,울산광역시 중구 태화동,중상사고,0,1,0,0,차대차 - 기타,중앙선침범,건조,맑음,단일로 - 기타,승용,남,55세,상해없음,이륜,남,32세,중상
2022072200100448,2022년 7월 22일 17시,금요일,울산광역시 울주군 삼남읍,중상사고,0,1,0,0,차대사람 - 기타,안전운전불이행,건조,흐림,단일로 - 기타,화물,남,77세,상해없음,보행자,여,80세,중상
2022072200100483,2022년 7월 22일 18시,금요일,울산광역시 북구 진장동,중상사고,0,1,0,0,차대차 - 추돌,안전운전불이행,건조,맑음,단일로 - 기타,화물,남,54세,상해없음,이륜,남,36세,중상
2022072200100515,2022년 7월 22일 19시,금요일,울산광역시 중구 성남동,경상사고,0,0,1,0,차대사람 - 기타,안전운전불이행,건조,맑음,단일로 - 기타,화물,여,53세,상해없음,보행자,남,26세,경상
2022072200100516,2022년 7월 22일 19시,금요일,울산광역시 울주군 온산읍,부상신고사고,0,0,0,1,차대차 - 측면충돌,중앙선침범,건조,맑음,교차로 - 교차로안,승용,남,49세,상해없음,승용,남,49세,부상신고
2022072200100593,2022년 7월 22일 22시,금요일,울산광역시 북구 무룡동,중상사고,0,1,0,0,차대사람 - 길가장자리구역통행중,안전운전불이행,건조,흐림,단일로 - 기타,승용,여,53세,상해없음,보행자,남,75세,중상
2022072300100051,2022년 7월 23일 05시,토요일,울산광역시 남구 달동,경상사고,0,0,1,0,차대사람 - 기타,안전운전불이행,건조,맑음,단일로 - 기타,승용,남,44세,상해없음,보행자,여,27세,경상
2022072300100072,2022년 7월 23일 07시,토요일,울산광역시 중구 성안동,경상사고,0,0,1,0,차대차 - 측면충돌,안전운전불이행,건조,맑음,단일로 - 기타,승용,여,63세,상해없음,승합,남,42세,경상
2022072300100173,2022년 7월 23일 11시,토요일,울산광역시 울주군 온양읍,경상사고,0,0,1,0,차대사람 - 횡단중,안전운전불이행,건조,맑음,단일로 - 기타,승용,남,77세,상해없음,보행자,남,61세,경상