사고번호,사고일시,요일,시군구,사고내용,사망자수,중상자수,경상자수,부상신고자수,사고유형,법규위반,노면상태,기상상태,도로형태,가해운전자 차종,가해운전자 성별,가해운전자 연령,가해운전자 상해정도,피해운전자 차종,피해운전자 성별,피해운전자 연령,피해운전자 상해정도
2022080600100339,2022년 8월 6일 16시,토요일,울산광역시 동구 동부동,경상사고,0,0,1,0,차대차 - 기타,안전운전불이행,건조,맑음,교차로 - 교차로안,자전거,남,9세,경상,이륜,남,48세,상해없음
2022080600100365,2022년 8월 6일 17시,토요일,울산광역시 중구 반구동,중상사고,0,1,0,1,차대차 - 기타,안전거리미확보,건조,맑음,교차로 - 교차로부근,이륜,남,42세,부상신고,이륜,남,17세,중상
2022080600100415,2022년 8월 6일 19시,토요일,울산광역시 남구 달동,경상사고,0,0,1,0,차대차 - 기타,신호위반,건조,맑음,교차로 - 교차로안,이륜,남,17세,상해없음,이륜,남,62세,경상
2022080600100437,2022년 8월 6일 20시,토요일,울산광역시 북구 화봉동,경상사고,0,0,1,0,차대차 - 측면충돌,신호위반,건조,맑음,교차로 - 교차로부근,이륜,남,24세,경상,승용,남,39세,상해없음
2022080600100459,2022년 8월 6일 21시,토요일,울산광역시 북구 연암동,경상사고,0,0,2,0,차량단독 - 공작물충돌,안전운전불이행,건조,맑음,단일로 - 기타,승용,남,56세,상해없음,,,,
2022080600100496,2022년 8월 6일 23시,토요일,울산광역시 북구 송정동,경상사고,0,0,1,0,차대차 - 정면충돌,중앙선침범,건조,맑음,단일로 - 기타,승용,남,30세,기타불명,승용,남,35세,경상
2022080700100020,2022년 8월 7일 01시,일요일,울산광역시 동구 일산동,중상사고,0,1,1,1,차대사람 - 기타,보행자보호의무위반,건조,맑음,단일로 - 기타,이륜,남,32세,경상,보행자,남,31세,중상
2022080700100046,2022년 8월 7일 06시,일요일,울산광역시 남구 달동,경상사고,0,0,1,0,차대사람 - 기타,안전운전불이행,건조,맑음,교차로 - 교차로부근,승용,남,27세,상해없음,보행자,남,20세,경상
2022080700100053,2022년 8월 7일 07시,일요일,울산광역시 동구 방어동,중상사고,0,1,1,0,차대차 - 정면충돌,안전운전불이행,건조,맑음,교차로 - 교차로안,승용,여,39세,경상,이륜,남,53세,중상
2022080700100166,2022년 8월 7일 13시,일요일,울산광역시 울주군 상북면,중상사고,0,2,2,0,차대차 - 측면충돌,신호위반,건조,맑음,교차로 - 교차로횡단보도내,승용,남,50세,경상,승용,여,50세,중상
2022080700100197,2022년 8월 7일 14시,일요일,울산광역시 남구 달동,경상사고,0,0,1,0,차대차 - 측면충돌,안전운전불이행,건조,맑음,교차로 - 교차로부근,승용,남,20세,상해없음,이륜,남,35세,경상
2022080700100217,2022년 8월 7일 15시,일요일,울산광역시 중구 서동,경상사고,0,0,1,0,차대차 - 기타,교차로운행방법위반,건조,맑음,교차로 - 교차로안,승용,여,31세,기타불명,승용,여,54세,경상
2022080700100237,2022년 8월 7일 16시,일요일,울산광역시 중구 반구동,중상사고,0,1,0,0,차대차 - 측면충돌,안전운전불이행,건조,맑음,교차로 - 교차로안,자전거,남,33세,상해없음,자전거,여,62세,중상
2022080700100263,2022년 8월 7일 17시,일요일,울산광역시 중구 태화동,경상사고,0,0,5,0,차대차 - 기타,안전운전불이행,건조,맑음,단일로 - 기타,승용,남,70세,상해없음,승용,여,33세,경상
2022080700100292,2022년 8월 7일 18시,일요일,울산광역시 북구 호계동,경상사고,0,0,2,0,차대차 - 측면충돌,신호위반,건조,맑음,교차로 - 교차로안,승용,여,54세,상해없음,승용,남,29세,경상
2022080700100337,2022년 8월 7일 20시,일요일,울산광역시 중구 태화동,중상사고,0,1,1,1,차대차 - 추돌,안전운전불이행,건조,맑음,교차로 - 교차로안,승용,여,68세,부상신고,승용,남,63세,경상
2022080700100338,2022년 8월 7일 20시,일요일,울산광역시 남구 달동,중상사고,0,1,0,0,차대차 - 측면충돌,중앙선침범,건조,맑음,교차로 - 교차로안,화물,남,42세,상해없음,이륜,남,41세,중상
2022080700100339,2022년 8월 7일 20시,일요일,울산광역시 동구 서부동,경상사고,0,0,1,0,차대차 - 측면충돌,안전운전불이행,건조,맑음,교차로 - 교차로안,승합,여,53세,상해없음,승용,남,29세,경상
2022080700100378,2022년 8월 7일 23시,일요일,울산광역시 북구 염포동,경상사고,0,0,1,0,차대차 - 측면충돌,안전운전불이행,건조,맑음,단일로 - 기타,화물,남,55세,상해없음,이륜,남,24세,경상
2022080800100142,2022년 8월 8일 10시,월요일,울산광역시 중구 서동,경상사고,0,0,2,0,차대차 - 측면충돌,교차로운행방법위반,건조,맑음,교차로 - 교차로안,승용,남,71세,경상,승용,남,29세,경상
2022080800100457,2022년 8월 8일 19시,월요일,울산광역시 북구 호계동,중상사고,0,1,0,0,차대차 - 측면충돌,교차로운행방법위반,건조,맑음,교차로 - 교차로안,승용,여,33세,상해없음,이륜,남,45세,중상
2022080800100523,2022년 8월 8일 21시,월요일,울산광역시 울주군 온산읍,경상사고,0,0,1,1,차대차 - 측면충돌,기타,건조,맑음,교차로 - 교차로안,이륜,남,56세,경상,승용,여,48세,부상신고
2022080800100549,2022년 8월 8일 22시,월요일,울산광역시 중구 남외동,경상사고,0,0,2,0,차대사람 - 기타,안전운전불이행,건조,맑음,단일로 - 기타,자전거,남,15세,상해없음,보행자,여,58세,경상
2022080900100090,2022년 8월 9일 08시,화요일,울산광역시 북구 효문동,중상사고,0,1,0,0,차대차 - 측면충돌,직진우회전진행방해,건조,맑음,교차로 - 교차로안,화물,남,71세,상해없음,이륜,남,43세,중상
2022080900100214,2022년 8월 9일 12시,화요일,울산광역시 동구 일산동,중상사고,0,1,0,0,차대사람 - 기타,안전운전불이행,건조,흐림,교차로 - 교차로부근,승합,남,59세,상해없음,보행자,여,61세,중상
2022080900100233,2022년 8월 9일 13시,화요일,울산광역시 남구 달동,경상사고,0,0,1,0,차대차 - 추돌,안전운전불이행,건조,흐림,교차로 - 교차로안,승용,남,38세,상해없음,승용,여,40세,경상
2022080900100234,2022년 8월 9일 13시,화요일,울산광역시 동구 전하동,중상사고,0,1,0,0,차대차 - 추돌,안전운전불이행,건조,맑음,교차로 - 교차로안,승용,남,63세,상해없음,이륜,남,20세,중상
2022080900100235,2022년 8월 9일 13시,화요일,울산광역시 동구 서부동,경상사고,0,0,1,0,차대차 - 측면충돌,안전운전불이행,건조,맑음,교차로 - 교차로횡단보도내,승용,남,75세,상해없음,자전거,남,9세,경상
2022080900100321,2022년 8월 9일 16시,화요일,울산광역시 남구 달동,경상사고,0,0,1,0,차대사람 - 횡단중,보행자보호의무위반,건조,맑음,교차로 - 교차로횡단보도내,승용,여,33세,상해없음,보행자,남,15세,경상
2022080900100322,2022년 8월 9일 16시,화요일,울산광역시 북구 매곡동,경상사고,0,0,1,0,차대차 - 측면충돌,교차로운행방법위반,건조,맑음,교차로 - 교차로횡단보도내,승용,여,63세,상해없음,자전거,남,15세,경상
2022081000100030,2022년 8월 10일 03시,수요일,울산광역시 울주군 웅촌면,경상사고,0,0,2,0,차량단독 - 공작물충돌,안전운전불이행,건조,맑음,단일로 - 기타,승용,남,63세,상해없음,,,,
2022081000100173,2022년 8월 10일 11시,수요일,울산광역시 동구 전하동,중상사고,0,1,0,0,차대차 - 측면충돌,직진우회전진행방해,건조,맑음,교차로 - 교차로안,승용,남,32세,상해없음,이륜,남,45세,중상
2022081000100292,2022년 8월 10일 15시,수요일,울산광역시 울주군 청량읍,경상사고,0,0,2,0,차대차 - 측면충돌,교차로운행방법위반,건조,맑음,교차로 - 교차로안,화물,남,70세,상해없음,화물,여,20세,경상
2022081000100293,2022년 8월 10일 15시,수요일,울산광역시 북구 연암동,중상사고,0,1,0,0,차대차 - 기타,안전운전불이행,건조,맑음,기타 - 기타,승용,여,41세,상해없음,이륜,남,65세,중상
2022081000100364,2022년 8월 10일 17시,수요일,울산광역시 울주군 온산읍,경상사고,0,0,1,0,차대사람 - 기타,안전운전불이행,건조,맑음,기타 - 기타,승용,남,42세,상해없음,보행자,여,28세,경상
2022081000100365,2022년 8월 10일 17시,수요일,울산광역시 북구 달천동,경상사고,0,0,1,1,차대차 - 측면충돌,안전운전불이행,건조,맑음,단일로 - 기타,승용,여,62세,부상신고,승용,여,28세,경상
2022081000100405,2022년 8월 10일 18시,수요일,울산광역시 중구 복산동,경상사고,0,0,1,0,차대사람 - 기타,안전운전불이행,건조,맑음,단일로 - 기타,승용,남,24세,상해없음,보행자,여,71세,경상
2022081000100406,2022년 8월 10일 18시,수요일,울산광역시 남구 삼산동,경상사고,0,0,1,0,차대차 - 추돌,안전운전불이행,건조,맑음,교차로 - 교차로부근,승용,남,41세,상해없음,승용,남,31세,경상
2022081000100407,2022년 8월 10일 18시,수요일,울산광역시 울주군 삼동면,중상사고,0,1,0,0,차량단독 - 공작물충돌,안전운전불이행,건조,맑음,교차로 - 교차로안,승용,남,89세,중상,,,,
2022081000100441,2022년 8월 10일 19시,수요일,울산광역시 남구 야음동,중상사고,0,1,0,0,차대차 - 정면충돌,신호위반,건조,맑음,교차로 - 교차로부근,승용,남,64세,상해없음,이륜,남,35세,중상
2022081000100442,2022년 8월 10일 19시,수요일,울산광역시 북구 화봉동,경상사고,0,0,1,0,차대차 - 측면충돌,신호위반,건조,맑음,교차로 - 교차로안,승용,여,33세,상해없음,자전거,남,12세,경상
2022081000100505,2022년 8월 10일 21시,수요일,울산광역시 울주군 온양읍,중상사고,0,1,0,0,차대차 - 기타,중앙선침범,건조,맑음,교차로 - 교차로부근,승용,남,34세,상해없음,승용,여,60세,중상
2022081000100531,2022년 8월 10일 22시,수요일,울산광역시 남구 신정동,경상사고,0,0,2,0,차대차 - 추돌,안전운전불이행,건조,맑음,단일로 - 기타,이륜,남,17세,상해없음,이륜,남,17세,경상
2022081000100532,2022년 8월 10일 22시,수요일,울산광역시 북구 중산동,중상사고,0,1,1,0,차대차 - 기타,직진우회전진행방해,건조,맑음,교차로 - 교차로안,이륜,남,40세,중상,승용,남,33세,경상
2022081100100009,2022년 8월 11일 00시,목요일,울산광역시 중구 약사동,중상사고,0,1,0,0,차대사람 - 횡단중,보행자보호의무위반,건조,맑음,교차로 - 교차로횡단보도내,이륜,남,27세,상해없음,보행자,남,54세,중상
2022081100100010,2022년 8월 11일 00시,목요일,울산광역시 남구 달동,중상사고,0,1,0,0,차대사람 - 기타,안전운전불이행,건조,맑음,단일로 - 기타,승용,여,68세,상해없음,보행자,남,48세,중상
2022081100100092,2022년 8월 11일 08시,목요일,울산광역시 남구 삼산동,경상사고,0,0,1,0,차대차 - 측면충돌,안전운전불이행,건조,맑음,교차로 - 교차로부근,기타불명,기타불명,미분류,기타불명,승용,남,69세,경상
2022081100100131,2022년 8월 11일 10시,목요일,울산광역시 중구 유곡동,중상사고,0,1,0,0,차대사람 - 횡단중,안전운전불이행,젖음/습기,비,단일로 - 기타,승용,남,72세,상해없음,보행자,여,56세,중상
2022081100100192,2022년 8월 11일 12시,목요일,울산광역시 남구 달동,경상사고,0,0,1,0,차대사람 - 횡단중,신호위반,건조,맑음,교차로 - 교차로횡단보도내,이륜,남,17세,상해없음,보행자,남,15세,경상
2022081100100247,2022년 8월 11일 14시,목요일,울산광역시 남구 야음동,부상신고사고,0,0,0,1,차대차 - 정면충돌,안전운전불이행,건조,맑음,교차로 - 교차로안,이륜,남,59세,부상신고,화물,남,65세,상해없음
2022081100100248,2022년 8월 11일 14시,목요일,울산광역시 울주군 온산읍,중상사고,0,1,0,0,차대차 - 측면충돌,중앙선침범,건조,흐림,교차로 - 교차로안,화물,남,63세,상해없음,승용,여,40세,중상
2022081100100249,2022년 8월 11일 14시,목요일,울산광역시 북구 염포동,경상사고,0,0,1,0,차대차 - 추돌,안전운전불이행,건조,맑음,단일로 - 기타,이륜,남,42세,경상,화물,남,52세,상해없음
2022081100100285,2022년 8월 11일 15시,목요일,울산광역시 동구 일산동,중상사고,0,1,0,0,차대차 - 측면충돌,안전운전불이행,젖음/습기,비,단일로 - 기타,승용,남,55세,상해없음,이륜,남,61세,중상
2022081100100299,2022년 8월 11일 16시,목요일,울산광역시 울주군 청량읍,중상사고,0,1,0,0,차대차 - 추돌,안전운전불이행,젖음/습기,비,단일로 - 기타,승용,여,22세,상해없음,승용,여,56세,중상
2022081100100322,2022년 8월 11일 16시,목요일,울산광역시 울주군 온산읍,경상사고,0,0,1,0,차대사람 - 횡단중,보행자보호의무위반,젖음/습기,비,교차로 - 교차로안,승용,남,45세,상해없음,보행자,여,64세,경상
2022081100100323,2022년 8월 11일 16시,목요일,울산광역시 울주군 웅촌면,경상사고,0,0,1,0,차대차 - 측면충돌,안전운전불이행,기타,흐림,단일로 - 기타,자전거,남,60세,경상,승용,여,40세,상해없음
2022081100100362,2022년 8월 11일 17시,목요일,울산광역시 중구 반구동,경상사고,0,0,4,0,차대차 - 측면충돌,안전거리미확보,건조,맑음,단일로 - 기타,승용,여,67세,기타불명,승용,남,23세,경상
2022081100100363,2022년 8월 11일 17시,목요일,울산광역시 울주군 범서읍,경상사고,0,0,1,0,차대사람 - 기타,안전운전불이행,젖음/습기,비,기타 - 기타,승용,남,75세,상해없음,보행자,남,7세,경상
2022081100100421,2022년 8월 11일 19시,목요일,울산광역시 울주군 온양읍,중상사고,0,1,0,0,차대차 - 측면충돌,신호위반,건조,맑음,교차로 - 교차로안,승용,남,48세,상해없음,승용,여,56세,중상
2022081100100495,2022년 8월 11일 23시,목요일,울산광역시 남구 삼산동,경상사고,0,0,1,0,차대차 - 추돌,안전운전불이행,젖음/습기,흐림,교차로 - 교차로부근,승용,남,48세,상해없음,승용,남,23세,경상
2022081200100209,2022년 8월 12일 11시,금요일,울산광역시 남구 삼산동,중상사고,0,1,0,0,차대사람 - 횡단중,안전운전불이행,건조,맑음,교차로 - 교차로부근,승용,여,70세,상해없음,보행자,여,64세,중상
2022081200100353,2022년 8월 12일 15시,금요일,울산광역시 남구 무거동,중상사고,0,1,0,0,차대차 - 기타,차로위반,건조,맑음,단일로 - 기타,승용,남,56세,상해없음,이륜,남,42세,중상
2022081200100354,2022년 8월 12일 15시,금요일,울산광역시 북구 중산동,경상사고,0,0,1,0,차대차 - 추돌,안전거리미확보,건조,맑음,단일로 - 기타,승용,남,38세,상해없음,승용,남,30세,경상
2022081200100391,2022년 8월 12일 16시,금요일,울산광역시 남구 달동,경상사고,0,0,1,0,차대차 - 측면충돌,안전운전불이행,건조,맑음,교차로 - 교차로부근,승용,남,39세,상해없음,이륜,남,33세,경상
2022081200100485,2022년 8월 12일 18시,금요일,울산광역시 동구 일산동,경상사고,0,0,1,0,차대차 - 측면충돌,중앙선침범,건조,맑음,기타 - 기타,승용,여,20세,상해없음,승용,여,56세,경상
2022081200100598,2022년 8월 12일 21시,금요일,울산광역시 울주군 범서읍,경상사고,0,0,1,0,차대차 - 추돌,안전운전불이행,건조,맑음,단일로 - 기타,개인형이동수단(PM),남,26세,경상,승용,남,33세,기타불명
2022081300100046,2022년 8월 13일 04시,토요일,울산광역시 중구 반구동,중상사고,0,1,1,0,차대차 - 측면충돌,안전운전불이행,건조,맑음,단일로 - 기타,이륜,남,18세,경상,승용,남,70세,상해없음
2022081300100047,2022년 8월 13일 04시,토요일,울산광역시 남구 황성동,경상사고,0,0,1,0,차대차 - 측면충돌,신호위반,건조,맑음,교차로 - 교차로안,승용,남,62세,상해없음,승용,남,44세,경상
2022081300100084,2022년 8월 13일 08시,토요일,울산광역시 중구 반구동,중상사고,0,1,0,0,차대사람 - 기타,안전운전불이행,건조,맑음,단일로 - 기타,승용,남,29세,상해없음,보행자,여,66세,중상
2022081300100208,2022년 8월 13일 12시,토요일,울산광역시 중구 태화동,경상사고,0,0,1,0,차대차 - 추돌,안전거리미확보,건조,맑음,단일로 - 기타,화물,남,64세,상해없음,승용,여,58세,경상
2022081300100209,2022년 8월 13일 12시,토요일,울산광역시 북구 호계동,경상사고,0,0,3,0,차대차 - 기타,안전거리미확보,건조,맑음,단일로 - 기타,승용,남,67세,상해없음,승용,여,39세,경상
2022081300100244,2022년 8월 13일 13시,토요일,울산광역시 동구 화정동,경상사고,0,0,1,0,차대차 - 측면충돌,안전운전불이행,건조,맑음,교차로 - 교차로안,승합,남,48세,상해없음,이륜,남,37세,경상
2022081300100245,2022년 8월 13일 13시,토요일,울산광역시 울주군 삼남읍,경상사고,0,0,7,1,차대차 - 추돌,안전거리미확보,건조,맑음,단일로 - 지하차도(도로)내,승용,남,54세,상해없음,승용,여,47세,경상
2022081300100280,2022년 8월 13일 14시,토요일,울산광역시 울주군 온양읍,경상사고,0,0,1,0,차대차 - 측면충돌,안전운전불이행,건조,맑음,단일로 - 기타,승용,남,64세,상해없음,화물,남,38세,경상
2022081300100338,2022년 8월 13일 16시,토요일,울산광역시 남구 신정동,부상신고사고,0,0,0,1,차대차 - 측면충돌,안전거리미확보,건조,맑음,교차로 - 교차로안,승용,여,29세,상해없음,승용,남,32세,부상신고
2022081300100368,2022년 8월 13일 17시,토요일,울산광역시 중구 옥교동,중상사고,0,1,0,0,차량단독 - 기타,안전운전불이행,건조,맑음,단일로 - 기타,승합,남,39세,상해없음,,,,
2022081300100434,2022년 8월 13일 19시,토요일,울산광역시 남구 무거동,중상사고,0,1,0,0,차대차 - 기타,신호위반,젖음/습기,맑음,교차로 - 교차로부근,기타불명,기타불명,미분류,기타불명,이륜,남,40세,중상
2022081300100464,2022년 8월 13일 20시,토요일,울산광역시 남구 삼산동,경상사고,0,0,1,0,차대사람 - 횡단중,안전운전불이행,젖음/습기,비,교차로 - 교차로횡단보도내,승용,남,49세,상해없음,보행자,여,68세,경상
2022081300100465,2022년 8월 13일 20시,토요일,울산광역시 남구 삼산동,경상사고,0,0,1,0,차대차 - 기타,안전거리미확보,젖음/습기,흐림,단일로 - 기타,승용,남,26세,상해없음,이륜,남,47세,경상
2022081300100498,2022년 8월 13일 21시,토요일,울산광역시 울주군 온양읍,경상사고,0,0,1,0,차대사람 - 길가장자리구역통행중,안전운전불이행,건조,맑음,교차로 - 교차로부근,승용,여,38세,상해없음,보행자,남,68세,경상
2022081400100070,2022년 8월 14일 08시,일요일,울산광역시 북구 호계동,경상사고,0,0,2,1,차대차 - 측면충돌,신호위반,건조,맑음,교차로 - 교차로안,승용,남,54세,부상신고,승용,여,51세,경상
2022081400100147,2022년 8월 14일 12시,일요일,울산광역시 울주군 삼남읍,중상사고,0,1,2,0,차대차 - 측면충돌,안전거리미확보,건조,맑음,단일로 - 기타,화물,남,72세,상해없음,승용,남,29세,중상
2022081400100309,2022년 8월 14일 19시,일요일,울산광역시 울주군 언양읍,중상사고,0,1,0,0,차대차 - 기타,교차로운행방법위반,건조,기타,교차로 - 교차로안,화물,남,67세,상해없음,이륜,남,43세,중상
2022081500100007,2022년 8월 15일 00시,월요일,울산광역시 북구 연암동,경상사고,0,0,1,0,차량단독 - 전도전복 - 전도,안전운전불이행,건조,맑음,단일로 - 기타,이륜,남,27세,경상,,,,
2022081500100067,2022년 8월 15일 07시,월요일,울산광역시 동구 화정동,경상사고,0,0,1,0,차대차 - 측면충돌,직진우회전진행방해,건조,맑음,교차로 - 교차로안,승용,남,62세,상해없음,이륜,남,59세,경상
2022081500100091,2022년 8월 15일 09시,월요일,울산광역시 동구 전하동,경상사고,0,0,2,0,차대차 - 측면충돌,기타,건조,맑음,교차로 - 교차로안,이륜,여,67세,경상,이륜,남,28세,경상
2022081500100137,2022년 8월 15일 11시,월요일,울산광역시 남구 달동,경상사고,0,0,1,0,차대차 - 측면충돌,안전운전불이행,건조,맑음,단일로 - 기타,승용,여,63세,상해없음,승용,남,51세,경상
2022081500100292,2022년 8월 15일 16시,월요일,울산광역시 울주군 온산읍,경상사고,0,0,5,0,차대차 - 추돌,안전운전불이행,건조,흐림,단일로 - 기타,승용,남,26세,경상,승용,남,32세,경상
2022081500100293,2022년 8월 15일 16시,월요일,울산광역시 북구 화봉동,경상사고,0,0,1,0,차대차 - 추돌,안전운전불이행,건조,맑음,단일로 - 기타,이륜,남,59세,경상,승용,여,52세,상해없음
2022081500100322,2022년 8월 15일 17시,월요일,울산광역시 울주군 온산읍,중상사고,0,1,0,0,차대차 - 측면충돌,교차로운행방법위반,건조,맑음,교차로 - 교차로안,승용,남,21세,상해없음,승용,남,62세,중상
2022081500100347,2022년 8월 15일 18시,월요일,울산광역시 남구 신정동,중상사고,0,1,0,0,차대차 - 측면충돌,교차로운행방법위반,건조,맑음,교차로 - 교차로안,승용,여,57세,상해없음,이륜,남,29세,중상
2022081500100371,2022년 8월 15일 19시,월요일,울산광역시 울주군 청량읍,경상사고,0,0,1,0,차대사람 - 횡단중,보행자보호의무위반,건조,맑음,교차로 - 교차로안,승용,여,71세,상해없음,보행자,여,65세,경상
2022081500100417,2022년 8월 15일 21시,월요일,울산광역시 남구 부곡동,중상사고,0,1,0,0,차대차 - 정면충돌,신호위반,건조,맑음,교차로 - 교차로안,승용,남,24세,상해없음,승용,여,60세,중상
2022081500100418,2022년 8월 15일 21시,월요일,울산광역시 동구 일산동,중상사고,0,1,0,0,차대사람 - 차도통행중,안전운전불이행,건조,맑음,단일로 - 지하차도(도로)내,승합,여,40세,상해없음,보행자,남,62세,중상
2022081500100432,2022년 8월 15일 22시,월요일,울산광역시 중구 성남동,중상사고,0,1,2,0,차대차 - 기타,직진우회전진행방해,건조,맑음,교차로 - 교차로안,승용,여,15세,상해없음,승용,여,63세,중상
2022081600100024,2022년 8월 16일 03시,화요일,울산광역시 남구 달동,경상사고,0,0,1,0,차대사람 - 길가장자리구역통행중,안전운전불이행,건조,맑음,교차로 - 교차로부근,승용,남,20세,상해없음,보행자,남,50세,경상
2022081600100034,2022년 8월 16일 05시,화요일,울산광역시 동구 방어동,경상사고,0,0,1,0,차대차 - 측면충돌,신호위반,건조,흐림,교차로 - 교차로안,이륜,남,52세,상해없음,이륜,남,43세,경상
2022081600100093,2022년 8월 16일 08시,화요일,울산광역시 남구 선암동,경상사고,0,0,1,0,차대차 - 측면충돌,안전거리미확보,건조,맑음,단일로 - 기타,화물,남,44세,상해없음,승용,남,31세,경상
2022081600100094,2022년 8월 16일 08시,화요일,울산광역시 남구 달동,경상사고,0,0,1,0,차대사람 - 길가장자리구역통행중,안전운전불이행,젖음/습기,비,단일로 - 지하차도(도로)내,승용,남,25세,상해없음,보행자,남,51세,경상
2022081600100196,2022년 8월 16일 11시,화요일,울산광역시 울주군 온산읍,중상사고,0,1,0,0,차대차 - 기타,안전거리미확보,젖음/습기,흐림,단일로 - 기타,승용,여,44세,상해없음,이륜,남,36세,중상
2022081600100335,2022년 8월 16일 15시,화요일,울산광역시 북구 진장동,경상사고,0,0,1,0,차대차 - 측면충돌,교차로운행방법위반,젖음/습기,비,교차로 - 교차로안,승용,남,67세,상해없음,승용,남,53세,경상
2022081600100336,2022년 8월 16일 15시,화요일,울산광역시 북구 양정동,중상사고,0,1,0,1,차대차 - 추돌,안전운전불이행,건조,맑음,교차로 - 교차로부근,승용,남,36세,부상신고,승용,여,46세,상해없음
2022081600100457,2022년 8월 16일 18시,화요일,울산광역시 남구 달동,경상사고,0,0,1,0,차대차 - 기타,교차로운행방법위반,젖음/습기,비,교차로 - 교차로안,이륜,남,21세,상해없음,승합,남,37세,상해없음
2022081600100490,2022년 8월 16일 19시,화요일,울산광역시 동구 전하동,경상사고,0,0,1,0,차대사람 - 길가장자리구역통행중,안전운전불이행,젖음/습기,비,단일로 - 기타,이륜,남,47세,상해없음,보행자,남,55세,경상
2022081600100491,2022년 8월 16일 19시,화요일,울산광역시 울주군 삼남읍,경상사고,0,0,1,0,차대차 - 추돌,직진우회전진행방해,젖음/습기,비,교차로 - 교차로안,승용,남,63세,상해없음,승용,여,46세,경상
2022081600100554,2022년 8월 16일 22시,화요일,울산광역시 북구 진장동,경상사고,0,0,1,0,차대사람 - 횡단중,안전운전불이행,젖음/습기,비,교차로 - 교차로안,승용,남,65세,상해없음,보행자,남,47세,경상
2022081700100083,2022년 8월 17일 07시,수요일,울산광역시 동구 화정동,경상사고,0,0,2,0,차대차 - 기타,안전거리미확보,젖음/습기,비,단일로 - 기타,이륜,남,64세,경상,이륜,남,47세,경상
2022081700100181,2022년 8월 17일 10시,수요일,울산광역시 북구 천곡동,경상사고,0,0,1,0,차대차 - 측면충돌,안전운전불이행,건조,맑음,교차로 - 교차로부근,화물,남,51세,상해없음,자전거,남,11세,경상
2022081700100208,2022년 8월 17일 11시,수요일,울산광역시 울주군 삼남읍,경상사고,0,0,1,0,차대차 - 측면충돌,교차로운행방법위반,건조,맑음,교차로 - 교차로안,승용,남,37세,상해없음,승용,남,82세,상해없음
2022081700100283,2022년 8월 17일 13시,수요일,울산광역시 남구 옥동,경상사고,0,0,1,0,차대사람 - 횡단중,보행자보호의무위반,젖음/습기,비,교차로 - 교차로부근,승용,여,71세,상해없음,보행자,여,8세,경상
2022081700100314,2022년 8월 17일 14시,수요일,울산광역시 중구 서동,경상사고,0,0,1,0,차대차 - 기타,차로위반,건조,맑음,단일로 - 기타,승용,여,66세,상해없음,이륜,남,38세,경상
2022081700100315,2022년 8월 17일 14시,수요일,울산광역시 남구 달동,경상사고,0,0,2,0,차대차 - 측면충돌,안전운전불이행,건조,맑음,교차로 - 교차로부근,승용,여,30세,상해없음,승용,남,60세,경상
2022081700100360,2022년 8월 17일 15시,수요일,울산광역시 남구 삼산동,경상사고,0,0,1,0,차량단독 - 기타,안전운전불이행,건조,맑음,단일로 - 기타,승합,남,48세,상해없음,,,,
2022081700100391,2022년 8월 17일 16시,수요일,울산광역시 남구 옥동,경상사고,0,0,1,0,차대차 - 측면충돌,교차로운행방법위반,건조,흐림,교차로 - 교차로안,승용,여,48세,상해없음,승합,남,62세,경상
2022081700100438,2022년 8월 17일 17시,수요일,울산광역시 중구 학성동,경상사고,0,0,2,0,차대차 - 기타,교차로운행방법위반,건조,맑음,교차로 - 교차로안,승용,여,34세,경상,승합,남,45세,경상
2022081700100439,2022년 8월 17일 17시,수요일,울산광역시 울주군 온산읍,경상사고,0,0,2,0,차대차 - 추돌,안전거리미확보,건조,맑음,교차로 - 교차로부근,승용,남,29세,기타불명,승용,남,37세,경상
2022081800100009,2022년 8월 18일 00시,목요일,울산광역시 남구 달동,경상사고,0,0,3,0,차대차 - 정면충돌,중앙선침범,젖음/습기,비,단일로 - 지하차도(도로)내,승용,여,32세,상해없음,이륜,남,24세,경상
2022081800100010,2022년 8월 18일 00시,목요일,울산광역시 동구 동부동,경상사고,0,0,1,0,차대사람 - 횡단중,보행자보호의무위반,건조,맑음,교차로 - 교차로안,화물,남,45세,상해없음,보행자,남,36세,경상
2022081800100144,2022년 8월 18일 09시,목요일,울산광역시 남구 신정동,경상사고,0,0,2,0,차대차 - 측면충돌,신호위반,건조,맑음,교차로 - 교차로안,승용,남,45세,상해없음,승용,남,79세,경상
2022081800100145,2022년 8월 18일 09시,목요일,울산광역시 북구 명촌동,중상사고,0,1,0,0,차대차 - 측면충돌,안전거리미확보,건조,맑음,단일로 - 교량,승용,여,43세,상해없음,승용,남,51세,중상
2022081800100218,2022년 8월 18일 11시,목요일,울산광역시 북구 상안동,경상사고,0,0,1,0,차대차 - 측면충돌,안전운전불이행,건조,맑음,교차로 - 교차로부근,승용,남,83세,상해없음,승용,여,71세,경상
2022081800100247,2022년 8월 18일 12시,목요일,울산광역시 남구 삼산동,경상사고,0,0,1,0,차대차 - 추돌,안전거리미확보,건조,맑음,단일로 - 기타,승용,남,65세,상해없음,승용,남,64세,경상