사고번호,사고일시,요일,시군구,사고내용,사망자수,중상자수,경상자수,부상신고자수,사고유형,법규위반,노면상태,기상상태,도로형태,가해운전자 차종,가해운전자 성별,가해운전자 연령,가해운전자 상해정도,피해운전자 차종,피해운전자 성별,피해운전자 연령,피해운전자 상해정도
2022102700100357,2022년 10월 27일 14시,목요일,울산광역시 중구 학산동,부상신고사고,0,0,0,1,차대차 - 기타,직진우회전진행방해,건조,맑음,단일로 - 기타,승용,남,66세,상해없음,승용,남,58세,부상신고
2022102700100484,2022년 10월 27일 17시,목요일,울산광역시 북구 양정동,경상사고,0,0,1,0,차대차 - 측면충돌,안전운전불이행,건조,맑음,단일로 - 기타,승용,남,60세,상해없음,자전거,남,61세,경상
2022102700100599,2022년 10월 27일 19시,목요일,울산광역시 남구 신정동,중상사고,0,1,0,0,차대차 - 측면충돌,기타,건조,맑음,교차로 - 교차로부근,승용,남,68세,상해없음,이륜,남,29세,중상
2022102700100622,2022년 10월 27일 20시,목요일,울산광역시 남구 삼산동,중상사고,0,1,0,0,차대사람 - 길가장자리구역통행중,안전운전불이행,건조,맑음,교차로 - 교차로안,승용,남,63세,상해없음,보행자,여,58세,중상
2022102700100664,2022년 10월 27일 22시,목요일,울산광역시 중구 복산동,중상사고,0,1,0,0,차대사람 - 횡단중,신호위반,건조,맑음,교차로 - 교차로부근,승용,남,64세,상해없음,보행자,남,62세,중상
2022102800100129,2022년 10월 28일 08시,금요일,울산광역시 중구 성안동,경상사고,0,0,1,0,차대차 - 측면충돌,직진우회전진행방해,건조,맑음,교차로 - 교차로안,승용,여,64세,상해없음,승용,여,46세,경상
2022102800100130,2022년 10월 28일 08시,금요일,울산광역시 남구 야음동,경상사고,0,0,1,0,차대사람 - 횡단중,안전운전불이행,건조,맑음,교차로 - 교차로안,승용,남,41세,상해없음,보행자,남,72세,경상
2022102800100131,2022년 10월 28일 08시,금요일,울산광역시 남구 무거동,경상사고,0,0,1,0,차대차 - 측면충돌,교차로운행방법위반,건조,맑음,교차로 - 교차로안,승용,남,81세,상해없음,승용,여,26세,경상
2022102800100132,2022년 10월 28일 08시,금요일,울산광역시 울주군 온산읍,중상사고,0,1,0,0,차대차 - 기타,차로위반,건조,맑음,교차로 - 교차로안,승용,남,64세,상해없음,승용,여,28세,중상
2022102800100253,2022년 10월 28일 11시,금요일,울산광역시 남구 여천동,부상신고사고,0,0,0,1,차대차 - 측면충돌,안전거리미확보,건조,맑음,단일로 - 지하차도(도로)내,승용,여,24세,상해없음,특수,남,55세,상해없음
2022102800100286,2022년 10월 28일 12시,금요일,울산광역시 중구 태화동,중상사고,0,1,0,0,차대사람 - 차도통행중,안전운전불이행,건조,맑음,단일로 - 기타,승용,남,25세,상해없음,보행자,남,79세,중상
2022102800100324,2022년 10월 28일 13시,금요일,울산광역시 울주군 온산읍,경상사고,0,0,1,0,차대차 - 측면충돌,안전거리미확보,건조,맑음,단일로 - 기타,건설기계,남,59세,상해없음,승용,남,65세,경상
2022102800100420,2022년 10월 28일 15시,금요일,울산광역시 북구 명촌동,경상사고,0,0,2,0,차대차 - 측면충돌,안전운전불이행,건조,맑음,단일로 - 기타,자전거,남,60세,상해없음,원동기,남,47세,경상
2022102800100511,2022년 10월 28일 17시,금요일,울산광역시 남구 신정동,경상사고,0,0,1,0,차대사람 - 차도통행중,안전운전불이행,젖음/습기,비,단일로 - 기타,이륜,남,27세,상해없음,보행자,여,56세,경상
2022102800100512,2022년 10월 28일 17시,금요일,울산광역시 북구 상안동,중상사고,0,1,1,0,차대차 - 측면충돌,신호위반,젖음/습기,비,교차로 - 교차로안,승용,여,55세,상해없음,승용,여,30세,중상
2022102800100597,2022년 10월 28일 18시,금요일,울산광역시 남구 신정동,중상사고,0,1,0,0,차대차 - 추돌,안전운전불이행,건조,맑음,교차로 - 교차로부근,승용,여,22세,상해없음,승용,남,43세,중상
2022102800100598,2022년 10월 28일 18시,금요일,울산광역시 동구 서부동,경상사고,0,0,1,0,차대차 - 측면충돌,안전운전불이행,젖음/습기,맑음,교차로 - 교차로안,화물,남,64세,상해없음,이륜,여,62세,경상
2022102800100699,2022년 10월 28일 20시,금요일,울산광역시 울주군 온산읍,경상사고,0,0,1,0,차대차 - 정면충돌,중앙선침범,젖음/습기,비,교차로 - 교차로부근,승용,여,64세,상해없음,승용,여,34세,경상
2022102800100762,2022년 10월 28일 23시,금요일,울산광역시 울주군 언양읍,부상신고사고,0,0,0,1,차대차 - 측면충돌,교차로운행방법위반,건조,맑음,교차로 - 교차로부근,승용,남,18세,상해없음,승용,여,57세,기타불명
2022102900100014,2022년 10월 29일 00시,토요일,울산광역시 중구 약사동,부상신고사고,0,0,0,1,차대차 - 측면충돌,안전운전불이행,건조,맑음,교차로 - 교차로부근,개인형이동수단(PM),남,30세,부상신고,승용,남,60세,상해없음
2022102900100015,2022년 10월 29일 00시,토요일,울산광역시 남구 삼산동,중상사고,0,1,1,0,차대차 - 추돌,안전운전불이행,건조,맑음,교차로 - 교차로안,승용,여,61세,상해없음,이륜,남,23세,경상
2022102900100023,2022년 10월 29일 01시,토요일,울산광역시 북구 명촌동,경상사고,0,0,1,0,차대차 - 측면충돌,안전운전불이행,건조,맑음,단일로 - 기타,승용,남,23세,상해없음,승용,남,70세,상해없음
2022102900100074,2022년 10월 29일 07시,토요일,울산광역시 동구 방어동,경상사고,0,0,1,0,차대차 - 측면충돌,교차로운행방법위반,젖음/습기,흐림,교차로 - 교차로안,이륜,남,42세,상해없음,자전거,남,56세,경상
2022102900100161,2022년 10월 29일 10시,토요일,울산광역시 울주군 온산읍,중상사고,0,2,0,3,차대차 - 측면충돌,교차로운행방법위반,건조,맑음,교차로 - 교차로안,승용,여,52세,부상신고,승용,여,49세,중상
2022102900100213,2022년 10월 29일 11시,토요일,울산광역시 중구 다운동,경상사고,0,0,2,0,차대차 - 측면충돌,안전거리미확보,건조,맑음,교차로 - 교차로부근,승용,여,65세,상해없음,승용,여,64세,경상
2022102900100327,2022년 10월 29일 14시,토요일,울산광역시 북구 연암동,중상사고,0,1,1,0,차대차 - 추돌,안전운전불이행,건조,맑음,교차로 - 교차로안,화물,남,60세,상해없음,승용,남,50세,경상
2022102900100359,2022년 10월 29일 15시,토요일,울산광역시 동구 화정동,중상사고,0,1,0,0,차대차 - 기타,신호위반,건조,흐림,교차로 - 교차로안,승용,여,34세,상해없음,이륜,남,74세,중상
2022102900100402,2022년 10월 29일 16시,토요일,울산광역시 동구 방어동,중상사고,0,1,0,0,차대차 - 측면충돌,안전거리미확보,젖음/습기,흐림,단일로 - 기타,승용,여,61세,상해없음,이륜,남,64세,중상
2022102900100439,2022년 10월 29일 17시,토요일,울산광역시 울주군 온산읍,부상신고사고,0,0,0,1,차대사람 - 기타,보행자보호의무위반,건조,맑음,단일로 - 기타,승용,남,70세,상해없음,보행자,여,43세,부상신고
2022102900100479,2022년 10월 29일 18시,토요일,울산광역시 남구 무거동,경상사고,0,0,1,0,차대차 - 측면충돌,안전운전불이행,건조,맑음,교차로 - 교차로부근,승용,남,69세,상해없음,승용,남,59세,경상
2022102900100480,2022년 10월 29일 18시,토요일,울산광역시 북구 화봉동,경상사고,0,0,1,0,차대차 - 추돌,안전운전불이행,건조,맑음,단일로 - 기타,화물,남,32세,상해없음,승합,남,42세,경상
2022102900100523,2022년 10월 29일 19시,토요일,울산광역시 중구 남외동,중상사고,0,1,0,0,차대차 - 측면충돌,신호위반,건조,맑음,교차로 - 교차로안,이륜,남,17세,중상,이륜,남,38세,상해없음
2022102900100524,2022년 10월 29일 19시,토요일,울산광역시 울주군 언양읍,중상사고,0,1,0,0,차대사람 - 횡단중,신호위반,건조,맑음,교차로 - 교차로횡단보도내,승용,남,65세,상해없음,보행자,여,57세,중상
2022102900100561,2022년 10월 29일 20시,토요일,울산광역시 동구 전하동,경상사고,0,0,1,0,차대사람 - 차도통행중,안전운전불이행,건조,맑음,단일로 - 지하차도(도로)내,승용,남,57세,상해없음,보행자,여,55세,경상
2022102900100562,2022년 10월 29일 20시,토요일,울산광역시 동구 화정동,부상신고사고,0,0,0,1,차대차 - 기타,직진우회전진행방해,젖음/습기,흐림,교차로 - 교차로안,승용,남,57세,상해없음,이륜,남,17세,부상신고
2022102900100633,2022년 10월 29일 22시,토요일,울산광역시 남구 무거동,중상사고,0,1,0,0,차대차 - 정면충돌,직진우회전진행방해,건조,맑음,교차로 - 교차로안,원동기,남,33세,상해없음,개인형이동수단(PM),남,15세,상해없음
2022102900100634,2022년 10월 29일 22시,토요일,울산광역시 남구 달동,부상신고사고,0,0,0,1,차대사람 - 길가장자리구역통행중,안전운전불이행,건조,맑음,단일로 - 지하차도(도로)내,기타불명,기타불명,미분류,기타불명,보행자,여,28세,부상신고
2022103000100066,2022년 10월 30일 05시,일요일,울산광역시 남구 여천동,중상사고,0,1,0,0,차대차 - 측면충돌,신호위반,건조,맑음,교차로 - 교차로안,승용,남,66세,상해없음,승용,남,59세,중상
2022103000100088,2022년 10월 30일 07시,일요일,울산광역시 동구 전하동,중상사고,0,1,1,0,차대차 - 측면충돌,직진우회전진행방해,건조,흐림,교차로 - 교차로안,승용,여,54세,경상,이륜,남,38세,중상
2022103000100142,2022년 10월 30일 10시,일요일,울산광역시 중구 태화동,경상사고,0,0,2,0,차대차 - 후진중충돌,안전운전불이행,젖음/습기,비,교차로 - 교차로안,승용,남,77세,상해없음,승용,남,24세,경상
2022103000100143,2022년 10월 30일 10시,일요일,울산광역시 중구 복산동,경상사고,0,0,1,0,차대차 - 추돌,안전운전불이행,건조,맑음,교차로 - 교차로부근,승용,여,51세,상해없음,승용,남,59세,경상
2022103000100205,2022년 10월 30일 12시,일요일,울산광역시 북구 화봉동,중상사고,0,1,0,0,차대차 - 기타,직진우회전진행방해,젖음/습기,비,교차로 - 교차로부근,승용,남,43세,상해없음,이륜,남,62세,중상
2022103000100217,2022년 10월 30일 13시,일요일,울산광역시 울주군 삼남읍,경상사고,0,0,1,1,차대차 - 추돌,안전거리미확보,건조,맑음,단일로 - 기타,승용,남,31세,상해없음,승용,남,58세,경상
2022103000100237,2022년 10월 30일 13시,일요일,울산광역시 북구 연암동,중상사고,0,1,3,1,차대차 - 측면충돌,교차로운행방법위반,건조,맑음,교차로 - 교차로안,승용,여,45세,경상,승용,남,57세,경상
2022103000100249,2022년 10월 30일 14시,일요일,울산광역시 울주군 온양읍,중상사고,0,2,0,0,차대차 - 기타,안전거리미확보,건조,맑음,단일로 - 기타,승용,남,61세,상해없음,승용,남,23세,중상
2022103000100384,2022년 10월 30일 18시,일요일,울산광역시 울주군 온산읍,경상사고,0,0,2,0,차대차 - 추돌,안전거리미확보,건조,맑음,교차로 - 교차로부근,승용,남,64세,상해없음,화물,남,53세,경상
2022103000100430,2022년 10월 30일 21시,일요일,울산광역시 남구 야음동,경상사고,0,0,2,0,차대차 - 측면충돌,안전운전불이행,건조,맑음,교차로 - 교차로부근,이륜,남,19세,상해없음,승용,여,48세,경상
2022103000100440,2022년 10월 30일 22시,일요일,울산광역시 남구 신정동,중상사고,0,1,3,0,차대차 - 추돌,안전운전불이행,건조,맑음,단일로 - 교량,이륜,남,26세,중상,승용,남,54세,경상
2022103100100011,2022년 10월 31일 02시,월요일,울산광역시 북구 진장동,경상사고,0,0,1,0,차대차 - 추돌,안전운전불이행,건조,맑음,교차로 - 교차로부근,승용,남,46세,상해없음,승용,남,32세,경상
2022103100100028,2022년 10월 31일 05시,월요일,울산광역시 중구 교동,중상사고,0,1,0,0,차대사람 - 횡단중,안전운전불이행,건조,맑음,단일로 - 기타,승용,여,61세,상해없음,보행자,여,79세,중상
2022103100100109,2022년 10월 31일 08시,월요일,울산광역시 북구 송정동,경상사고,0,0,2,0,차대차 - 측면충돌,안전거리미확보,건조,맑음,단일로 - 기타,화물,남,46세,상해없음,승용,여,62세,경상
2022103100100148,2022년 10월 31일 09시,월요일,울산광역시 북구 중산동,경상사고,0,0,2,0,차대차 - 추돌,안전운전불이행,건조,맑음,교차로 - 교차로부근,화물,여,57세,상해없음,승용,여,56세,경상
2022103100100284,2022년 10월 31일 13시,월요일,울산광역시 북구 신현동,경상사고,0,0,1,0,차대차 - 측면충돌,안전거리미확보,건조,맑음,단일로 - 기타,승용,남,66세,상해없음,화물,남,60세,경상
2022103100100319,2022년 10월 31일 14시,월요일,울산광역시 중구 학성동,경상사고,0,0,5,0,차대차 - 추돌,안전운전불이행,건조,맑음,단일로 - 기타,승용,남,54세,상해없음,승용,남,77세,경상
2022103100100435,2022년 10월 31일 17시,월요일,울산광역시 북구 송정동,경상사고,0,0,1,0,차대사람 - 차도통행중,안전운전불이행,건조,맑음,단일로 - 기타,승용,남,66세,상해없음,보행자,여,61세,경상
2022103100100502,2022년 10월 31일 18시,월요일,울산광역시 남구 옥동,중상사고,0,1,0,0,차량단독 - 전도전복 - 전복,안전운전불이행,건조,맑음,교차로 - 교차로부근,자전거,남,52세,중상,,,,
2022103100100503,2022년 10월 31일 18시,월요일,울산광역시 동구 일산동,경상사고,0,0,1,0,차대차 - 측면충돌,안전운전불이행,젖음/습기,맑음,교차로 - 교차로안,화물,남,67세,상해없음,이륜,남,50세,경상
2022103100100541,2022년 10월 31일 19시,월요일,울산광역시 동구 방어동,경상사고,0,0,1,0,차대사람 - 차도통행중,안전운전불이행,건조,맑음,교차로 - 교차로안,화물,남,42세,상해없음,보행자,남,10세,경상
2022110100100053,2022년 11월 1일 06시,화요일,울산광역시 울주군 범서읍,경상사고,0,0,1,1,차대차 - 추돌,안전거리미확보,건조,맑음,단일로 - 기타,승용,남,68세,상해없음,승용,여,39세,경상
2022110100100054,2022년 11월 1일 06시,화요일,울산광역시 울주군 언양읍,중상사고,0,1,0,0,차대사람 - 기타,기타,건조,맑음,단일로 - 기타,승합,남,43세,상해없음,보행자,여,75세,중상
2022110100100069,2022년 11월 1일 07시,화요일,울산광역시 북구 염포동,경상사고,0,0,1,0,차대차 - 측면충돌,안전거리미확보,건조,맑음,단일로 - 기타,승합,남,30세,상해없음,승용,남,84세,상해없음
2022110100100231,2022년 11월 1일 12시,화요일,울산광역시 북구 양정동,경상사고,0,0,2,0,차대차 - 추돌,안전운전불이행,건조,맑음,단일로 - 기타,승용,여,37세,경상,승용,여,57세,경상
2022110100100304,2022년 11월 1일 14시,화요일,울산광역시 울주군 온산읍,부상신고사고,0,0,0,1,차량단독 - 기타,안전운전불이행,건조,맑음,단일로 - 기타,승용,남,64세,상해없음,,,,
2022110100100347,2022년 11월 1일 15시,화요일,울산광역시 남구 삼산동,경상사고,0,0,1,0,차대사람 - 기타,안전운전불이행,건조,맑음,기타 - 기타,승용,여,36세,상해없음,보행자,여,31세,경상
2022110100100348,2022년 11월 1일 15시,화요일,울산광역시 북구 호계동,경상사고,0,0,1,0,차대차 - 측면충돌,교차로운행방법위반,건조,맑음,단일로 - 기타,승용,여,64세,상해없음,화물,남,35세,경상
2022110100100506,2022년 11월 1일 18시,화요일,울산광역시 남구 여천동,중상사고,0,1,0,0,차대차 - 측면충돌,안전운전불이행,건조,맑음,교차로 - 교차로안,승용,남,27세,상해없음,이륜,남,70세,중상
2022110100100507,2022년 11월 1일 18시,화요일,울산광역시 동구 화정동,중상사고,0,1,0,0,차대차 - 기타,안전운전불이행,건조,맑음,단일로 - 기타,기타불명,기타불명,미분류,기타불명,자전거,여,59세,중상
2022110100100547,2022년 11월 1일 19시,화요일,울산광역시 북구 화봉동,경상사고,0,0,1,0,차대차 - 추돌,안전운전불이행,건조,맑음,교차로 - 교차로부근,승용,남,26세,상해없음,승용,여,45세,경상
2022110100100627,2022년 11월 1일 23시,화요일,울산광역시 남구 달동,중상사고,0,1,0,0,차대차 - 추돌,안전운전불이행,건조,맑음,교차로 - 교차로부근,승용,여,44세,상해없음,이륜,남,60세,중상
2022110200100062,2022년 11월 2일 06시,수요일,울산광역시 울주군 온산읍,중상사고,0,1,0,0,차대사람 - 기타,안전운전불이행,건조,맑음,단일로 - 기타,승용,여,56세,상해없음,보행자,남,72세,중상
2022110200100197,2022년 11월 2일 10시,수요일,울산광역시 북구 명촌동,경상사고,0,0,2,0,차대차 - 추돌,안전거리미확보,건조,맑음,단일로 - 기타,화물,남,48세,상해없음,화물,남,58세,경상
2022110200100278,2022년 11월 2일 13시,수요일,울산광역시 북구 천곡동,중상사고,0,1,0,0,차대사람 - 횡단중,보행자보호의무위반,건조,맑음,교차로 - 교차로횡단보도내,승용,남,72세,상해없음,보행자,남,7세,중상
2022110200100350,2022년 11월 2일 15시,수요일,울산광역시 남구 달동,경상사고,0,0,2,0,차대차 - 정면충돌,교차로운행방법위반,건조,맑음,교차로 - 교차로부근,승용,남,34세,상해없음,승용,남,43세,경상
2022110200100400,2022년 11월 2일 16시,수요일,울산광역시 중구 반구동,경상사고,0,0,1,0,차대차 - 측면충돌,안전운전불이행,건조,맑음,단일로 - 기타,승용,남,25세,상해없음,승용,남,27세,경상
2022110200100447,2022년 11월 2일 17시,수요일,울산광역시 중구 남외동,경상사고,0,0,12,0,차대차 - 기타,신호위반,건조,맑음,교차로 - 교차로안,승합,여,44세,상해없음,승합,남,45세,경상
2022110200100497,2022년 11월 2일 18시,수요일,울산광역시 울주군 웅촌면,경상사고,0,0,1,0,차량단독 - 공작물충돌,안전운전불이행,건조,맑음,단일로 - 기타,화물,남,57세,경상,,,,
2022110300100113,2022년 11월 3일 08시,목요일,울산광역시 북구 염포동,중상사고,0,1,0,0,차대차 - 측면충돌,안전운전불이행,건조,맑음,단일로 - 기타,승용,남,69세,상해없음,이륜,남,48세,중상
2022110300100144,2022년 11월 3일 09시,목요일,울산광역시 남구 삼산동,경상사고,0,0,1,0,차대차 - 정면충돌,직진우회전진행방해,건조,맑음,교차로 - 교차로안,승용,여,53세,상해없음,승용,여,50세,상해없음
2022110300100214,2022년 11월 3일 11시,목요일,울산광역시 울주군 온산읍,부상신고사고,0,0,0,1,차대사람 - 기타,기타,건조,맑음,기타 - 기타,승용,남,62세,상해없음,보행자,여,69세,부상신고
2022110300100402,2022년 11월 3일 17시,목요일,울산광역시 울주군 청량읍,중상사고,0,1,0,0,차대사람 - 기타,안전운전불이행,건조,맑음,기타 - 기타,화물,남,44세,상해없음,보행자,남,12세,중상
2022110300100403,2022년 11월 3일 17시,목요일,울산광역시 울주군 서생면,경상사고,0,0,1,0,차대사람 - 길가장자리구역통행중,안전운전불이행,건조,맑음,교차로 - 교차로안,승용,남,27세,상해없음,보행자,남,48세,경상
2022110400100051,2022년 11월 4일 06시,금요일,울산광역시 남구 신정동,경상사고,0,0,1,0,차대차 - 후진중충돌,안전운전불이행,건조,맑음,교차로 - 교차로안,승용,남,62세,상해없음,승용,여,41세,경상
2022110400100127,2022년 11월 4일 08시,금요일,울산광역시 중구 복산동,부상신고사고,0,0,0,1,차대차 - 기타,안전운전불이행,건조,맑음,단일로 - 기타,승용,여,53세,상해없음,승합,남,47세,부상신고
2022110400100527,2022년 11월 4일 17시,금요일,울산광역시 남구 신정동,부상신고사고,0,0,0,1,차대사람 - 횡단중,보행자보호의무위반,건조,맑음,교차로 - 교차로횡단보도내,자전거,남,46세,상해없음,보행자,여,14세,부상신고
2022110400100528,2022년 11월 4일 17시,금요일,울산광역시 동구 방어동,경상사고,0,0,1,0,차대차 - 기타,안전운전불이행,건조,맑음,단일로 - 지하차도(도로)내,승용,남,44세,상해없음,이륜,남,25세,경상
2022110400100529,2022년 11월 4일 17시,금요일,울산광역시 동구 일산동,경상사고,0,0,1,0,차대차 - 측면충돌,직진우회전진행방해,건조,맑음,교차로 - 교차로안,이륜,남,45세,경상,화물,남,49세,상해없음
2022110400100530,2022년 11월 4일 17시,금요일,울산광역시 울주군 청량읍,경상사고,0,0,1,0,차대차 - 측면충돌,안전거리미확보,건조,맑음,교차로 - 교차로부근,승용,남,73세,상해없음,승용,남,41세,경상
2022110400100660,2022년 11월 4일 19시,금요일,울산광역시 남구 무거동,경상사고,0,0,1,0,차대사람 - 길가장자리구역통행중,안전운전불이행,건조,맑음,교차로 - 교차로부근,승용,남,58세,상해없음,보행자,남,10세,경상
2022110400100697,2022년 11월 4일 20시,금요일,울산광역시 울주군 언양읍,경상사고,0,0,1,0,차대차 - 측면충돌,안전운전불이행,건조,맑음,교차로 - 교차로안,승용,여,40세,상해없음,이륜,남,66세,경상
2022110500100290,2022년 11월 5일 13시,토요일,울산광역시 중구 성남동,경상사고,0,0,1,0,차대사람 - 기타,안전운전불이행,건조,맑음,단일로 - 기타,승용,남,65세,상해없음,보행자,여,23세,경상
2022110500100291,2022년 11월 5일 13시,토요일,울산광역시 중구 유곡동,경상사고,0,0,3,0,차대차 - 측면충돌,차로위반,건조,맑음,단일로 - 기타,승용,여,46세,상해없음,승용,남,22세,경상
2022110500100440,2022년 11월 5일 16시,토요일,울산광역시 북구 호계동,중상사고,0,1,0,0,차대사람 - 차도통행중,안전운전불이행,건조,맑음,단일로 - 기타,승용,남,49세,상해없음,보행자,여,82세,중상
2022110500100528,2022년 11월 5일 18시,토요일,울산광역시 남구 무거동,경상사고,0,0,2,0,차대차 - 측면충돌,안전거리미확보,건조,맑음,단일로 - 교량,승용,여,26세,상해없음,승용,남,30세,경상
2022110500100546,2022년 11월 5일 19시,토요일,울산광역시 울주군 두서면,경상사고,0,0,2,0,차대차 - 기타,안전거리미확보,건조,맑음,단일로 - 기타,화물,남,39세,상해없음,승용,남,70세,경상
2022110500100645,2022년 11월 5일 23시,토요일,울산광역시 남구 삼산동,중상사고,0,1,1,0,차대사람 - 길가장자리구역통행중,안전운전불이행,건조,맑음,단일로 - 지하차도(도로)내,개인형이동수단(PM),남,30세,경상,보행자,남,39세,중상
2022110600100064,2022년 11월 6일 05시,일요일,울산광역시 동구 일산동,경상사고,0,0,1,0,차대차 - 추돌,안전거리미확보,건조,맑음,교차로 - 교차로부근,승용,남,37세,상해없음,승용,남,55세,경상
2022110600100075,2022년 11월 6일 06시,일요일,울산광역시 중구 태화동,경상사고,0,0,1,0,차대차 - 측면충돌,교차로운행방법위반,건조,맑음,교차로 - 교차로안,승용,여,21세,상해없음,승용,여,56세,경상
2022110600100199,2022년 11월 6일 12시,일요일,울산광역시 울주군 두서면,경상사고,0,0,4,0,차대차 - 추돌,안전거리미확보,건조,맑음,교차로 - 교차로부근,승용,남,59세,상해없음,승용,남,47세,경상
2022110600100284,2022년 11월 6일 14시,일요일,울산광역시 북구 중산동,경상사고,0,0,1,0,차대사람 - 기타,안전운전불이행,건조,맑음,주차장 - 주차장,승용,남,31세,상해없음,보행자,여,21세,경상
2022110600100316,2022년 11월 6일 15시,일요일,울산광역시 남구 옥동,경상사고,0,0,1,0,차대차 - 추돌,안전운전불이행,건조,맑음,기타 - 기타,이륜,남,17세,상해없음,승용,남,24세,경상
2022110600100317,2022년 11월 6일 15시,일요일,울산광역시 남구 신정동,경상사고,0,0,2,0,차대차 - 기타,안전운전불이행,건조,맑음,교차로 - 교차로안,승용,여,40세,상해없음,승용,여,35세,경상
2022110600100375,2022년 11월 6일 17시,일요일,울산광역시 중구 성남동,중상사고,0,1,0,0,차대사람 - 횡단중,안전운전불이행,건조,맑음,교차로 - 교차로안,승용,여,53세,상해없음,보행자,여,20세,중상
2022110600100421,2022년 11월 6일 18시,일요일,울산광역시 남구 신정동,경상사고,0,0,1,0,차대차 - 추돌,안전운전불이행,건조,맑음,교차로 - 교차로부근,승용,여,64세,상해없음,승용,남,52세,경상
2022110600100461,2022년 11월 6일 19시,일요일,울산광역시 남구 삼산동,경상사고,0,0,6,0,차대차 - 측면충돌,신호위반,건조,맑음,교차로 - 교차로안,승용,여,75세,상해없음,승용,남,34세,경상
2022110600100462,2022년 11월 6일 19시,일요일,울산광역시 북구 신현동,경상사고,0,0,4,0,차대차 - 추돌,안전운전불이행,건조,맑음,단일로 - 기타,승용,여,61세,상해없음,승용,남,31세,경상
2022110600100483,2022년 11월 6일 20시,일요일,울산광역시 울주군 웅촌면,부상신고사고,0,0,0,1,차대사람 - 기타,안전운전불이행,건조,맑음,단일로 - 기타,기타불명,기타불명,미분류,기타불명,보행자,남,77세,부상신고
2022110600100499,2022년 11월 6일 21시,일요일,울산광역시 동구 서부동,중상사고,0,1,0,0,차대사람 - 횡단중,보행자보호의무위반,건조,맑음,교차로 - 교차로안,이륜,남,17세,상해없음,보행자,여,63세,중상
2022110700100005,2022년 11월 7일 00시,월요일,울산광역시 중구 성남동,중상사고,0,1,0,0,차대사람 - 횡단중,보행자보호의무위반,건조,맑음,단일로 - 기타,승용,남,28세,상해없음,보행자,남,64세,중상
2022110700100114,2022년 11월 7일 08시,월요일,울산광역시 울주군 언양읍,부상신고사고,0,0,0,3,차대차 - 측면충돌,직진우회전진행방해,건조,맑음,교차로 - 교차로안,승용,남,59세,부상신고,승용,남,41세,부상신고
2022110700100161,2022년 11월 7일 09시,월요일,울산광역시 남구 달동,경상사고,0,0,1,0,차대차 - 측면충돌,안전운전불이행,건조,맑음,교차로 - 교차로횡단보도내,화물,남,44세,기타불명,개인형이동수단(PM),여,26세,경상
2022110700100162,2022년 11월 7일 09시,월요일,울산광역시 남구 달동,경상사고,0,0,1,0,차대사람 - 길가장자리구역통행중,안전운전불이행,건조,맑음,단일로 - 기타,화물,남,45세,상해없음,보행자,여,30세,경상
2022110700100235,2022년 11월 7일 11시,월요일,울산광역시 동구 방어동,중상사고,0,1,0,0,차대차 - 측면충돌,직진우회전진행방해,건조,맑음,교차로 - 교차로부근,승용,남,55세,상해없음,승용,여,52세,중상
2022110700100236,2022년 11월 7일 11시,월요일,울산광역시 울주군 삼남읍,경상사고,0,0,1,0,차대차 - 후진중충돌,안전운전불이행,건조,맑음,단일로 - 기타,승용,남,52세,상해없음,승용,여,70세,경상
2022110700100298,2022년 11월 7일 13시,월요일,울산광역시 울주군 언양읍,부상신고사고,0,0,0,1,차대사람 - 횡단중,안전운전불이행,건조,맑음,교차로 - 교차로안,승용,남,74세,상해없음,보행자,남,37세,부상신고
2022110700100329,2022년 11월 7일 14시,월요일,울산광역시 북구 명촌동,경상사고,0,0,2,0,차대차 - 추돌,안전거리미확보,건조,맑음,교차로 - 교차로부근,화물,남,67세,상해없음,승용,남,67세,경상
2022110700100371,2022년 11월 7일 15시,월요일,울산광역시 남구 달동,경상사고,0,0,1,0,차대차 - 추돌,안전거리미확보,건조,맑음,교차로 - 교차로안,승용,남,29세,상해없음,승용,여,46세,경상
2022110700100372,2022년 11월 7일 15시,월요일,울산광역시 울주군 삼남읍,경상사고,0,0,1,0,차량단독 - 공작물충돌,안전운전불이행,건조,맑음,단일로 - 기타,화물,남,67세,경상,,,,
2022110700100373,2022년 11월 7일 15시,월요일,울산광역시 울주군 언양읍,경상사고,0,0,1,0,차대차 - 추돌,안전거리미확보,건조,맑음,교차로 - 교차로부근,화물,남,74세,상해없음,승용,여,38세,경상
2022110700100374,2022년 11월 7일 15시,월요일,울산광역시 울주군 범서읍,경상사고,0,0,1,0,차대차 - 정면충돌,중앙선침범,건조,맑음,교차로 - 교차로안,승용,여,58세,상해없음,승용,여,39세,경상
2022110700100375,2022년 11월 7일 15시,월요일,울산광역시 북구 호계동,경상사고,0,0,1,0,차대사람 - 횡단중,안전운전불이행,건조,맑음,교차로 - 교차로안,승용,여,39세,상해없음,보행자,여,78세,경상