사고번호,사고일시,요일,시군구,사고내용,사망자수,중상자수,경상자수,부상신고자수,사고유형,법규위반,노면상태,기상상태,도로형태,가해운전자 차종,가해운전자 성별,가해운전자 연령,가해운전자 상해정도,피해운전자 차종,피해운전자 성별,피해운전자 연령,피해운전자 상해정도
2022110700100376,2022년 11월 7일 15시,월요일,울산광역시 북구 진장동,경상사고,0,0,1,0,차대차 - 측면충돌,교차로운행방법위반,건조,맑음,교차로 - 교차로안,승용,남,30세,상해없음,자전거,남,61세,경상
2022110700100407,2022년 11월 7일 16시,월요일,울산광역시 남구 여천동,경상사고,0,0,3,0,차대차 - 추돌,안전운전불이행,건조,맑음,교차로 - 교차로부근,화물,남,65세,상해없음,승용,남,55세,경상
2022110700100408,2022년 11월 7일 16시,월요일,울산광역시 울주군 청량읍,경상사고,0,0,1,0,차량단독 - 공작물충돌,안전운전불이행,건조,맑음,단일로 - 기타,승용,남,28세,경상,,,,
2022110700100463,2022년 11월 7일 17시,월요일,울산광역시 중구 서동,경상사고,0,0,2,0,차대차 - 측면충돌,안전거리미확보,건조,맑음,교차로 - 교차로안,화물,남,65세,상해없음,승용,남,34세,경상
2022110700100464,2022년 11월 7일 17시,월요일,울산광역시 남구 달동,경상사고,0,0,1,0,차대사람 - 보도통행중,보행자보호의무위반,건조,맑음,단일로 - 기타,개인형이동수단(PM),남,16세,상해없음,보행자,여,34세,경상
2022110800100059,2022년 11월 8일 06시,화요일,울산광역시 남구 야음동,중상사고,0,1,0,0,차대차 - 측면충돌,안전거리미확보,건조,맑음,단일로 - 기타,특수,남,33세,상해없음,이륜,남,55세,중상
2022110800100377,2022년 11월 8일 15시,화요일,울산광역시 북구 중산동,중상사고,0,1,3,0,차대차 - 추돌,안전운전불이행,건조,맑음,교차로 - 교차로부근,화물,여,56세,상해없음,승용,여,43세,중상
2022110800100581,2022년 11월 8일 19시,화요일,울산광역시 동구 방어동,경상사고,0,0,1,0,차대차 - 추돌,안전운전불이행,건조,맑음,단일로 - 기타,이륜,남,18세,경상,승용,여,39세,상해없음
2022110800100582,2022년 11월 8일 19시,화요일,울산광역시 북구 신천동,중상사고,0,1,0,0,차대차 - 측면충돌,안전운전불이행,건조,맑음,교차로 - 교차로부근,이륜,남,51세,상해없음,승합,남,47세,상해없음
2022110800100607,2022년 11월 8일 20시,화요일,울산광역시 남구 옥동,부상신고사고,0,0,0,1,차대차 - 추돌,안전운전불이행,건조,맑음,교차로 - 교차로부근,이륜,남,21세,부상신고,승용,남,48세,상해없음
2022110800100660,2022년 11월 8일 23시,화요일,울산광역시 울주군 언양읍,중상사고,0,2,3,0,차대차 - 정면충돌,안전운전불이행,건조,맑음,교차로 - 교차로안,화물,남,23세,경상,승합,남,34세,경상
2022110900100011,2022년 11월 9일 01시,수요일,울산광역시 북구 진장동,경상사고,0,0,1,0,차대차 - 측면충돌,신호위반,건조,맑음,교차로 - 교차로안,승용,남,53세,상해없음,승용,남,40세,경상
2022110900100031,2022년 11월 9일 05시,수요일,울산광역시 동구 서부동,중상사고,0,1,0,0,차대차 - 측면충돌,안전운전불이행,건조,맑음,교차로 - 교차로횡단보도내,승용,남,39세,상해없음,자전거,남,63세,중상
2022110900100049,2022년 11월 9일 06시,수요일,울산광역시 남구 신정동,경상사고,0,0,2,0,차대차 - 측면충돌,신호위반,건조,맑음,교차로 - 교차로안,승용,여,48세,상해없음,승용,여,26세,경상
2022110900100111,2022년 11월 9일 08시,수요일,울산광역시 중구 반구동,중상사고,0,1,0,0,차대차 - 측면충돌,안전운전불이행,건조,맑음,교차로 - 교차로안,승용,여,29세,상해없음,자전거,남,75세,중상
2022110900100112,2022년 11월 9일 08시,수요일,울산광역시 중구 복산동,경상사고,0,0,5,0,차대차 - 측면충돌,안전운전불이행,건조,맑음,단일로 - 기타,승용,여,63세,경상,승용,남,38세,경상
2022110900100113,2022년 11월 9일 08시,수요일,울산광역시 북구 호계동,경상사고,0,0,2,0,차대차 - 정면충돌,중앙선침범,건조,맑음,단일로 - 기타,승합,남,62세,상해없음,승용,여,30세,경상
2022110900100173,2022년 11월 9일 10시,수요일,울산광역시 남구 무거동,경상사고,0,0,1,0,차대차 - 기타,안전운전불이행,건조,맑음,교차로 - 교차로안,승용,여,52세,상해없음,승용,남,24세,경상
2022110900100256,2022년 11월 9일 13시,수요일,울산광역시 동구 서부동,중상사고,0,1,0,0,차대사람 - 횡단중,보행자보호의무위반,건조,맑음,교차로 - 교차로횡단보도내,승용,여,60세,상해없음,보행자,여,61세,중상
2022110900100372,2022년 11월 9일 16시,수요일,울산광역시 동구 일산동,중상사고,0,1,0,0,차대차 - 측면충돌,안전운전불이행,건조,맑음,교차로 - 교차로안,승용,여,40세,상해없음,이륜,여,61세,중상
2022110900100511,2022년 11월 9일 18시,수요일,울산광역시 남구 야음동,경상사고,0,0,2,0,차대차 - 기타,신호위반,건조,맑음,교차로 - 교차로안,승용,남,62세,상해없음,승합,남,54세,경상
2022110900100512,2022년 11월 9일 18시,수요일,울산광역시 남구 신정동,중상사고,0,1,0,0,차대차 - 측면충돌,신호위반,건조,맑음,교차로 - 교차로안,승용,여,64세,상해없음,이륜,남,63세,중상
2022110900100583,2022년 11월 9일 20시,수요일,울산광역시 중구 남외동,중상사고,0,1,0,0,차대차 - 측면충돌,중앙선침범,건조,맑음,단일로 - 기타,자전거,남,69세,중상,승용,여,25세,상해없음
2022110900100584,2022년 11월 9일 20시,수요일,울산광역시 북구 진장동,중상사고,0,1,0,0,차대사람 - 차도통행중,안전운전불이행,건조,맑음,교차로 - 교차로안,승용,여,61세,상해없음,보행자,남,37세,중상
2022111000100016,2022년 11월 10일 00시,목요일,울산광역시 남구 옥동,경상사고,0,0,1,0,차대차 - 추돌,안전운전불이행,건조,맑음,교차로 - 교차로부근,승용,남,31세,상해없음,승용,남,48세,경상
2022111000100136,2022년 11월 10일 08시,목요일,울산광역시 남구 여천동,경상사고,0,0,1,0,차대차 - 측면충돌,안전거리미확보,건조,맑음,단일로 - 기타,건설기계,남,72세,상해없음,승용,남,32세,경상
2022111000100193,2022년 11월 10일 10시,목요일,울산광역시 북구 중산동,경상사고,0,0,1,1,차대차 - 추돌,안전운전불이행,건조,맑음,단일로 - 기타,이륜,남,27세,부상신고,승용,남,47세,경상
2022111000100203,2022년 11월 10일 11시,목요일,울산광역시 울주군 언양읍,경상사고,0,0,3,0,차대차 - 기타,안전거리미확보,건조,맑음,단일로 - 기타,화물,남,61세,상해없음,승용,남,68세,경상
2022111000100351,2022년 11월 10일 15시,목요일,울산광역시 북구 매곡동,중상사고,0,1,0,0,차대차 - 측면충돌,안전운전불이행,건조,맑음,교차로 - 교차로부근,승용,여,47세,상해없음,이륜,남,36세,중상
2022111000100440,2022년 11월 10일 17시,목요일,울산광역시 울주군 온양읍,경상사고,0,0,1,0,차대차 - 측면충돌,교차로운행방법위반,건조,맑음,교차로 - 교차로안,승용,여,48세,상해없음,승용,여,50세,경상
2022111000100511,2022년 11월 10일 18시,목요일,울산광역시 울주군 삼남읍,경상사고,0,0,3,0,차대차 - 추돌,기타,건조,기타,단일로 - 기타,승용,남,30세,상해없음,승용,남,58세,상해없음
2022111000100620,2022년 11월 10일 22시,목요일,울산광역시 동구 동부동,경상사고,0,0,1,0,차대차 - 기타,안전운전불이행,건조,맑음,교차로 - 교차로안,승용,여,39세,상해없음,자전거,남,42세,경상
2022111000100643,2022년 11월 10일 23시,목요일,울산광역시 울주군 언양읍,중상사고,0,1,0,0,차량단독 - 공작물충돌,안전운전불이행,건조,맑음,단일로 - 기타,승용,남,20세,상해없음,,,,
2022111000100644,2022년 11월 10일 23시,목요일,울산광역시 북구 상안동,경상사고,0,0,2,0,차대차 - 추돌,안전운전불이행,건조,맑음,단일로 - 기타,이륜,남,17세,경상,승용,남,35세,경상
2022111100100008,2022년 11월 11일 00시,금요일,울산광역시 동구 방어동,중상사고,0,1,0,0,차대차 - 기타,기타,건조,맑음,단일로 - 기타,기타불명,기타불명,미분류,기타불명,이륜,남,54세,중상
2022111100100009,2022년 11월 11일 00시,금요일,울산광역시 울주군 청량읍,중상사고,0,1,0,0,차량단독 - 공작물충돌,안전운전불이행,건조,맑음,단일로 - 지하차도(도로)내,승용,남,32세,상해없음,,,,
2022111100100050,2022년 11월 11일 05시,금요일,울산광역시 북구 연암동,중상사고,0,1,4,1,차대차 - 추돌,안전거리미확보,건조,맑음,단일로 - 기타,승합,남,65세,상해없음,승용,남,59세,상해없음
2022111100100072,2022년 11월 11일 06시,금요일,울산광역시 남구 무거동,경상사고,0,0,3,0,차대차 - 기타,안전운전불이행,건조,맑음,교차로 - 교차로안,승용,남,40세,경상,승용,여,59세,경상
2022111100100121,2022년 11월 11일 08시,금요일,울산광역시 북구 매곡동,경상사고,0,0,1,0,차대차 - 후진중충돌,안전운전불이행,건조,맑음,교차로 - 교차로부근,승용,여,56세,상해없음,승용,여,39세,경상
2022111100100221,2022년 11월 11일 11시,금요일,울산광역시 울주군 서생면,중상사고,0,1,0,0,차대사람 - 차도통행중,안전운전불이행,건조,맑음,단일로 - 기타,승용,여,62세,상해없음,보행자,여,26세,중상
2022111100100368,2022년 11월 11일 15시,금요일,울산광역시 북구 명촌동,중상사고,0,1,0,1,차대차 - 측면충돌,안전운전불이행,건조,맑음,단일로 - 기타,승용,여,43세,부상신고,승용,남,66세,중상
2022111100100466,2022년 11월 11일 17시,금요일,울산광역시 중구 다운동,경상사고,0,0,1,1,차대차 - 기타,안전운전불이행,건조,맑음,교차로 - 교차로안,화물,남,57세,부상신고,승용,남,32세,경상
2022111100100467,2022년 11월 11일 17시,금요일,울산광역시 남구 야음동,중상사고,0,1,0,0,차대차 - 측면충돌,안전운전불이행,건조,맑음,단일로 - 기타,화물,남,53세,상해없음,자전거,남,66세,중상
2022111100100523,2022년 11월 11일 18시,금요일,울산광역시 울주군 서생면,경상사고,0,0,1,0,차대차 - 측면충돌,차로위반,건조,맑음,단일로 - 기타,승용,남,67세,상해없음,승용,남,29세,경상
2022111100100567,2022년 11월 11일 19시,금요일,울산광역시 북구 효문동,경상사고,0,0,1,0,차대차 - 추돌,안전운전불이행,건조,맑음,단일로 - 기타,화물,남,61세,상해없음,승용,여,54세,경상
2022111100100597,2022년 11월 11일 20시,금요일,울산광역시 울주군 범서읍,부상신고사고,0,0,0,1,차량단독 - 전도전복 - 전도,안전운전불이행,건조,맑음,단일로 - 기타,이륜,남,30세,부상신고,,,,
2022111100100598,2022년 11월 11일 20시,금요일,울산광역시 북구 진장동,중상사고,0,1,0,0,차대사람 - 횡단중,안전운전불이행,건조,맑음,교차로 - 교차로안,이륜,남,52세,상해없음,보행자,여,49세,중상
2022111100100599,2022년 11월 11일 20시,금요일,울산광역시 북구 염포동,중상사고,0,1,0,0,차대차 - 측면충돌,안전거리미확보,건조,맑음,단일로 - 기타,이륜,여,61세,중상,승용,남,43세,상해없음
2022111100100632,2022년 11월 11일 21시,금요일,울산광역시 울주군 범서읍,경상사고,0,0,2,0,차대차 - 측면충돌,신호위반,건조,맑음,교차로 - 교차로안,승용,남,28세,상해없음,승용,여,47세,경상
2022111200100047,2022년 11월 12일 04시,토요일,울산광역시 울주군 온산읍,경상사고,0,0,1,0,차대차 - 측면충돌,신호위반,건조,맑음,교차로 - 교차로안,승용,남,58세,상해없음,승용,여,19세,경상
2022111200100062,2022년 11월 12일 05시,토요일,울산광역시 울주군 온산읍,중상사고,0,1,0,0,차대차 - 측면충돌,중앙선침범,건조,맑음,교차로 - 교차로안,승용,남,70세,상해없음,이륜,남,47세,중상
2022111200100071,2022년 11월 12일 06시,토요일,울산광역시 동구 서부동,중상사고,0,1,0,0,차대차 - 측면충돌,안전거리미확보,건조,맑음,단일로 - 기타,승용,남,29세,상해없음,이륜,남,47세,중상
2022111200100092,2022년 11월 12일 08시,토요일,울산광역시 남구 신정동,경상사고,0,0,2,0,차대차 - 측면충돌,교차로운행방법위반,건조,맑음,교차로 - 교차로안,승용,남,73세,경상,승용,여,36세,경상
2022111200100198,2022년 11월 12일 11시,토요일,울산광역시 울주군 삼남읍,경상사고,0,0,1,0,차대차 - 측면충돌,안전운전불이행,건조,맑음,교차로 - 교차로안,승용,남,66세,상해없음,승용,여,50세,경상
2022111200100234,2022년 11월 12일 12시,토요일,울산광역시 북구 송정동,중상사고,0,3,1,0,차량단독 - 공작물충돌,안전운전불이행,건조,맑음,단일로 - 기타,승용,여,75세,상해없음,,,,
2022111200100272,2022년 11월 12일 13시,토요일,울산광역시 남구 신정동,중상사고,0,1,0,0,차대차 - 정면충돌,교차로운행방법위반,건조,맑음,교차로 - 교차로안,승용,남,54세,상해없음,이륜,남,51세,중상
2022111200100389,2022년 11월 12일 16시,토요일,울산광역시 울주군 온산읍,경상사고,0,0,2,0,차대차 - 측면충돌,안전운전불이행,건조,맑음,교차로 - 교차로부근,승용,남,51세,상해없음,승용,여,35세,경상
2022111200100674,2022년 11월 12일 22시,토요일,울산광역시 중구 반구동,중상사고,0,1,0,0,차대차 - 기타,신호위반,젖음/습기,비,교차로 - 교차로안,이륜,남,32세,상해없음,승용,여,44세,상해없음
2022111300100033,2022년 11월 13일 01시,일요일,울산광역시 중구 다운동,경상사고,0,0,2,0,차대차 - 추돌,안전운전불이행,젖음/습기,비,교차로 - 교차로부근,승용,남,30세,상해없음,승용,남,70세,상해없음
2022111300100047,2022년 11월 13일 02시,일요일,울산광역시 중구 반구동,경상사고,0,0,1,0,차대사람 - 차도통행중,안전운전불이행,젖음/습기,비,단일로 - 기타,승용,남,75세,상해없음,보행자,남,62세,경상
2022111300100094,2022년 11월 13일 08시,일요일,울산광역시 남구 신정동,경상사고,0,0,1,0,차대차 - 추돌,안전운전불이행,건조,맑음,교차로 - 교차로부근,승용,남,28세,상해없음,승용,여,31세,경상
2022111300100107,2022년 11월 13일 09시,일요일,울산광역시 중구 학성동,중상사고,0,1,0,0,차대차 - 측면충돌,직진우회전진행방해,건조,맑음,교차로 - 교차로안,승용,남,56세,상해없음,원동기,남,76세,중상
2022111300100168,2022년 11월 13일 12시,일요일,울산광역시 남구 야음동,중상사고,0,1,0,0,차대차 - 측면충돌,신호위반,건조,맑음,교차로 - 교차로부근,승용,여,72세,기타불명,승용,남,65세,중상
2022111300100169,2022년 11월 13일 12시,일요일,울산광역시 남구 달동,경상사고,0,0,1,0,차대차 - 추돌,안전운전불이행,건조,맑음,교차로 - 교차로부근,승용,남,70세,상해없음,승용,남,37세,경상
2022111300100200,2022년 11월 13일 13시,일요일,울산광역시 북구 중산동,경상사고,0,0,9,0,차대차 - 추돌,안전운전불이행,건조,맑음,단일로 - 기타,승용,남,31세,상해없음,승용,남,41세,경상
2022111300100285,2022년 11월 13일 16시,일요일,울산광역시 중구 반구동,경상사고,0,0,1,0,차대차 - 측면충돌,안전거리미확보,건조,맑음,교차로 - 교차로안,승용,남,52세,상해없음,이륜,남,26세,경상
2022111300100353,2022년 11월 13일 18시,일요일,울산광역시 울주군 청량읍,중상사고,0,1,0,0,차대차 - 정면충돌,중앙선침범,건조,맑음,교차로 - 교차로부근,승용,남,65세,상해없음,승용,여,56세,중상
2022111300100354,2022년 11월 13일 18시,일요일,울산광역시 북구 산하동,중상사고,0,1,0,0,차대차 - 정면충돌,신호위반,젖음/습기,비,교차로 - 교차로안,승용,남,53세,상해없음,승용,여,43세,중상
2022111300100382,2022년 11월 13일 19시,일요일,울산광역시 남구 무거동,경상사고,0,0,2,0,차대차 - 기타,안전거리미확보,건조,맑음,교차로 - 교차로안,승용,남,61세,기타불명,승용,남,41세,경상
2022111300100383,2022년 11월 13일 19시,일요일,울산광역시 동구 화정동,경상사고,0,0,2,0,차대차 - 정면충돌,직진우회전진행방해,건조,맑음,교차로 - 교차로안,이륜,남,39세,경상,이륜,남,45세,경상
2022111400100052,2022년 11월 14일 06시,월요일,울산광역시 남구 야음동,경상사고,0,0,1,0,차대차 - 측면충돌,안전운전불이행,건조,맑음,교차로 - 교차로안,승용,여,65세,상해없음,승용,여,42세,경상
2022111400100147,2022년 11월 14일 09시,월요일,울산광역시 북구 신천동,경상사고,0,0,4,0,차대차 - 추돌,안전거리미확보,건조,맑음,단일로 - 기타,승용,남,64세,상해없음,승용,남,36세,경상
2022111400100330,2022년 11월 14일 15시,월요일,울산광역시 남구 신정동,경상사고,0,0,1,0,차대차 - 측면충돌,안전거리미확보,건조,맑음,교차로 - 교차로부근,승용,여,52세,상해없음,승용,여,35세,경상
2022111400100369,2022년 11월 14일 16시,월요일,울산광역시 남구 무거동,경상사고,0,0,1,0,차대사람 - 보도통행중,안전운전불이행,건조,맑음,기타 - 기타,자전거,남,59세,상해없음,보행자,여,64세,경상
2022111400100370,2022년 11월 14일 16시,월요일,울산광역시 울주군 온산읍,중상사고,0,1,0,0,차대차 - 측면충돌,신호위반,건조,맑음,교차로 - 교차로안,화물,남,52세,상해없음,승용,남,47세,중상
2022111400100371,2022년 11월 14일 16시,월요일,울산광역시 울주군 범서읍,경상사고,0,0,2,0,차대차 - 측면충돌,교차로운행방법위반,건조,흐림,교차로 - 교차로안,승용,여,73세,상해없음,승용,남,32세,경상
2022111400100415,2022년 11월 14일 17시,월요일,울산광역시 남구 신정동,경상사고,0,0,1,0,차대차 - 기타,교차로운행방법위반,건조,맑음,교차로 - 교차로안,승용,남,57세,상해없음,이륜,남,25세,경상
2022111400100480,2022년 11월 14일 18시,월요일,울산광역시 동구 일산동,경상사고,0,0,1,0,차대차 - 추돌,안전거리미확보,건조,맑음,교차로 - 교차로부근,이륜,남,34세,상해없음,이륜,남,48세,경상
2022111400100517,2022년 11월 14일 19시,월요일,울산광역시 울주군 삼남읍,경상사고,0,0,1,0,차대사람 - 차도통행중,안전운전불이행,건조,맑음,교차로 - 교차로안,승용,남,39세,상해없음,보행자,여,69세,경상
2022111400100541,2022년 11월 14일 20시,월요일,울산광역시 동구 화정동,중상사고,0,1,1,0,차대차 - 측면충돌,신호위반,건조,맑음,교차로 - 교차로안,이륜,남,57세,중상,승용,남,63세,경상
2022111400100590,2022년 11월 14일 22시,월요일,울산광역시 동구 방어동,경상사고,0,0,1,0,차대사람 - 기타,안전운전불이행,건조,맑음,단일로 - 기타,이륜,기타불명,미분류,기타불명,보행자,남,31세,경상
2022111400100612,2022년 11월 14일 23시,월요일,울산광역시 남구 달동,경상사고,0,0,1,0,차대차 - 측면충돌,교차로운행방법위반,건조,맑음,교차로 - 교차로부근,승용,여,64세,상해없음,승용,여,31세,경상
2022111500100022,2022년 11월 15일 01시,화요일,울산광역시 동구 동부동,경상사고,0,0,1,0,차대차 - 측면충돌,직진우회전진행방해,건조,맑음,교차로 - 교차로안,이륜,남,16세,경상,승용,남,21세,상해없음
2022111500100067,2022년 11월 15일 06시,화요일,울산광역시 남구 삼산동,경상사고,0,0,3,0,차대차 - 측면충돌,중앙선침범,건조,맑음,교차로 - 교차로부근,승용,남,25세,상해없음,승합,남,54세,상해없음
2022111500100142,2022년 11월 15일 08시,화요일,울산광역시 북구 명촌동,경상사고,0,0,1,0,차대차 - 측면충돌,안전거리미확보,건조,맑음,단일로 - 고가도로위,승용,여,56세,상해없음,화물,남,68세,경상
2022111500100170,2022년 11월 15일 09시,화요일,울산광역시 남구 무거동,경상사고,0,0,1,0,차대차 - 추돌,안전거리미확보,건조,맑음,단일로 - 기타,승용,남,72세,상해없음,승용,여,28세,경상
2022111500100272,2022년 11월 15일 12시,화요일,울산광역시 남구 무거동,중상사고,0,1,0,0,차대차 - 측면충돌,중앙선침범,건조,맑음,단일로 - 기타,승용,남,28세,상해없음,승용,여,29세,중상
2022111500100303,2022년 11월 15일 13시,화요일,울산광역시 북구 산하동,경상사고,0,0,1,0,차대차 - 측면충돌,안전운전불이행,건조,맑음,교차로 - 교차로안,승용,여,42세,상해없음,승용,여,48세,경상
2022111500100304,2022년 11월 15일 13시,화요일,울산광역시 북구 매곡동,중상사고,0,1,0,0,차대사람 - 횡단중,기타,건조,맑음,기타 - 기타,승용,남,22세,상해없음,보행자,여,50세,중상
2022111500100370,2022년 11월 15일 15시,화요일,울산광역시 중구 우정동,경상사고,0,0,1,0,차대차 - 측면충돌,안전운전불이행,건조,맑음,단일로 - 기타,승용,여,38세,상해없음,승합,남,46세,경상
2022111500100371,2022년 11월 15일 15시,화요일,울산광역시 울주군 상북면,경상사고,0,0,1,2,차대차 - 정면충돌,안전운전불이행,건조,맑음,기타 - 기타,승용,여,48세,부상신고,승합,여,65세,경상
2022111500100372,2022년 11월 15일 15시,화요일,울산광역시 북구 효문동,중상사고,0,1,0,0,차량단독 - 전도전복 - 전도,안전운전불이행,건조,맑음,단일로 - 기타,자전거,남,53세,중상,,,,
2022111500100403,2022년 11월 15일 16시,화요일,울산광역시 남구 삼산동,경상사고,0,0,1,0,차대차 - 추돌,안전거리미확보,건조,맑음,교차로 - 교차로안,승용,남,55세,상해없음,화물,남,40세,경상
2022111500100610,2022년 11월 15일 21시,화요일,울산광역시 북구 가대동,경상사고,0,0,1,0,차대차 - 측면충돌,안전운전불이행,건조,맑음,단일로 - 기타,화물,남,46세,상해없음,승용,여,61세,경상
2022111500100626,2022년 11월 15일 22시,화요일,울산광역시 동구 화정동,중상사고,0,1,0,0,차량단독 - 기타,안전운전불이행,젖음/습기,맑음,단일로 - 기타,이륜,남,33세,중상,,,,
2022111600100041,2022년 11월 16일 05시,수요일,울산광역시 남구 부곡동,중상사고,0,1,0,0,차대차 - 측면충돌,신호위반,건조,맑음,교차로 - 교차로안,승용,남,57세,상해없음,승용,남,35세,중상
2022111600100094,2022년 11월 16일 07시,수요일,울산광역시 북구 연암동,중상사고,0,1,0,0,차대사람 - 횡단중,보행자보호의무위반,건조,맑음,교차로 - 교차로횡단보도내,승합,남,69세,상해없음,보행자,남,46세,중상
2022111600100133,2022년 11월 16일 08시,수요일,울산광역시 울주군 범서읍,경상사고,0,0,1,0,차대차 - 추돌,안전운전불이행,건조,맑음,단일로 - 기타,화물,남,51세,상해없음,승용,여,60세,경상
2022111600100134,2022년 11월 16일 08시,수요일,울산광역시 북구 염포동,경상사고,0,0,1,0,차대차 - 추돌,안전운전불이행,건조,맑음,교차로 - 교차로부근,화물,남,43세,상해없음,승용,여,57세,경상
2022111600100156,2022년 11월 16일 09시,수요일,울산광역시 중구 북정동,중상사고,0,1,1,0,차대차 - 측면충돌,신호위반,건조,맑음,교차로 - 교차로안,화물,남,29세,상해없음,승용,여,34세,중상
2022111600100157,2022년 11월 16일 09시,수요일,울산광역시 북구 명촌동,중상사고,0,1,0,0,차대차 - 측면충돌,안전거리미확보,건조,맑음,단일로 - 기타,승용,여,67세,상해없음,승용,남,61세,중상
2022111600100288,2022년 11월 16일 12시,수요일,울산광역시 남구 무거동,경상사고,0,0,1,0,차대차 - 측면충돌,차로위반,건조,맑음,교차로 - 교차로부근,이륜,남,46세,상해없음,이륜,남,54세,경상
2022111600100406,2022년 11월 16일 15시,수요일,울산광역시 중구 남외동,중상사고,0,1,1,0,차대차 - 측면충돌,안전운전불이행,건조,맑음,교차로 - 교차로안,승용,남,51세,중상,화물,남,52세,경상
2022111600100407,2022년 11월 16일 15시,수요일,울산광역시 중구 다운동,경상사고,0,0,1,0,차대차 - 측면충돌,안전운전불이행,건조,맑음,단일로 - 기타,화물,남,56세,상해없음,승용,여,54세,경상
2022111600100408,2022년 11월 16일 15시,수요일,울산광역시 북구 염포동,중상사고,0,1,0,0,차대차 - 측면충돌,안전운전불이행,건조,맑음,단일로 - 기타,승용,여,45세,상해없음,자전거,여,58세,중상
2022111600100449,2022년 11월 16일 16시,수요일,울산광역시 북구 신천동,경상사고,0,0,2,0,차대차 - 측면충돌,안전거리미확보,건조,맑음,단일로 - 기타,승용,남,64세,상해없음,승용,남,71세,경상
2022111600100508,2022년 11월 16일 17시,수요일,울산광역시 남구 신정동,경상사고,0,0,1,0,차대사람 - 횡단중,보행자보호의무위반,건조,맑음,단일로 - 기타,승용,여,55세,상해없음,보행자,남,83세,경상
2022111600100585,2022년 11월 16일 18시,수요일,울산광역시 남구 신정동,부상신고사고,0,0,0,1,차대차 - 정면충돌,안전운전불이행,건조,맑음,단일로 - 기타,자전거,남,71세,부상신고,승용,남,49세,상해없음
2022111600100647,2022년 11월 16일 20시,수요일,울산광역시 중구 태화동,중상사고,0,1,0,0,차대사람 - 기타,안전운전불이행,건조,맑음,단일로 - 기타,이륜,남,33세,상해없음,보행자,여,52세,중상
2022111600100665,2022년 11월 16일 21시,수요일,울산광역시 북구 진장동,경상사고,0,0,1,0,차대차 - 측면충돌,안전거리미확보,건조,맑음,단일로 - 기타,승용,남,67세,상해없음,승용,남,29세,경상
2022111700100014,2022년 11월 17일 00시,목요일,울산광역시 동구 서부동,중상사고,0,1,0,0,차대차 - 추돌,안전운전불이행,건조,맑음,교차로 - 교차로부근,이륜,남,40세,중상,승용,남,67세,상해없음
2022111700100015,2022년 11월 17일 00시,목요일,울산광역시 북구 효문동,경상사고,0,0,1,1,차대차 - 추돌,안전운전불이행,건조,맑음,단일로 - 기타,이륜,남,58세,부상신고,이륜,남,42세,경상
2022111700100036,2022년 11월 17일 04시,목요일,울산광역시 울주군 상북면,중상사고,0,2,0,1,차량단독 - 공작물충돌,안전운전불이행,건조,맑음,교차로 - 교차로부근,승용,남,16세,부상신고,,,,
2022111700100078,2022년 11월 17일 07시,목요일,울산광역시 동구 화정동,경상사고,0,0,1,0,차대차 - 측면충돌,직진우회전진행방해,건조,맑음,교차로 - 교차로안,이륜,남,25세,경상,승용,여,45세,상해없음
2022111700100171,2022년 11월 17일 10시,목요일,울산광역시 울주군 온양읍,중상사고,0,2,0,0,차량단독 - 공작물충돌,안전운전불이행,건조,맑음,단일로 - 기타,화물,남,86세,중상,,,,
2022111700100211,2022년 11월 17일 11시,목요일,울산광역시 중구 반구동,경상사고,0,0,2,0,차대차 - 추돌,안전거리미확보,건조,맑음,교차로 - 교차로안,승합,남,52세,상해없음,승용,여,67세,경상
2022111700100428,2022년 11월 17일 17시,목요일,울산광역시 동구 화정동,경상사고,0,0,1,0,차대차 - 측면충돌,직진우회전진행방해,건조,맑음,교차로 - 교차로안,승합,남,30세,상해없음,이륜,남,41세,경상
2022111700100489,2022년 11월 17일 18시,목요일,울산광역시 중구 약사동,경상사고,0,0,3,0,차대차 - 추돌,안전운전불이행,건조,맑음,교차로 - 교차로부근,화물,남,73세,상해없음,승용,여,43세,경상
2022111700100490,2022년 11월 17일 18시,목요일,울산광역시 동구 방어동,경상사고,0,0,1,0,차대차 - 추돌,안전운전불이행,건조,맑음,단일로 - 교량,화물,남,63세,상해없음,승용,여,45세,경상
2022111700100585,2022년 11월 17일 21시,목요일,울산광역시 남구 달동,중상사고,0,1,0,0,차대사람 - 기타,안전운전불이행,건조,맑음,교차로 - 교차로부근,승용,남,30세,상해없음,보행자,남,64세,중상
2022111700100611,2022년 11월 17일 22시,목요일,울산광역시 중구 남외동,경상사고,0,0,1,0,차대차 - 측면충돌,안전운전불이행,건조,맑음,교차로 - 교차로안,자전거,남,14세,경상,승용,남,56세,상해없음
2022111800100017,2022년 11월 18일 01시,금요일,울산광역시 남구 달동,경상사고,0,0,1,0,차대사람 - 길가장자리구역통행중,안전운전불이행,건조,맑음,교차로 - 교차로부근,승용,남,39세,상해없음,보행자,남,35세,경상