사고번호,사고일시,요일,시군구,사고내용,사망자수,중상자수,경상자수,부상신고자수,사고유형,법규위반,노면상태,기상상태,도로형태,가해운전자 차종,가해운전자 성별,가해운전자 연령,가해운전자 상해정도,피해운전자 차종,피해운전자 성별,피해운전자 연령,피해운전자 상해정도
2022111800100113,2022년 11월 18일 08시,금요일,울산광역시 북구 양정동,경상사고,0,0,1,0,차대사람 - 길가장자리구역통행중,신호위반,건조,맑음,단일로 - 기타,이륜,남,16세,상해없음,보행자,여,64세,경상
2022111800100178,2022년 11월 18일 10시,금요일,울산광역시 중구 성안동,경상사고,0,0,1,0,차대차 - 기타,안전운전불이행,건조,맑음,교차로 - 교차로안,승용,여,39세,상해없음,화물,남,46세,경상
2022111800100179,2022년 11월 18일 10시,금요일,울산광역시 남구 용연동,경상사고,0,0,3,0,차대차 - 측면충돌,안전거리미확보,건조,맑음,교차로 - 교차로안,특수,남,68세,기타불명,화물,남,48세,경상
2022111800100212,2022년 11월 18일 11시,금요일,울산광역시 남구 선암동,경상사고,0,0,1,0,차량단독 - 기타,안전운전불이행,건조,맑음,단일로 - 기타,승합,남,62세,상해없음,,,,
2022111800100213,2022년 11월 18일 11시,금요일,울산광역시 남구 달동,경상사고,0,0,1,0,차대차 - 측면충돌,신호위반,건조,맑음,교차로 - 교차로안,승합,남,55세,상해없음,개인형이동수단(PM),남,23세,경상
2022111800100240,2022년 11월 18일 12시,금요일,울산광역시 동구 전하동,중상사고,0,1,0,0,차대차 - 측면충돌,안전운전불이행,건조,맑음,교차로 - 교차로안,승용,남,71세,상해없음,이륜,남,58세,중상
2022111800100241,2022년 11월 18일 12시,금요일,울산광역시 울주군 범서읍,중상사고,0,1,1,0,차대차 - 측면충돌,신호위반,건조,맑음,단일로 - 기타,이륜,남,64세,중상,승용,여,54세,경상
2022111800100277,2022년 11월 18일 13시,금요일,울산광역시 남구 여천동,부상신고사고,0,0,0,4,차대차 - 추돌,안전운전불이행,건조,맑음,교차로 - 교차로부근,화물,남,57세,상해없음,승용,여,48세,부상신고
2022111800100278,2022년 11월 18일 13시,금요일,울산광역시 북구 호계동,경상사고,0,0,1,0,차대사람 - 횡단중,안전운전불이행,건조,맑음,교차로 - 교차로부근,승용,남,42세,상해없음,보행자,남,6세,경상
2022111800100320,2022년 11월 18일 14시,금요일,울산광역시 남구 여천동,중상사고,0,1,0,0,차대차 - 측면충돌,교차로운행방법위반,건조,맑음,교차로 - 교차로안,승용,남,37세,상해없음,이륜,남,42세,중상
2022111800100363,2022년 11월 18일 15시,금요일,울산광역시 남구 여천동,경상사고,0,0,1,0,차대차 - 측면충돌,신호위반,건조,맑음,교차로 - 교차로안,승용,남,38세,상해없음,승합,남,58세,경상
2022111800100364,2022년 11월 18일 15시,금요일,울산광역시 북구 연암동,경상사고,0,0,3,0,차대차 - 추돌,안전운전불이행,건조,맑음,교차로 - 교차로부근,승용,남,37세,상해없음,승용,여,42세,경상
2022111800100468,2022년 11월 18일 17시,금요일,울산광역시 울주군 청량읍,경상사고,0,0,1,0,차대차 - 추돌,안전거리미확보,건조,맑음,단일로 - 기타,이륜,남,48세,기타불명,승용,남,59세,경상
2022111800100659,2022년 11월 18일 21시,금요일,울산광역시 동구 서부동,경상사고,0,0,1,0,차대차 - 기타,신호위반,건조,맑음,교차로 - 교차로안,승용,남,50세,기타불명,승용,여,57세,상해없음
2022111800100660,2022년 11월 18일 21시,금요일,울산광역시 북구 중산동,중상사고,0,1,0,0,차대차 - 측면충돌,안전거리미확보,건조,맑음,단일로 - 기타,화물,남,55세,상해없음,승용,여,26세,중상
2022111900100017,2022년 11월 19일 00시,토요일,울산광역시 남구 신정동,경상사고,0,0,1,0,차대차 - 기타,신호위반,건조,맑음,교차로 - 교차로안,승용,남,70세,상해없음,승용,남,49세,경상
2022111900100031,2022년 11월 19일 01시,토요일,울산광역시 북구 호계동,중상사고,0,1,3,0,차대차 - 측면충돌,안전운전불이행,건조,맑음,교차로 - 교차로부근,화물,남,42세,상해없음,승합,남,42세,중상
2022111900100037,2022년 11월 19일 02시,토요일,울산광역시 북구 호계동,경상사고,0,0,6,0,차대차 - 측면충돌,기타,건조,맑음,교차로 - 교차로안,승용,남,18세,상해없음,승용,여,37세,경상
2022111900100064,2022년 11월 19일 05시,토요일,울산광역시 동구 일산동,경상사고,0,0,1,0,차대사람 - 보도통행중,보행자보호의무위반,젖음/습기,맑음,교차로 - 교차로횡단보도내,승합,남,41세,상해없음,보행자,남,60세,경상
2022111900100075,2022년 11월 19일 06시,토요일,울산광역시 울주군 온산읍,경상사고,0,0,1,0,차대차 - 측면충돌,안전운전불이행,건조,맑음,교차로 - 교차로부근,승용,남,24세,상해없음,승용,남,37세,경상
2022111900100100,2022년 11월 19일 08시,토요일,울산광역시 동구 화정동,경상사고,0,0,2,0,차대차 - 측면충돌,직진우회전진행방해,건조,맑음,교차로 - 교차로안,승용,여,57세,상해없음,승용,남,69세,경상
2022111900100154,2022년 11월 19일 10시,토요일,울산광역시 남구 삼산동,중상사고,0,1,0,0,차대사람 - 보도통행중,기타,건조,맑음,단일로 - 기타,개인형이동수단(PM),남,17세,상해없음,보행자,여,66세,중상
2022111900100259,2022년 11월 19일 13시,토요일,울산광역시 북구 창평동,중상사고,0,1,0,0,차대차 - 측면충돌,안전운전불이행,건조,맑음,단일로 - 고가도로위,자전거,남,53세,상해없음,개인형이동수단(PM),남,29세,중상
2022111900100419,2022년 11월 19일 17시,토요일,울산광역시 중구 서동,중상사고,0,1,0,0,차대차 - 측면충돌,안전운전불이행,건조,맑음,교차로 - 교차로안,이륜,남,42세,중상,승용,남,56세,상해없음
2022111900100420,2022년 11월 19일 17시,토요일,울산광역시 북구 신천동,중상사고,0,1,0,0,차대사람 - 보도통행중,보행자보호의무위반,건조,맑음,교차로 - 교차로횡단보도내,이륜,남,40세,상해없음,보행자,남,62세,중상
2022111900100465,2022년 11월 19일 18시,토요일,울산광역시 울주군 온산읍,중상사고,0,1,0,0,차대차 - 측면충돌,교차로운행방법위반,건조,맑음,교차로 - 교차로안,승용,남,60세,상해없음,이륜,남,43세,중상
2022111900100534,2022년 11월 19일 20시,토요일,울산광역시 북구 송정동,중상사고,0,2,0,0,차대차 - 추돌,안전운전불이행,건조,맑음,교차로 - 교차로부근,승용,남,47세,상해없음,승용,남,55세,중상
2022111900100601,2022년 11월 19일 23시,토요일,울산광역시 중구 반구동,중상사고,0,1,0,0,차대차 - 기타,안전운전불이행,건조,맑음,교차로 - 교차로안,승용,남,61세,상해없음,이륜,남,25세,중상
2022112000100015,2022년 11월 20일 00시,일요일,울산광역시 남구 신정동,경상사고,0,0,1,0,차대차 - 측면충돌,신호위반,건조,맑음,교차로 - 교차로안,승용,남,28세,상해없음,승용,남,60세,경상
2022112000100064,2022년 11월 20일 08시,일요일,울산광역시 북구 중산동,부상신고사고,0,0,0,1,차대차 - 추돌,신호위반,건조,맑음,교차로 - 교차로안,이륜,남,42세,부상신고,승용,여,72세,상해없음
2022112000100157,2022년 11월 20일 12시,일요일,울산광역시 남구 무거동,중상사고,0,1,0,0,차량단독 - 공작물충돌,안전운전불이행,건조,맑음,단일로 - 기타,이륜,남,49세,중상,,,,
2022112000100191,2022년 11월 20일 13시,일요일,울산광역시 남구 신정동,경상사고,0,0,2,0,차대차 - 추돌,안전운전불이행,건조,맑음,교차로 - 교차로부근,이륜,남,24세,상해없음,승용,남,27세,경상
2022112000100219,2022년 11월 20일 14시,일요일,울산광역시 북구 염포동,경상사고,0,0,1,0,차대차 - 기타,안전거리미확보,건조,맑음,단일로 - 기타,승용,여,62세,상해없음,승용,여,41세,경상
2022112000100249,2022년 11월 20일 15시,일요일,울산광역시 남구 달동,경상사고,0,0,3,0,차대차 - 측면충돌,직진우회전진행방해,건조,맑음,교차로 - 교차로안,승용,남,61세,경상,승용,여,56세,경상
2022112000100353,2022년 11월 20일 18시,일요일,울산광역시 남구 부곡동,경상사고,0,0,1,0,차대차 - 측면충돌,안전거리미확보,건조,맑음,교차로 - 교차로안,승합,남,66세,상해없음,승용,남,27세,경상
2022112100100006,2022년 11월 21일 00시,월요일,울산광역시 남구 달동,중상사고,0,1,0,0,차대차 - 정면충돌,중앙선침범,건조,맑음,단일로 - 기타,승용,남,42세,상해없음,이륜,남,44세,중상
2022112100100071,2022년 11월 21일 07시,월요일,울산광역시 중구 성남동,경상사고,0,0,2,0,차대차 - 기타,안전운전불이행,건조,맑음,교차로 - 교차로안,승용,여,45세,경상,승용,여,55세,상해없음
2022112100100072,2022년 11월 21일 07시,월요일,울산광역시 남구 삼산동,경상사고,0,0,2,0,차대차 - 추돌,안전운전불이행,건조,맑음,교차로 - 교차로부근,승용,여,38세,상해없음,승용,남,66세,경상
2022112100100119,2022년 11월 21일 08시,월요일,울산광역시 북구 호계동,중상사고,0,1,0,0,차량단독 - 기타,안전운전불이행,건조,맑음,단일로 - 기타,승합,남,40세,상해없음,,,,
2022112100100253,2022년 11월 21일 12시,월요일,울산광역시 울주군 범서읍,중상사고,0,1,0,0,차대사람 - 횡단중,보행자보호의무위반,건조,맑음,교차로 - 교차로횡단보도내,승용,여,28세,상해없음,보행자,여,62세,중상
2022112100100325,2022년 11월 21일 15시,월요일,울산광역시 중구 남외동,경상사고,0,0,1,0,차대차 - 측면충돌,안전운전불이행,건조,맑음,단일로 - 기타,승용,남,46세,상해없음,원동기,남,19세,경상
2022112100100326,2022년 11월 21일 15시,월요일,울산광역시 남구 신정동,경상사고,0,0,2,0,차대차 - 측면충돌,안전운전불이행,건조,맑음,교차로 - 교차로부근,화물,남,54세,상해없음,승용,여,51세,경상
2022112100100420,2022년 11월 21일 17시,월요일,울산광역시 남구 성암동,경상사고,0,0,2,0,차대차 - 측면충돌,신호위반,건조,맑음,교차로 - 교차로부근,화물,남,45세,기타불명,승용,남,49세,경상
2022112100100421,2022년 11월 21일 17시,월요일,울산광역시 남구 무거동,경상사고,0,0,1,0,차대차 - 측면충돌,안전거리미확보,건조,맑음,단일로 - 기타,승용,여,27세,상해없음,승용,여,36세,경상
2022112100100482,2022년 11월 21일 18시,월요일,울산광역시 남구 삼산동,경상사고,0,0,1,0,차대차 - 측면충돌,안전거리미확보,건조,맑음,단일로 - 지하차도(도로)내,이륜,남,35세,경상,승용,남,40세,상해없음
2022112200100035,2022년 11월 22일 05시,화요일,울산광역시 북구 진장동,경상사고,0,0,1,0,차대차 - 추돌,안전운전불이행,건조,맑음,교차로 - 교차로부근,화물,남,73세,상해없음,승용,남,56세,경상
2022112200100047,2022년 11월 22일 06시,화요일,울산광역시 동구 전하동,중상사고,0,1,0,0,차대차 - 측면충돌,신호위반,젖음/습기,맑음,교차로 - 교차로횡단보도내,이륜,남,61세,상해없음,자전거,남,54세,중상
2022112200100074,2022년 11월 22일 07시,화요일,울산광역시 울주군 범서읍,경상사고,0,0,1,0,차대차 - 측면충돌,안전운전불이행,건조,맑음,단일로 - 기타,승용,남,44세,기타불명,승합,남,40세,경상
2022112200100218,2022년 11월 22일 12시,화요일,울산광역시 중구 교동,경상사고,0,0,2,0,차대차 - 기타,안전운전불이행,건조,맑음,교차로 - 교차로안,승용,여,50세,상해없음,승용,여,36세,경상
2022112200100219,2022년 11월 22일 12시,화요일,울산광역시 북구 매곡동,중상사고,0,1,0,0,차대차 - 추돌,안전운전불이행,건조,맑음,교차로 - 교차로안,승용,남,60세,상해없음,이륜,남,41세,중상
2022112200100304,2022년 11월 22일 15시,화요일,울산광역시 남구 여천동,경상사고,0,0,1,0,차대차 - 기타,안전운전불이행,젖음/습기,흐림,단일로 - 기타,이륜,남,42세,경상,화물,남,62세,상해없음
2022112200100340,2022년 11월 22일 16시,화요일,울산광역시 남구 무거동,경상사고,0,0,3,0,차대사람 - 기타,안전운전불이행,건조,맑음,기타 - 기타,화물,남,76세,상해없음,보행자,남,28세,경상
2022112200100405,2022년 11월 22일 17시,화요일,울산광역시 남구 무거동,경상사고,0,0,1,0,차대사람 - 횡단중,안전운전불이행,젖음/습기,비,기타 - 기타,승용,남,28세,상해없음,보행자,여,13세,경상
2022112200100406,2022년 11월 22일 17시,화요일,울산광역시 울주군 웅촌면,중상사고,0,1,1,0,차대차 - 정면충돌,직진우회전진행방해,젖음/습기,비,교차로 - 교차로안,화물,남,69세,중상,화물,남,31세,경상
2022112200100469,2022년 11월 22일 18시,화요일,울산광역시 중구 우정동,경상사고,0,0,1,0,차대차 - 측면충돌,안전운전불이행,젖음/습기,비,교차로 - 교차로안,승용,남,69세,상해없음,이륜,남,26세,경상
2022112200100470,2022년 11월 22일 18시,화요일,울산광역시 남구 야음동,경상사고,0,0,1,0,차대사람 - 횡단중,보행자보호의무위반,젖음/습기,비,교차로 - 교차로횡단보도내,승용,여,42세,상해없음,보행자,남,57세,경상
2022112200100471,2022년 11월 22일 18시,화요일,울산광역시 남구 삼산동,경상사고,0,0,1,0,차대차 - 추돌,안전거리미확보,젖음/습기,비,단일로 - 기타,승용,여,56세,상해없음,이륜,남,22세,경상
2022112200100472,2022년 11월 22일 18시,화요일,울산광역시 북구 명촌동,경상사고,0,0,1,0,차대차 - 추돌,안전거리미확보,젖음/습기,비,단일로 - 기타,승용,남,26세,상해없음,승용,여,44세,경상
2022112200100525,2022년 11월 22일 19시,화요일,울산광역시 북구 호계동,경상사고,0,0,1,0,차대차 - 추돌,안전운전불이행,젖음/습기,비,교차로 - 교차로부근,승용,남,54세,상해없음,승용,남,61세,경상
2022112200100557,2022년 11월 22일 20시,화요일,울산광역시 북구 신천동,경상사고,0,0,1,0,차대차 - 기타,안전운전불이행,젖음/습기,비,교차로 - 교차로횡단보도내,승용,남,60세,상해없음,승용,남,44세,경상
2022112200100616,2022년 11월 22일 22시,화요일,울산광역시 남구 무거동,경상사고,0,0,1,0,차대차 - 측면충돌,안전운전불이행,젖음/습기,비,교차로 - 교차로안,승용,남,42세,상해없음,이륜,남,54세,경상
2022112300100042,2022년 11월 23일 06시,수요일,울산광역시 울주군 청량읍,경상사고,0,0,1,0,차대사람 - 횡단중,신호위반,젖음/습기,비,교차로 - 교차로횡단보도내,승합,남,46세,상해없음,보행자,여,62세,경상
2022112300100128,2022년 11월 23일 10시,수요일,울산광역시 울주군 청량읍,사망사고,1,0,0,0,차량단독 - 공작물충돌,안전운전불이행,건조,맑음,단일로 - 기타,특수,남,58세,사망,,,,
2022112300100156,2022년 11월 23일 10시,수요일,울산광역시 남구 신정동,중상사고,0,1,0,1,차대차 - 측면충돌,신호위반,건조,맑음,단일로 - 기타,이륜,남,73세,중상,승용,남,73세,상해없음
2022112300100157,2022년 11월 23일 10시,수요일,울산광역시 울주군 삼남읍,부상신고사고,0,0,0,1,차대차 - 측면충돌,안전운전불이행,건조,맑음,단일로 - 기타,승용,남,61세,상해없음,이륜,남,41세,부상신고
2022112300100268,2022년 11월 23일 14시,수요일,울산광역시 울주군 범서읍,부상신고사고,0,0,0,1,차대차 - 측면충돌,기타,건조,맑음,교차로 - 교차로안,승용,여,26세,상해없음,농기계,남,83세,부상신고
2022112300100304,2022년 11월 23일 15시,수요일,울산광역시 중구 반구동,경상사고,0,0,1,0,차대차 - 추돌,안전운전불이행,건조,맑음,교차로 - 교차로부근,승용,여,48세,상해없음,승용,여,30세,경상
2022112300100305,2022년 11월 23일 15시,수요일,울산광역시 남구 신정동,부상신고사고,0,0,0,1,차대사람 - 차도통행중,안전운전불이행,건조,맑음,단일로 - 기타,승용,남,60세,상해없음,보행자,여,32세,부상신고
2022112300100389,2022년 11월 23일 17시,수요일,울산광역시 울주군 삼남읍,중상사고,0,1,0,0,차대차 - 정면충돌,직진우회전진행방해,건조,맑음,교차로 - 교차로안,승용,남,27세,상해없음,이륜,남,41세,중상
2022112300100449,2022년 11월 23일 18시,수요일,울산광역시 남구 신정동,중상사고,0,1,0,0,차대차 - 추돌,안전운전불이행,건조,흐림,단일로 - 교량,이륜,남,55세,중상,승용,여,49세,상해없음
2022112300100450,2022년 11월 23일 18시,수요일,울산광역시 북구 화봉동,중상사고,0,1,0,0,차대차 - 측면충돌,중앙선침범,건조,맑음,교차로 - 교차로부근,승용,남,53세,상해없음,이륜,남,52세,중상
2022112300100525,2022년 11월 23일 20시,수요일,울산광역시 남구 신정동,경상사고,0,0,1,0,차대차 - 측면충돌,안전운전불이행,젖음/습기,비,교차로 - 교차로안,승용,남,29세,상해없음,이륜,남,33세,경상
2022112300100526,2022년 11월 23일 20시,수요일,울산광역시 북구 진장동,중상사고,0,1,1,1,차대차 - 측면충돌,안전거리미확보,건조,맑음,교차로 - 교차로부근,화물,남,57세,부상신고,이륜,남,25세,중상
2022112400100032,2022년 11월 24일 04시,목요일,울산광역시 울주군 청량읍,경상사고,0,0,3,0,차대차 - 추돌,안전운전불이행,건조,맑음,교차로 - 교차로부근,승용,남,41세,상해없음,승용,남,47세,상해없음
2022112400100040,2022년 11월 24일 05시,목요일,울산광역시 동구 동부동,사망사고,1,0,0,0,차대사람 - 횡단중,신호위반,건조,맑음,교차로 - 교차로횡단보도내,이륜,남,26세,상해없음,보행자,여,61세,사망
2022112400100211,2022년 11월 24일 11시,목요일,울산광역시 중구 반구동,부상신고사고,0,0,0,1,차대차 - 측면충돌,안전운전불이행,건조,맑음,단일로 - 기타,자전거,남,80세,부상신고,승용,남,49세,상해없음
2022112400100360,2022년 11월 24일 15시,목요일,울산광역시 울주군 범서읍,경상사고,0,0,1,0,차대사람 - 보도통행중,안전운전불이행,건조,맑음,주차장 - 주차장,승용,여,58세,기타불명,보행자,여,29세,경상
2022112400100440,2022년 11월 24일 17시,목요일,울산광역시 남구 여천동,중상사고,0,1,0,0,차대차 - 측면충돌,안전거리미확보,건조,맑음,교차로 - 교차로부근,승용,여,54세,상해없음,승용,남,62세,중상
2022112400100497,2022년 11월 24일 18시,목요일,울산광역시 북구 연암동,경상사고,0,0,1,0,차대차 - 측면충돌,안전운전불이행,건조,맑음,교차로 - 교차로안,승용,남,65세,상해없음,자전거,남,27세,경상
2022112400100538,2022년 11월 24일 19시,목요일,울산광역시 울주군 삼남읍,중상사고,0,1,0,0,차대차 - 정면충돌,중앙선침범,건조,맑음,교차로 - 교차로부근,승용,남,53세,상해없음,이륜,남,23세,중상
2022112400100571,2022년 11월 24일 20시,목요일,울산광역시 중구 성남동,경상사고,0,0,2,0,차대사람 - 차도통행중,안전운전불이행,건조,맑음,교차로 - 교차로안,승용,여,62세,상해없음,보행자,남,30세,경상
2022112400100590,2022년 11월 24일 21시,목요일,울산광역시 남구 무거동,경상사고,0,0,1,1,차대차 - 측면충돌,교차로운행방법위반,건조,맑음,교차로 - 교차로안,이륜,남,19세,경상,승용,남,32세,부상신고
2022112400100591,2022년 11월 24일 21시,목요일,울산광역시 남구 달동,경상사고,0,0,1,0,차대차 - 추돌,직진우회전진행방해,건조,맑음,교차로 - 교차로안,이륜,남,30세,상해없음,이륜,남,32세,경상
2022112400100616,2022년 11월 24일 22시,목요일,울산광역시 남구 매암동,중상사고,0,1,0,0,차대차 - 추돌,안전거리미확보,건조,맑음,단일로 - 기타,화물,남,67세,중상,건설기계,남,44세,기타불명
2022112400100633,2022년 11월 24일 23시,목요일,울산광역시 남구 삼산동,부상신고사고,0,0,0,1,차대차 - 기타,안전운전불이행,건조,맑음,단일로 - 기타,승용,남,63세,기타불명,이륜,남,27세,부상신고
2022112500100017,2022년 11월 25일 00시,금요일,울산광역시 울주군 언양읍,경상사고,0,0,1,0,차대차 - 추돌,안전운전불이행,건조,맑음,단일로 - 교량,승용,남,33세,상해없음,승용,여,58세,경상
2022112500100115,2022년 11월 25일 08시,금요일,울산광역시 중구 학산동,부상신고사고,0,0,0,1,차대차 - 기타,신호위반,건조,맑음,교차로 - 교차로안,자전거,남,67세,부상신고,승용,여,59세,상해없음
2022112500100234,2022년 11월 25일 12시,금요일,울산광역시 울주군 청량읍,경상사고,0,0,1,0,차대차 - 측면충돌,신호위반,건조,맑음,교차로 - 교차로안,승용,남,74세,상해없음,승용,남,55세,경상
2022112500100324,2022년 11월 25일 15시,금요일,울산광역시 중구 성안동,경상사고,0,0,1,0,차대사람 - 기타,보행자보호의무위반,건조,맑음,교차로 - 교차로횡단보도내,승용,여,57세,상해없음,보행자,여,80세,경상
2022112500100325,2022년 11월 25일 15시,금요일,울산광역시 남구 신정동,경상사고,0,0,1,0,차량단독 - 공작물충돌,안전운전불이행,건조,맑음,교차로 - 교차로부근,승용,여,71세,경상,,,,
2022112500100326,2022년 11월 25일 15시,금요일,울산광역시 북구 명촌동,경상사고,0,0,1,0,차대사람 - 차도통행중,안전운전불이행,건조,맑음,교차로 - 교차로횡단보도내,승용,여,53세,기타불명,보행자,여,21세,경상
2022112500100426,2022년 11월 25일 17시,금요일,울산광역시 중구 교동,경상사고,0,0,3,0,차대차 - 측면충돌,안전운전불이행,건조,맑음,단일로 - 기타,승용,여,47세,경상,승용,남,62세,경상
2022112500100427,2022년 11월 25일 17시,금요일,울산광역시 남구 신정동,경상사고,0,0,1,0,차대차 - 측면충돌,안전거리미확보,건조,맑음,교차로 - 교차로안,승용,여,62세,상해없음,승용,남,23세,경상
2022112500100508,2022년 11월 25일 18시,금요일,울산광역시 동구 일산동,경상사고,0,0,1,0,차대차 - 추돌,안전운전불이행,건조,맑음,단일로 - 지하차도(도로)내,이륜,남,16세,경상,승용,여,29세,상해없음
2022112500100551,2022년 11월 25일 19시,금요일,울산광역시 동구 서부동,경상사고,0,0,1,0,차대차 - 정면충돌,안전운전불이행,건조,맑음,단일로 - 기타,승용,남,71세,상해없음,자전거,남,64세,경상
2022112500100581,2022년 11월 25일 20시,금요일,울산광역시 중구 반구동,경상사고,0,0,4,0,차대차 - 추돌,안전운전불이행,건조,맑음,교차로 - 교차로부근,승용,남,60세,상해없음,승용,남,62세,경상
2022112600100082,2022년 11월 26일 07시,토요일,울산광역시 동구 서부동,중상사고,0,1,0,0,차대차 - 기타,안전거리미확보,건조,맑음,교차로 - 교차로부근,이륜,남,57세,기타불명,이륜,남,45세,중상
2022112600100083,2022년 11월 26일 07시,토요일,울산광역시 동구 서부동,부상신고사고,0,0,0,1,차대차 - 기타,안전운전불이행,기타,맑음,교차로 - 교차로안,이륜,남,58세,부상신고,기타불명,기타불명,미분류,기타불명
2022112600100102,2022년 11월 26일 08시,토요일,울산광역시 북구 화봉동,경상사고,0,0,1,0,차대차 - 측면충돌,신호위반,건조,맑음,교차로 - 교차로부근,승용,남,65세,상해없음,승용,남,28세,경상
2022112600100103,2022년 11월 26일 08시,토요일,울산광역시 북구 명촌동,경상사고,0,0,1,0,차대사람 - 횡단중,보행자보호의무위반,건조,맑음,교차로 - 교차로횡단보도내,승용,남,53세,상해없음,보행자,남,6세,경상
2022112600100128,2022년 11월 26일 09시,토요일,울산광역시 울주군 언양읍,중상사고,0,1,0,4,차대차 - 측면충돌,안전거리미확보,건조,맑음,교차로 - 교차로부근,승용,여,61세,부상신고,건설기계,남,27세,부상신고
2022112600100135,2022년 11월 26일 10시,토요일,울산광역시 울주군 언양읍,경상사고,0,0,1,0,차대차 - 측면충돌,안전운전불이행,건조,맑음,단일로 - 기타,승용,남,46세,상해없음,승용,남,68세,경상
2022112600100379,2022년 11월 26일 17시,토요일,울산광역시 남구 신정동,경상사고,0,0,1,0,차대차 - 측면충돌,안전거리미확보,건조,맑음,교차로 - 교차로부근,승용,여,50세,상해없음,승합,남,53세,경상
2022112600100460,2022년 11월 26일 19시,토요일,울산광역시 동구 전하동,중상사고,0,1,1,0,차대사람 - 횡단중,안전운전불이행,건조,맑음,기타 - 기타,이륜,남,25세,경상,보행자,남,77세,중상
2022112600100461,2022년 11월 26일 19시,토요일,울산광역시 울주군 온산읍,부상신고사고,0,0,0,1,차대사람 - 길가장자리구역통행중,안전운전불이행,건조,맑음,교차로 - 교차로부근,승용,남,52세,상해없음,보행자,남,55세,부상신고
2022112600100493,2022년 11월 26일 20시,토요일,울산광역시 북구 진장동,경상사고,0,0,1,0,차대차 - 추돌,안전운전불이행,건조,맑음,교차로 - 교차로안,승용,남,69세,상해없음,승용,여,42세,경상
2022112700100045,2022년 11월 27일 04시,일요일,울산광역시 울주군 범서읍,중상사고,0,1,0,0,차대차 - 측면충돌,안전운전불이행,건조,맑음,단일로 - 고가도로위,승용,남,67세,상해없음,개인형이동수단(PM),남,45세,중상
2022112700100054,2022년 11월 27일 05시,일요일,울산광역시 남구 옥동,사망사고,1,0,0,0,차대사람 - 기타,안전운전불이행,건조,맑음,기타 - 기타,승용,여,58세,상해없음,보행자,남,56세,사망
2022112700100122,2022년 11월 27일 11시,일요일,울산광역시 중구 서동,중상사고,0,2,2,0,차대차 - 기타,안전거리미확보,건조,맑음,교차로 - 교차로부근,승용,남,76세,상해없음,승용,남,52세,경상
2022112700100265,2022년 11월 27일 16시,일요일,울산광역시 중구 반구동,경상사고,0,0,1,0,차대차 - 측면충돌,안전운전불이행,건조,맑음,단일로 - 기타,승용,남,63세,상해없음,이륜,남,25세,경상
2022112700100298,2022년 11월 27일 17시,일요일,울산광역시 중구 약사동,경상사고,0,0,1,0,차대차 - 기타,안전운전불이행,건조,맑음,단일로 - 기타,승용,여,43세,상해없음,이륜,남,18세,경상
2022112700100299,2022년 11월 27일 17시,일요일,울산광역시 북구 호계동,중상사고,0,1,4,0,차대차 - 추돌,중앙선침범,건조,맑음,교차로 - 교차로부근,승용,남,56세,상해없음,이륜,남,51세,중상
2022112700100345,2022년 11월 27일 18시,일요일,울산광역시 동구 방어동,중상사고,0,1,1,0,차대사람 - 차도통행중,안전운전불이행,건조,맑음,단일로 - 기타,이륜,남,51세,경상,보행자,여,64세,중상
2022112700100346,2022년 11월 27일 18시,일요일,울산광역시 울주군 삼남읍,경상사고,0,0,1,0,차대차 - 측면충돌,직진우회전진행방해,건조,맑음,교차로 - 교차로안,승용,여,53세,경상,화물,남,61세,상해없음
2022112700100347,2022년 11월 27일 18시,일요일,울산광역시 북구 호계동,경상사고,0,0,1,0,차대사람 - 기타,안전운전불이행,건조,맑음,단일로 - 기타,이륜,남,16세,상해없음,보행자,남,60세,경상
2022112700100373,2022년 11월 27일 19시,일요일,울산광역시 중구 반구동,중상사고,0,1,1,1,차대차 - 측면충돌,안전거리미확보,건조,맑음,단일로 - 기타,승용,남,69세,부상신고,승용,남,60세,경상
2022112700100408,2022년 11월 27일 23시,일요일,울산광역시 북구 명촌동,경상사고,0,0,1,0,차대차 - 기타,안전운전불이행,건조,맑음,교차로 - 교차로부근,승용,남,34세,상해없음,승용,여,30세,경상
2022112800100114,2022년 11월 28일 08시,월요일,울산광역시 남구 신정동,경상사고,0,0,1,0,차대차 - 측면충돌,교차로운행방법위반,건조,맑음,교차로 - 교차로안,승용,남,32세,상해없음,자전거,남,16세,경상
2022112800100230,2022년 11월 28일 12시,월요일,울산광역시 동구 일산동,경상사고,0,0,1,0,차대사람 - 횡단중,안전운전불이행,건조,맑음,교차로 - 교차로안,승용,남,57세,상해없음,보행자,남,62세,경상
2022112800100291,2022년 11월 28일 14시,월요일,울산광역시 남구 두왕동,경상사고,0,0,2,0,차대차 - 추돌,안전운전불이행,건조,맑음,단일로 - 지하차도(도로)내,승용,남,36세,경상,승용,남,43세,경상