사고번호,사고일시,요일,시군구,사고내용,사망자수,중상자수,경상자수,부상신고자수,사고유형,법규위반,노면상태,기상상태,도로형태,가해운전자 차종,가해운전자 성별,가해운전자 연령,가해운전자 상해정도,피해운전자 차종,피해운전자 성별,피해운전자 연령,피해운전자 상해정도
2022112800100331,2022년 11월 28일 15시,월요일,울산광역시 남구 신정동,경상사고,0,0,1,0,차대차 - 측면충돌,안전운전불이행,건조,맑음,단일로 - 기타,승용,남,27세,상해없음,자전거,남,85세,경상
2022112800100332,2022년 11월 28일 15시,월요일,울산광역시 북구 효문동,경상사고,0,0,1,0,차대차 - 측면충돌,직진우회전진행방해,건조,맑음,교차로 - 교차로안,화물,남,43세,상해없음,이륜,남,50세,경상
2022112800100366,2022년 11월 28일 16시,월요일,울산광역시 남구 달동,중상사고,0,1,0,0,차대차 - 측면충돌,안전운전불이행,건조,맑음,단일로 - 기타,승용,남,60세,상해없음,자전거,남,41세,중상
2022112800100497,2022년 11월 28일 18시,월요일,울산광역시 중구 다운동,중상사고,0,1,0,0,차대차 - 측면충돌,안전운전불이행,건조,맑음,교차로 - 교차로부근,승용,남,46세,상해없음,이륜,남,35세,중상
2022112800100498,2022년 11월 28일 18시,월요일,울산광역시 남구 옥동,경상사고,0,0,1,0,차대사람 - 횡단중,보행자보호의무위반,건조,맑음,교차로 - 교차로횡단보도내,승용,남,29세,상해없음,보행자,여,15세,경상
2022112800100499,2022년 11월 28일 18시,월요일,울산광역시 동구 일산동,사망사고,1,0,0,0,차대차 - 측면충돌,안전거리미확보,젖음/습기,흐림,단일로 - 기타,이륜,남,62세,사망,승합,남,62세,상해없음
2022112800100683,2022년 11월 28일 22시,월요일,울산광역시 울주군 언양읍,경상사고,0,0,1,0,차대차 - 기타,안전운전불이행,젖음/습기,비,단일로 - 기타,승용,남,57세,경상,승용,여,62세,기타불명
2022112900100010,2022년 11월 29일 00시,화요일,울산광역시 중구 반구동,경상사고,0,0,1,0,차대차 - 기타,안전운전불이행,젖음/습기,비,단일로 - 기타,승합,여,64세,상해없음,승용,남,66세,상해없음
2022112900100046,2022년 11월 29일 05시,화요일,울산광역시 울주군 범서읍,경상사고,0,0,1,0,차량단독 - 공작물충돌,안전운전불이행,젖음/습기,비,단일로 - 기타,승용,남,28세,경상,,,,
2022112900100103,2022년 11월 29일 07시,화요일,울산광역시 남구 여천동,경상사고,0,0,2,0,차대차 - 측면충돌,안전거리미확보,젖음/습기,비,단일로 - 기타,승용,남,41세,상해없음,승용,남,39세,경상
2022112900100144,2022년 11월 29일 08시,화요일,울산광역시 중구 다운동,경상사고,0,0,1,0,차대차 - 측면충돌,중앙선침범,젖음/습기,비,단일로 - 기타,승용,남,41세,상해없음,승용,남,56세,경상
2022112900100145,2022년 11월 29일 08시,화요일,울산광역시 남구 옥동,경상사고,0,0,1,0,차대사람 - 횡단중,보행자보호의무위반,젖음/습기,비,교차로 - 교차로횡단보도내,승용,남,71세,상해없음,보행자,여,11세,경상
2022112900100146,2022년 11월 29일 08시,화요일,울산광역시 남구 신정동,경상사고,0,0,1,0,차대차 - 추돌,안전운전불이행,젖음/습기,비,교차로 - 교차로부근,승합,남,70세,상해없음,승용,여,63세,경상
2022112900100147,2022년 11월 29일 08시,화요일,울산광역시 울주군 범서읍,경상사고,0,0,1,0,차대차 - 추돌,안전거리미확보,젖음/습기,맑음,단일로 - 기타,승용,남,42세,상해없음,승용,남,47세,상해없음
2022112900100176,2022년 11월 29일 09시,화요일,울산광역시 동구 방어동,경상사고,0,0,1,0,차량단독 - 공작물충돌,안전운전불이행,젖음/습기,흐림,단일로 - 기타,승용,남,59세,경상,,,,
2022112900100206,2022년 11월 29일 10시,화요일,울산광역시 남구 옥동,경상사고,0,0,1,0,차대차 - 추돌,안전거리미확보,젖음/습기,비,교차로 - 교차로안,화물,남,62세,상해없음,승용,여,64세,경상
2022112900100234,2022년 11월 29일 11시,화요일,울산광역시 울주군 온양읍,경상사고,0,0,1,0,차대사람 - 횡단중,보행자보호의무위반,건조,맑음,단일로 - 기타,승용,남,66세,상해없음,보행자,여,58세,경상
2022112900100264,2022년 11월 29일 12시,화요일,울산광역시 남구 신정동,중상사고,0,2,0,0,차대차 - 추돌,안전거리미확보,젖음/습기,비,교차로 - 교차로부근,승합,남,67세,상해없음,승용,남,64세,중상
2022112900100265,2022년 11월 29일 12시,화요일,울산광역시 동구 서부동,경상사고,0,0,2,0,차대차 - 추돌,안전운전불이행,젖음/습기,비,교차로 - 교차로부근,승용,남,55세,상해없음,승용,남,65세,경상
2022112900100266,2022년 11월 29일 12시,화요일,울산광역시 동구 일산동,중상사고,0,1,1,0,차대차 - 측면충돌,직진우회전진행방해,젖음/습기,비,교차로 - 교차로안,승용,여,44세,경상,승용,남,55세,중상
2022112900100303,2022년 11월 29일 13시,화요일,울산광역시 남구 용잠동,중상사고,0,1,0,0,차대차 - 정면충돌,중앙선침범,젖음/습기,비,단일로 - 기타,승용,남,35세,상해없음,화물,남,39세,중상
2022112900100358,2022년 11월 29일 15시,화요일,울산광역시 중구 유곡동,중상사고,0,1,0,0,차대사람 - 보도통행중,보행자보호의무위반,젖음/습기,비,단일로 - 기타,승용,여,35세,상해없음,보행자,남,11세,중상
2022112900100359,2022년 11월 29일 15시,화요일,울산광역시 북구 효문동,중상사고,0,2,0,0,차대차 - 측면충돌,신호위반,건조,맑음,교차로 - 교차로안,승용,남,28세,상해없음,이륜,남,41세,중상
2022112900100426,2022년 11월 29일 17시,화요일,울산광역시 북구 상안동,경상사고,0,0,1,0,차대차 - 정면충돌,신호위반,건조,흐림,교차로 - 교차로안,승용,남,47세,기타불명,승용,여,61세,경상
2022112900100476,2022년 11월 29일 18시,화요일,울산광역시 남구 달동,중상사고,0,1,0,0,차대차 - 측면충돌,안전거리미확보,건조,맑음,단일로 - 기타,승용,여,51세,상해없음,이륜,남,31세,중상
2022112900100523,2022년 11월 29일 20시,화요일,울산광역시 남구 달동,중상사고,0,1,0,0,차대사람 - 횡단중,안전운전불이행,건조,맑음,교차로 - 교차로부근,승용,남,26세,상해없음,보행자,여,61세,중상
2022112900100543,2022년 11월 29일 21시,화요일,울산광역시 북구 송정동,경상사고,0,0,1,0,차대차 - 측면충돌,신호위반,건조,맑음,교차로 - 교차로안,승용,여,55세,상해없음,승용,남,60세,경상
2022112900100569,2022년 11월 29일 23시,화요일,울산광역시 남구 무거동,중상사고,0,1,2,0,차대차 - 추돌,안전운전불이행,건조,맑음,교차로 - 교차로부근,승용,남,71세,상해없음,승용,남,49세,경상
2022113000100014,2022년 11월 30일 00시,수요일,울산광역시 북구 효문동,중상사고,0,1,0,0,차대차 - 측면충돌,신호위반,건조,맑음,교차로 - 교차로안,승용,남,59세,상해없음,이륜,남,56세,중상
2022113000100133,2022년 11월 30일 09시,수요일,울산광역시 북구 송정동,경상사고,0,0,2,0,차대차 - 측면충돌,교차로운행방법위반,건조,맑음,교차로 - 교차로안,화물,남,67세,상해없음,승용,여,65세,경상
2022113000100156,2022년 11월 30일 10시,수요일,울산광역시 북구 신천동,경상사고,0,0,1,0,차대차 - 측면충돌,안전운전불이행,건조,맑음,단일로 - 기타,화물,여,65세,상해없음,승용,여,54세,경상
2022113000100185,2022년 11월 30일 11시,수요일,울산광역시 남구 삼산동,경상사고,0,0,3,0,차대차 - 추돌,신호위반,건조,맑음,교차로 - 교차로부근,승용,남,38세,상해없음,화물,남,47세,상해없음
2022113000100186,2022년 11월 30일 11시,수요일,울산광역시 울주군 웅촌면,중상사고,0,1,0,0,차대사람 - 기타,안전운전불이행,건조,맑음,단일로 - 기타,승용,남,67세,상해없음,보행자,여,67세,중상
2022113000100244,2022년 11월 30일 13시,수요일,울산광역시 중구 반구동,경상사고,0,0,1,0,차대차 - 기타,안전운전불이행,건조,맑음,단일로 - 기타,승용,여,55세,상해없음,승용,남,40세,경상
2022113000100269,2022년 11월 30일 14시,수요일,울산광역시 울주군 범서읍,경상사고,0,0,1,0,차대차 - 측면충돌,차로위반,건조,맑음,교차로 - 교차로부근,승용,여,69세,상해없음,승용,남,42세,경상
2022113000100433,2022년 11월 30일 18시,수요일,울산광역시 중구 서동,경상사고,0,0,1,0,차대차 - 기타,안전거리미확보,건조,맑음,교차로 - 교차로안,승용,남,59세,상해없음,승용,남,29세,경상
2022113000100554,2022년 11월 30일 23시,수요일,울산광역시 남구 달동,경상사고,0,0,1,0,차대사람 - 기타,안전운전불이행,건조,맑음,교차로 - 교차로안,승용,남,36세,상해없음,보행자,남,30세,경상
2022120100100140,2022년 12월 1일 09시,목요일,울산광역시 남구 달동,중상사고,0,1,1,0,차대차 - 측면충돌,신호위반,건조,맑음,교차로 - 교차로안,승용,여,62세,상해없음,승용,여,44세,중상
2022120100100288,2022년 12월 1일 14시,목요일,울산광역시 남구 무거동,경상사고,0,0,1,0,차대차 - 정면충돌,교차로운행방법위반,건조,맑음,교차로 - 교차로안,이륜,남,72세,상해없음,이륜,남,29세,경상
2022120100100363,2022년 12월 1일 16시,목요일,울산광역시 북구 진장동,경상사고,0,0,1,0,차대사람 - 보도통행중,보행자보호의무위반,건조,맑음,교차로 - 교차로횡단보도내,승용,남,35세,상해없음,보행자,남,30세,경상
2022120100100407,2022년 12월 1일 17시,목요일,울산광역시 울주군 두동면,경상사고,0,0,1,0,차대차 - 추돌,안전거리미확보,건조,맑음,교차로 - 교차로부근,승용,남,31세,상해없음,승용,여,30세,경상
2022120100100456,2022년 12월 1일 18시,목요일,울산광역시 남구 신정동,경상사고,0,0,1,0,차량단독 - 기타,안전운전불이행,건조,맑음,기타 - 기타,승합,남,43세,상해없음,,,,
2022120100100506,2022년 12월 1일 20시,목요일,울산광역시 동구 화정동,경상사고,0,0,1,0,차대차 - 측면충돌,신호위반,건조,맑음,교차로 - 교차로안,이륜,남,52세,상해없음,이륜,남,17세,경상
2022120200100087,2022년 12월 2일 07시,금요일,울산광역시 울주군 서생면,경상사고,0,0,1,0,차대차 - 측면충돌,중앙선침범,건조,맑음,교차로 - 교차로부근,승용,남,30세,상해없음,승용,남,42세,경상
2022120200100454,2022년 12월 2일 17시,금요일,울산광역시 울주군 두동면,중상사고,0,1,0,0,차대사람 - 차도통행중,안전운전불이행,건조,맑음,단일로 - 기타,승용,여,53세,상해없음,보행자,남,83세,중상
2022120200100523,2022년 12월 2일 18시,금요일,울산광역시 남구 삼산동,부상신고사고,0,0,0,1,차대차 - 기타,직진우회전진행방해,건조,맑음,교차로 - 교차로안,이륜,남,20세,부상신고,승용,여,47세,기타불명
2022120200100596,2022년 12월 2일 20시,금요일,울산광역시 중구 성안동,경상사고,0,0,2,0,차대차 - 측면충돌,안전운전불이행,건조,맑음,교차로 - 교차로안,승용,여,48세,상해없음,이륜,남,18세,경상
2022120200100646,2022년 12월 2일 23시,금요일,울산광역시 중구 반구동,중상사고,0,1,0,0,차대사람 - 횡단중,안전운전불이행,건조,맑음,단일로 - 기타,승용,남,64세,상해없음,보행자,여,59세,중상
2022120300100011,2022년 12월 3일 00시,토요일,울산광역시 남구 달동,중상사고,0,1,0,0,차대차 - 기타,신호위반,건조,맑음,교차로 - 교차로부근,승용,남,49세,상해없음,이륜,남,30세,중상
2022120300100012,2022년 12월 3일 00시,토요일,울산광역시 북구 진장동,경상사고,0,0,1,0,차대사람 - 횡단중,신호위반,건조,맑음,교차로 - 교차로횡단보도내,화물,남,63세,상해없음,보행자,남,63세,경상
2022120300100140,2022년 12월 3일 09시,토요일,울산광역시 동구 방어동,중상사고,0,1,0,0,차대사람 - 기타,신호위반,건조,맑음,교차로 - 교차로안,승용,여,53세,상해없음,보행자,여,63세,중상
2022120300100164,2022년 12월 3일 10시,토요일,울산광역시 남구 옥동,경상사고,0,0,1,0,차대차 - 추돌,안전운전불이행,건조,맑음,단일로 - 기타,승용,남,53세,상해없음,승용,여,44세,경상
2022120300100316,2022년 12월 3일 15시,토요일,울산광역시 중구 우정동,경상사고,0,0,1,0,차대사람 - 기타,신호위반,건조,맑음,단일로 - 기타,승용,남,45세,상해없음,보행자,여,69세,경상
2022120300100353,2022년 12월 3일 16시,토요일,울산광역시 중구 성남동,부상신고사고,0,0,0,1,차대사람 - 기타,안전운전불이행,건조,맑음,단일로 - 기타,승용,여,27세,상해없음,보행자,남,24세,부상신고
2022120300100354,2022년 12월 3일 16시,토요일,울산광역시 북구 천곡동,경상사고,0,0,1,0,차대차 - 측면충돌,교차로운행방법위반,건조,맑음,교차로 - 교차로안,승용,남,53세,상해없음,이륜,남,40세,경상
2022120300100438,2022년 12월 3일 18시,토요일,울산광역시 중구 반구동,경상사고,0,0,1,0,차대차 - 추돌,안전거리미확보,건조,맑음,교차로 - 교차로부근,이륜,남,36세,상해없음,승용,남,38세,경상
2022120300100439,2022년 12월 3일 18시,토요일,울산광역시 중구 서동,경상사고,0,0,2,1,차대차 - 측면충돌,안전거리미확보,건조,맑음,교차로 - 교차로안,승용,여,61세,경상,승용,남,26세,경상
2022120300100465,2022년 12월 3일 19시,토요일,울산광역시 중구 반구동,경상사고,0,0,1,0,차대차 - 측면충돌,직진우회전진행방해,건조,맑음,교차로 - 교차로안,승용,남,64세,상해없음,이륜,남,50세,경상
2022120300100527,2022년 12월 3일 21시,토요일,울산광역시 남구 삼산동,경상사고,0,0,1,0,차대차 - 측면충돌,차로위반,건조,맑음,교차로 - 교차로안,승용,남,59세,상해없음,이륜,남,48세,경상
2022120400100012,2022년 12월 4일 00시,일요일,울산광역시 남구 삼산동,부상신고사고,0,0,0,1,차대차 - 측면충돌,신호위반,건조,맑음,교차로 - 교차로안,이륜,남,37세,부상신고,승용,남,56세,상해없음
2022120400100034,2022년 12월 4일 03시,일요일,울산광역시 북구 중산동,경상사고,0,0,1,0,차대차 - 측면충돌,안전운전불이행,건조,맑음,교차로 - 교차로안,승용,여,43세,상해없음,승용,남,27세,경상
2022120400100084,2022년 12월 4일 09시,일요일,울산광역시 울주군 청량읍,경상사고,0,0,1,2,차대차 - 측면충돌,신호위반,건조,맑음,교차로 - 교차로안,화물,남,25세,부상신고,승용,여,40세,경상
2022120400100173,2022년 12월 4일 13시,일요일,울산광역시 북구 염포동,경상사고,0,0,1,0,차대차 - 기타,안전운전불이행,건조,맑음,단일로 - 기타,승용,여,37세,상해없음,자전거,여,64세,경상
2022120400100196,2022년 12월 4일 14시,일요일,울산광역시 중구 성안동,경상사고,0,0,1,0,차대차 - 측면충돌,안전운전불이행,건조,맑음,단일로 - 기타,승용,남,38세,상해없음,승용,남,38세,상해없음
2022120400100320,2022년 12월 4일 18시,일요일,울산광역시 중구 우정동,중상사고,0,1,0,0,차대차 - 후진중충돌,안전운전불이행,건조,맑음,단일로 - 기타,화물,남,49세,상해없음,자전거,여,80세,중상
2022120400100321,2022년 12월 4일 18시,일요일,울산광역시 중구 남외동,경상사고,0,0,2,0,차대차 - 측면충돌,신호위반,건조,맑음,교차로 - 교차로안,승합,남,55세,상해없음,승합,남,48세,경상
2022120400100371,2022년 12월 4일 20시,일요일,울산광역시 울주군 두동면,경상사고,0,0,1,0,차대차 - 기타,직진우회전진행방해,건조,기타,교차로 - 교차로안,승용,남,69세,상해없음,승용,남,67세,경상
2022120400100389,2022년 12월 4일 21시,일요일,울산광역시 울주군 범서읍,중상사고,0,2,1,0,차대차 - 정면충돌,신호위반,건조,맑음,교차로 - 교차로부근,원동기,남,17세,중상,승용,남,22세,경상
2022120400100403,2022년 12월 4일 23시,일요일,울산광역시 동구 방어동,경상사고,0,0,2,0,차대차 - 측면충돌,신호위반,건조,맑음,교차로 - 교차로안,이륜,남,63세,경상,승용,남,48세,상해없음
2022120500100016,2022년 12월 5일 03시,월요일,울산광역시 동구 방어동,중상사고,0,1,0,0,차량단독 - 전도전복 - 전도,안전운전불이행,건조,맑음,단일로 - 기타,이륜,남,29세,중상,,,,
2022120500100079,2022년 12월 5일 08시,월요일,울산광역시 울주군 상북면,중상사고,0,2,5,0,차대차 - 측면충돌,안전운전불이행,건조,맑음,교차로 - 교차로안,화물,남,62세,경상,승합,남,64세,상해없음
2022120500100107,2022년 12월 5일 09시,월요일,울산광역시 남구 선암동,경상사고,0,0,1,0,차대차 - 후진중충돌,교차로운행방법위반,건조,맑음,단일로 - 기타,화물,남,40세,상해없음,승용,여,49세,경상
2022120500100108,2022년 12월 5일 09시,월요일,울산광역시 북구 명촌동,경상사고,0,0,1,0,차대차 - 측면충돌,신호위반,건조,맑음,교차로 - 교차로안,승용,여,42세,상해없음,승용,여,57세,경상
2022120500100162,2022년 12월 5일 11시,월요일,울산광역시 북구 송정동,부상신고사고,0,0,0,1,차량단독 - 공작물충돌,안전운전불이행,건조,맑음,단일로 - 기타,승용,남,37세,부상신고,,,,
2022120500100352,2022년 12월 5일 17시,월요일,울산광역시 동구 서부동,경상사고,0,0,1,0,차대차 - 추돌,안전운전불이행,건조,맑음,단일로 - 기타,이륜,남,47세,경상,승용,남,47세,상해없음
2022120500100353,2022년 12월 5일 17시,월요일,울산광역시 북구 연암동,경상사고,0,0,2,0,차대차 - 측면충돌,불법유턴,건조,맑음,단일로 - 기타,화물,남,59세,상해없음,승용,남,78세,경상
2022120500100467,2022년 12월 5일 20시,월요일,울산광역시 남구 달동,경상사고,0,0,1,0,차대차 - 기타,안전운전불이행,건조,맑음,교차로 - 교차로안,자전거,남,63세,경상,승용,남,57세,상해없음
2022120500100497,2022년 12월 5일 21시,월요일,울산광역시 남구 삼산동,경상사고,0,0,1,0,차대차 - 측면충돌,안전운전불이행,건조,맑음,교차로 - 교차로횡단보도내,승용,남,21세,상해없음,자전거,남,15세,경상
2022120600100074,2022년 12월 6일 07시,화요일,울산광역시 울주군 온산읍,경상사고,0,0,2,0,차대차 - 추돌,안전거리미확보,건조,맑음,교차로 - 교차로부근,승용,남,42세,상해없음,화물,남,48세,상해없음
2022120600100189,2022년 12월 6일 09시,화요일,울산광역시 북구 호계동,부상신고사고,0,0,0,1,차대사람 - 횡단중,안전운전불이행,건조,맑음,교차로 - 교차로횡단보도내,승합,남,36세,상해없음,보행자,여,75세,부상신고
2022120600100260,2022년 12월 6일 11시,화요일,울산광역시 중구 학산동,경상사고,0,0,1,0,차대차 - 측면충돌,안전운전불이행,건조,맑음,단일로 - 기타,이륜,남,34세,경상,화물,남,54세,상해없음
2022120600100338,2022년 12월 6일 14시,화요일,울산광역시 북구 진장동,경상사고,0,0,1,0,차대차 - 측면충돌,안전거리미확보,건조,맑음,단일로 - 기타,화물,남,69세,상해없음,승용,여,52세,경상
2022120600100412,2022년 12월 6일 16시,화요일,울산광역시 중구 복산동,경상사고,0,0,1,0,차대사람 - 차도통행중,안전운전불이행,건조,맑음,단일로 - 기타,승용,여,40세,상해없음,보행자,남,13세,경상
2022120600100475,2022년 12월 6일 17시,화요일,울산광역시 중구 다운동,경상사고,0,0,1,0,차대사람 - 기타,안전운전불이행,건조,맑음,단일로 - 기타,화물,남,70세,상해없음,보행자,남,16세,경상
2022120600100476,2022년 12월 6일 17시,화요일,울산광역시 북구 양정동,경상사고,0,0,1,0,차대차 - 추돌,안전운전불이행,건조,맑음,단일로 - 기타,승용,남,48세,상해없음,이륜,남,48세,경상
2022120600100555,2022년 12월 6일 19시,화요일,울산광역시 남구 신정동,경상사고,0,0,1,0,차대사람 - 횡단중,보행자보호의무위반,건조,맑음,교차로 - 교차로횡단보도내,승용,남,69세,상해없음,보행자,남,70세,경상
2022120600100586,2022년 12월 6일 20시,화요일,울산광역시 북구 호계동,경상사고,0,0,3,0,차대차 - 측면충돌,교차로운행방법위반,건조,맑음,단일로 - 기타,이륜,남,23세,경상,이륜,남,37세,경상
2022120600100647,2022년 12월 6일 23시,화요일,울산광역시 중구 남외동,경상사고,0,0,2,0,차대차 - 기타,신호위반,건조,맑음,교차로 - 교차로안,승용,남,69세,상해없음,승합,남,57세,경상
2022120700100050,2022년 12월 7일 06시,수요일,울산광역시 북구 진장동,중상사고,0,1,0,0,차대차 - 추돌,중앙선침범,건조,맑음,교차로 - 교차로부근,승용,남,49세,상해없음,이륜,남,31세,중상
2022120700100200,2022년 12월 7일 11시,수요일,울산광역시 북구 연암동,중상사고,0,1,2,0,차대차 - 추돌,안전운전불이행,건조,맑음,단일로 - 기타,승용,여,58세,중상,승용,남,41세,경상
2022120700100226,2022년 12월 7일 12시,수요일,울산광역시 북구 호계동,중상사고,0,1,0,0,차대차 - 측면충돌,안전거리미확보,건조,맑음,교차로 - 교차로부근,승용,여,55세,상해없음,이륜,남,26세,중상
2022120700100319,2022년 12월 7일 15시,수요일,울산광역시 중구 남외동,경상사고,0,0,1,1,차대차 - 측면충돌,안전거리미확보,건조,맑음,교차로 - 교차로안,이륜,남,54세,부상신고,승용,여,46세,경상
2022120700100320,2022년 12월 7일 15시,수요일,울산광역시 동구 전하동,경상사고,0,0,1,0,차량단독 - 기타,안전운전불이행,건조,맑음,교차로 - 교차로부근,승합,남,54세,상해없음,,,,
2022120700100357,2022년 12월 7일 16시,수요일,울산광역시 동구 전하동,부상신고사고,0,0,0,1,차대사람 - 보도통행중,기타,건조,맑음,기타 - 기타,개인형이동수단(PM),남,43세,상해없음,보행자,여,30세,부상신고
2022120700100358,2022년 12월 7일 16시,수요일,울산광역시 북구 매곡동,경상사고,0,0,1,0,차대차 - 정면충돌,안전운전불이행,건조,맑음,단일로 - 기타,승용,여,46세,상해없음,승용,남,57세,경상
2022120700100416,2022년 12월 7일 17시,수요일,울산광역시 남구 달동,경상사고,0,0,1,0,차대사람 - 보도통행중,보행자보호의무위반,건조,맑음,교차로 - 교차로횡단보도내,승용,남,57세,상해없음,보행자,여,20세,경상
2022120700100417,2022년 12월 7일 17시,수요일,울산광역시 남구 달동,경상사고,0,0,2,0,차대차 - 측면충돌,차로위반,건조,맑음,단일로 - 기타,승용,남,70세,기타불명,승합,남,57세,경상
2022120700100418,2022년 12월 7일 17시,수요일,울산광역시 동구 일산동,경상사고,0,0,1,0,차대차 - 추돌,안전운전불이행,건조,맑음,교차로 - 교차로횡단보도내,화물,남,56세,상해없음,화물,남,27세,경상
2022120700100419,2022년 12월 7일 17시,수요일,울산광역시 북구 산하동,경상사고,0,0,1,0,차대차 - 측면충돌,신호위반,건조,맑음,교차로 - 교차로안,승용,여,59세,상해없음,이륜,남,36세,경상
2022120700100490,2022년 12월 7일 18시,수요일,울산광역시 중구 복산동,경상사고,0,0,1,0,차대차 - 측면충돌,안전운전불이행,건조,맑음,교차로 - 교차로부근,승용,여,39세,상해없음,승용,여,51세,경상
2022120700100564,2022년 12월 7일 20시,수요일,울산광역시 동구 방어동,경상사고,0,0,1,0,차대차 - 측면충돌,직진우회전진행방해,건조,맑음,교차로 - 교차로안,승용,여,60세,상해없음,이륜,여,59세,경상
2022120700100565,2022년 12월 7일 20시,수요일,울산광역시 북구 연암동,중상사고,0,1,0,0,차대차 - 측면충돌,교차로운행방법위반,건조,맑음,교차로 - 교차로안,승용,남,64세,상해없음,자전거,남,55세,중상
2022120700100566,2022년 12월 7일 20시,수요일,울산광역시 북구 매곡동,경상사고,0,0,1,0,차대사람 - 보도통행중,안전운전불이행,건조,맑음,단일로 - 기타,승용,남,49세,상해없음,보행자,남,26세,경상
2022120800100013,2022년 12월 8일 00시,목요일,울산광역시 동구 동부동,경상사고,0,0,2,0,차대차 - 측면충돌,직진우회전진행방해,건조,맑음,교차로 - 교차로안,이륜,남,31세,경상,이륜,남,52세,경상
2022120800100052,2022년 12월 8일 05시,목요일,울산광역시 북구 연암동,중상사고,0,1,0,0,차대차 - 측면충돌,안전운전불이행,건조,맑음,교차로 - 교차로부근,승용,남,21세,상해없음,자전거,여,67세,중상
2022120800100078,2022년 12월 8일 06시,목요일,울산광역시 동구 동부동,경상사고,0,0,1,0,차대차 - 측면충돌,안전거리미확보,건조,맑음,교차로 - 교차로부근,이륜,남,46세,상해없음,이륜,남,29세,경상
2022120800100220,2022년 12월 8일 10시,목요일,울산광역시 울주군 언양읍,경상사고,0,0,1,0,차대사람 - 기타,안전운전불이행,건조,맑음,주차장 - 주차장,승용,남,44세,상해없음,보행자,여,46세,경상
2022120800100320,2022년 12월 8일 13시,목요일,울산광역시 중구 남외동,경상사고,0,0,1,0,차대차 - 기타,신호위반,건조,맑음,교차로 - 교차로안,승용,여,41세,상해없음,승합,남,62세,상해없음
2022120800100466,2022년 12월 8일 17시,목요일,울산광역시 남구 삼산동,경상사고,0,0,1,0,차대차 - 측면충돌,안전운전불이행,건조,맑음,교차로 - 교차로안,화물,남,61세,상해없음,이륜,남,28세,경상
2022120800100467,2022년 12월 8일 17시,목요일,울산광역시 울주군 청량읍,경상사고,0,0,1,0,차대차 - 측면충돌,안전거리미확보,건조,맑음,단일로 - 기타,이륜,남,54세,경상,승용,남,20세,상해없음
2022120800100532,2022년 12월 8일 18시,목요일,울산광역시 중구 태화동,중상사고,0,1,3,0,차대차 - 추돌,안전운전불이행,건조,맑음,단일로 - 기타,승용,남,74세,상해없음,승용,여,26세,경상
2022120800100533,2022년 12월 8일 18시,목요일,울산광역시 울주군 범서읍,경상사고,0,0,1,0,차대차 - 측면충돌,안전거리미확보,건조,맑음,단일로 - 기타,승용,여,49세,상해없음,승용,남,38세,경상
2022120800100573,2022년 12월 8일 19시,목요일,울산광역시 남구 무거동,부상신고사고,0,0,0,1,차대차 - 측면충돌,교차로운행방법위반,건조,맑음,교차로 - 교차로안,이륜,남,29세,부상신고,이륜,남,37세,상해없음
2022120800100632,2022년 12월 8일 21시,목요일,울산광역시 울주군 삼남읍,경상사고,0,0,1,0,차대차 - 측면충돌,안전거리미확보,건조,맑음,단일로 - 기타,승용,남,66세,상해없음,이륜,남,31세,경상
2022120800100649,2022년 12월 8일 22시,목요일,울산광역시 울주군 온산읍,경상사고,0,0,1,0,차대차 - 측면충돌,안전운전불이행,건조,맑음,단일로 - 기타,승용,남,51세,기타불명,승용,남,64세,경상
2022120900100027,2022년 12월 9일 03시,금요일,울산광역시 울주군 언양읍,사망사고,1,0,0,0,차대사람 - 차도통행중,안전운전불이행,건조,맑음,단일로 - 지하차도(도로)내,승용,남,57세,상해없음,보행자,남,41세,사망
2022120900100042,2022년 12월 9일 05시,금요일,울산광역시 남구 야음동,경상사고,0,0,2,0,차대차 - 측면충돌,신호위반,건조,맑음,교차로 - 교차로안,승용,남,59세,상해없음,승용,남,62세,경상
2022120900100103,2022년 12월 9일 08시,금요일,울산광역시 울주군 언양읍,경상사고,0,0,1,0,차량단독 - 도로외이탈 - 추락,안전운전불이행,건조,맑음,단일로 - 기타,건설기계,남,42세,경상,,,,
2022120900100130,2022년 12월 9일 09시,금요일,울산광역시 남구 달동,중상사고,0,1,0,0,차량단독 - 기타,안전운전불이행,건조,맑음,단일로 - 기타,승합,남,34세,상해없음,,,,
2022120900100157,2022년 12월 9일 10시,금요일,울산광역시 북구 신천동,경상사고,0,0,1,0,차대차 - 측면충돌,신호위반,건조,맑음,교차로 - 교차로부근,이륜,남,33세,경상,승용,남,60세,상해없음
2022120900100247,2022년 12월 9일 13시,금요일,울산광역시 울주군 삼남읍,중상사고,0,1,0,1,차대차 - 측면충돌,직진우회전진행방해,건조,맑음,교차로 - 교차로안,승용,남,54세,상해없음,이륜,여,46세,중상
2022120900100299,2022년 12월 9일 15시,금요일,울산광역시 울주군 온산읍,경상사고,0,0,1,0,차대차 - 측면충돌,안전운전불이행,건조,맑음,교차로 - 교차로안,승용,남,37세,기타불명,이륜,남,66세,경상