사고번호,사고일시,요일,시군구,사고내용,사망자수,중상자수,경상자수,부상신고자수,사고유형,법규위반,노면상태,기상상태,도로형태,가해운전자 차종,가해운전자 성별,가해운전자 연령,가해운전자 상해정도,피해운전자 차종,피해운전자 성별,피해운전자 연령,피해운전자 상해정도
2022120900100300,2022년 12월 9일 15시,금요일,울산광역시 북구 명촌동,경상사고,0,0,1,0,차대사람 - 보도통행중,보행자보호의무위반,건조,맑음,교차로 - 교차로횡단보도내,개인형이동수단(PM),남,30세,상해없음,보행자,남,7세,경상
2022120900100511,2022년 12월 9일 19시,금요일,울산광역시 동구 방어동,경상사고,0,0,1,0,차량단독 - 주/정차차량 충돌,안전운전불이행,젖음/습기,맑음,단일로 - 기타,이륜,남,48세,경상,,,,
2022120900100545,2022년 12월 9일 20시,금요일,울산광역시 중구 반구동,경상사고,0,0,1,0,차대차 - 측면충돌,신호위반,건조,맑음,교차로 - 교차로안,승용,여,26세,상해없음,승용,남,31세,경상
2022120900100574,2022년 12월 9일 21시,금요일,울산광역시 남구 삼산동,경상사고,0,0,1,0,차대차 - 추돌,안전거리미확보,건조,맑음,교차로 - 교차로부근,승용,남,30세,상해없음,이륜,남,31세,경상
2022121000100042,2022년 12월 10일 01시,토요일,울산광역시 울주군 청량읍,경상사고,0,0,1,1,차대차 - 정면충돌,신호위반,건조,맑음,교차로 - 교차로안,승용,남,59세,상해없음,승용,남,60세,부상신고
2022121000100043,2022년 12월 10일 01시,토요일,울산광역시 울주군 청량읍,중상사고,0,1,0,0,차량단독 - 공작물충돌,안전운전불이행,건조,맑음,교차로 - 교차로안,승용,남,25세,중상,,,,
2022121000100102,2022년 12월 10일 07시,토요일,울산광역시 남구 삼산동,경상사고,0,0,2,0,차대차 - 측면충돌,안전운전불이행,건조,맑음,교차로 - 교차로안,승용,남,64세,경상,승용,남,65세,경상
2022121000100138,2022년 12월 10일 09시,토요일,울산광역시 북구 명촌동,경상사고,0,0,3,0,차대차 - 추돌,안전운전불이행,건조,맑음,단일로 - 기타,화물,남,54세,상해없음,승용,남,58세,경상
2022121000100231,2022년 12월 10일 12시,토요일,울산광역시 울주군 온양읍,중상사고,0,1,0,0,차대사람 - 보도통행중,기타,건조,맑음,단일로 - 기타,건설기계,남,47세,상해없음,보행자,여,80세,중상
2022121000100316,2022년 12월 10일 15시,토요일,울산광역시 남구 무거동,경상사고,0,0,1,0,차대차 - 기타,중앙선침범,건조,맑음,단일로 - 기타,화물,여,38세,상해없음,승용,남,39세,경상
2022121000100317,2022년 12월 10일 15시,토요일,울산광역시 북구 염포동,경상사고,0,0,1,0,차대차 - 측면충돌,안전운전불이행,건조,맑음,교차로 - 교차로부근,승용,여,52세,기타불명,승용,여,33세,경상
2022121000100344,2022년 12월 10일 16시,토요일,울산광역시 울주군 범서읍,경상사고,0,0,1,0,차대차 - 측면충돌,중앙선침범,건조,흐림,단일로 - 기타,승용,여,63세,상해없음,승합,남,55세,경상
2022121000100429,2022년 12월 10일 18시,토요일,울산광역시 울주군 온양읍,경상사고,0,0,2,0,차대차 - 추돌,안전운전불이행,건조,흐림,교차로 - 교차로부근,승용,남,56세,상해없음,승용,남,34세,경상
2022121000100545,2022년 12월 10일 23시,토요일,울산광역시 울주군 온산읍,경상사고,0,0,1,0,차대사람 - 기타,안전운전불이행,건조,맑음,기타 - 기타,화물,남,27세,상해없음,보행자,남,39세,경상
2022121100100073,2022년 12월 11일 08시,일요일,울산광역시 중구 복산동,경상사고,0,0,1,0,차대차 - 측면충돌,신호위반,건조,맑음,교차로 - 교차로부근,승용,남,21세,상해없음,승용,여,62세,경상
2022121100100158,2022년 12월 11일 12시,일요일,울산광역시 중구 남외동,경상사고,0,0,1,0,차대차 - 기타,중앙선침범,건조,맑음,단일로 - 기타,자전거,남,76세,경상,승용,남,59세,상해없음
2022121100100282,2022년 12월 11일 16시,일요일,울산광역시 중구 성안동,경상사고,0,0,2,0,차대차 - 측면충돌,안전운전불이행,건조,맑음,단일로 - 기타,승용,남,59세,상해없음,승용,남,29세,상해없음
2022121100100283,2022년 12월 11일 16시,일요일,울산광역시 북구 천곡동,경상사고,0,0,2,0,차대차 - 추돌,안전운전불이행,건조,맑음,교차로 - 교차로부근,이륜,남,38세,상해없음,승용,여,37세,경상
2022121100100386,2022년 12월 11일 19시,일요일,울산광역시 북구 진장동,경상사고,0,0,2,0,차대차 - 추돌,안전운전불이행,건조,맑음,교차로 - 교차로부근,승용,남,31세,상해없음,승용,남,39세,경상
2022121100100423,2022년 12월 11일 21시,일요일,울산광역시 남구 달동,경상사고,0,0,1,0,차대차 - 기타,신호위반,건조,맑음,교차로 - 교차로안,이륜,남,26세,경상,승용,남,62세,상해없음
2022121200100014,2022년 12월 12일 01시,월요일,울산광역시 남구 무거동,중상사고,0,1,0,0,차대차 - 측면충돌,신호위반,젖음/습기,비,교차로 - 교차로안,승용,남,45세,상해없음,승용,남,39세,중상
2022121200100032,2022년 12월 12일 05시,월요일,울산광역시 남구 신정동,경상사고,0,0,1,0,차대차 - 측면충돌,안전운전불이행,젖음/습기,흐림,교차로 - 교차로부근,화물,남,65세,기타불명,승용,남,44세,경상
2022121200100063,2022년 12월 12일 07시,월요일,울산광역시 중구 성안동,경상사고,0,0,1,0,차대차 - 기타,안전운전불이행,건조,맑음,교차로 - 교차로부근,승용,남,40세,상해없음,승용,남,31세,경상
2022121200100118,2022년 12월 12일 09시,월요일,울산광역시 울주군 온양읍,중상사고,0,2,1,4,차대차 - 추돌,안전운전불이행,건조,맑음,단일로 - 기타,승용,남,70세,상해없음,승합,여,38세,경상
2022121200100141,2022년 12월 12일 10시,월요일,울산광역시 울주군 온산읍,중상사고,0,1,0,0,차대사람 - 횡단중,신호위반,건조,맑음,교차로 - 교차로안,승용,여,35세,상해없음,보행자,여,81세,중상
2022121200100171,2022년 12월 12일 11시,월요일,울산광역시 동구 화정동,중상사고,0,1,0,0,차대사람 - 횡단중,신호위반,건조,맑음,교차로 - 교차로안,승용,여,68세,상해없음,보행자,남,77세,중상
2022121200100228,2022년 12월 12일 13시,월요일,울산광역시 중구 남외동,경상사고,0,0,1,0,차대차 - 측면충돌,직진우회전진행방해,건조,맑음,교차로 - 교차로안,이륜,남,61세,경상,승용,여,57세,상해없음
2022121200100262,2022년 12월 12일 14시,월요일,울산광역시 남구 무거동,중상사고,0,1,0,0,차대차 - 기타,안전운전불이행,건조,맑음,단일로 - 기타,승용,남,26세,상해없음,이륜,남,19세,중상
2022121200100323,2022년 12월 12일 16시,월요일,울산광역시 북구 양정동,경상사고,0,0,1,0,차대사람 - 보도통행중,안전운전불이행,건조,맑음,기타 - 기타,자전거,남,40세,상해없음,보행자,여,63세,경상
2022121200100381,2022년 12월 12일 17시,월요일,울산광역시 남구 신정동,중상사고,0,1,0,0,차대사람 - 길가장자리구역통행중,안전운전불이행,건조,맑음,단일로 - 기타,승용,여,42세,상해없음,보행자,여,66세,중상
2022121200100382,2022년 12월 12일 17시,월요일,울산광역시 남구 삼산동,경상사고,0,0,1,0,차대차 - 추돌,안전거리미확보,건조,맑음,단일로 - 지하차도(도로)내,승합,남,41세,상해없음,승용,남,53세,상해없음
2022121200100383,2022년 12월 12일 17시,월요일,울산광역시 남구 선암동,경상사고,0,0,1,0,차대차 - 추돌,안전거리미확보,건조,맑음,교차로 - 교차로부근,승용,남,46세,상해없음,승용,남,67세,상해없음
2022121200100403,2022년 12월 12일 18시,월요일,울산광역시 울주군 삼남읍,중상사고,0,4,0,0,차대차 - 추돌,안전운전불이행,건조,맑음,단일로 - 기타,화물,남,55세,중상,승용,남,43세,중상
2022121200100457,2022년 12월 12일 18시,월요일,울산광역시 중구 반구동,경상사고,0,0,1,0,차대사람 - 횡단중,신호위반,건조,맑음,교차로 - 교차로횡단보도내,이륜,남,25세,상해없음,보행자,여,53세,경상
2022121200100458,2022년 12월 12일 18시,월요일,울산광역시 북구 천곡동,경상사고,0,0,1,0,차대사람 - 횡단중,안전운전불이행,젖음/습기,비,주차장 - 주차장,승합,남,45세,상해없음,보행자,여,43세,경상
2022121200100534,2022년 12월 12일 20시,월요일,울산광역시 남구 선암동,중상사고,0,1,1,0,차대차 - 기타,중앙선침범,젖음/습기,비,단일로 - 기타,승용,남,54세,상해없음,승용,여,34세,중상
2022121200100535,2022년 12월 12일 20시,월요일,울산광역시 울주군 온양읍,경상사고,0,0,1,0,차대차 - 측면충돌,교차로운행방법위반,젖음/습기,비,교차로 - 교차로안,승용,여,48세,상해없음,이륜,남,40세,경상
2022121200100575,2022년 12월 12일 22시,월요일,울산광역시 남구 달동,중상사고,0,1,0,0,차대사람 - 횡단중,보행자보호의무위반,젖음/습기,흐림,교차로 - 교차로횡단보도내,승용,남,60세,상해없음,보행자,남,39세,중상
2022121300100009,2022년 12월 13일 00시,화요일,울산광역시 남구 야음동,경상사고,0,0,1,0,차대차 - 기타,신호위반,젖음/습기,비,교차로 - 교차로안,승용,남,35세,상해없음,승용,남,68세,경상
2022121300100057,2022년 12월 13일 06시,화요일,울산광역시 중구 태화동,경상사고,0,0,1,0,차대차 - 측면충돌,신호위반,건조,맑음,교차로 - 교차로안,특수,남,57세,상해없음,화물,남,63세,경상
2022121300100058,2022년 12월 13일 06시,화요일,울산광역시 울주군 서생면,경상사고,0,0,1,0,차대차 - 정면충돌,교차로운행방법위반,건조,맑음,교차로 - 교차로안,승용,남,41세,상해없음,이륜,남,36세,경상
2022121300100239,2022년 12월 13일 13시,화요일,울산광역시 남구 무거동,경상사고,0,0,2,0,차대차 - 측면충돌,안전거리미확보,건조,맑음,교차로 - 교차로안,승용,여,68세,상해없음,승용,남,68세,경상
2022121300100377,2022년 12월 13일 17시,화요일,울산광역시 남구 신정동,경상사고,0,0,2,0,차대차 - 측면충돌,안전거리미확보,건조,맑음,교차로 - 교차로안,특수,남,59세,상해없음,승용,여,71세,경상
2022121300100455,2022년 12월 13일 19시,화요일,울산광역시 북구 상안동,경상사고,0,0,1,1,차대차 - 측면충돌,신호위반,건조,맑음,교차로 - 교차로안,승용,남,31세,부상신고,승용,남,64세,경상
2022121300100528,2022년 12월 13일 22시,화요일,울산광역시 중구 성안동,경상사고,0,0,1,0,차대차 - 기타,안전운전불이행,건조,맑음,교차로 - 교차로안,승용,남,31세,상해없음,승용,여,28세,경상
2022121400100055,2022년 12월 14일 06시,수요일,울산광역시 북구 매곡동,경상사고,0,0,2,0,차대차 - 측면충돌,교차로운행방법위반,건조,맑음,교차로 - 교차로안,승용,여,56세,경상,승용,남,43세,경상
2022121400100073,2022년 12월 14일 07시,수요일,울산광역시 동구 방어동,경상사고,0,0,1,0,차대차 - 측면충돌,안전운전불이행,건조,맑음,교차로 - 교차로부근,화물,남,42세,상해없음,승용,남,36세,경상
2022121400100175,2022년 12월 14일 09시,수요일,울산광역시 남구 무거동,중상사고,0,1,0,0,차대차 - 측면충돌,불법유턴,건조,맑음,교차로 - 교차로안,자전거,남,67세,중상,승용,여,32세,상해없음
2022121400100209,2022년 12월 14일 10시,수요일,울산광역시 중구 교동,경상사고,0,0,1,0,차대차 - 추돌,안전거리미확보,건조,맑음,교차로 - 교차로안,승용,여,44세,상해없음,승용,여,66세,경상
2022121400100430,2022년 12월 14일 16시,수요일,울산광역시 중구 반구동,중상사고,0,1,0,0,차대차 - 측면충돌,신호위반,건조,맑음,교차로 - 교차로안,승용,남,67세,상해없음,승용,여,53세,중상
2022121400100481,2022년 12월 14일 17시,수요일,울산광역시 중구 남외동,경상사고,0,0,3,0,차대차 - 후진중충돌,안전운전불이행,건조,맑음,단일로 - 기타,승용,여,36세,경상,승용,남,33세,경상
2022121400100482,2022년 12월 14일 17시,수요일,울산광역시 울주군 범서읍,경상사고,0,0,1,0,차대사람 - 횡단중,보행자보호의무위반,건조,맑음,교차로 - 교차로안,승용,여,22세,상해없음,보행자,여,55세,경상
2022121400100548,2022년 12월 14일 18시,수요일,울산광역시 북구 신천동,중상사고,0,1,0,0,차대사람 - 횡단중,안전운전불이행,건조,맑음,교차로 - 교차로횡단보도내,승용,남,30세,상해없음,보행자,남,44세,중상
2022121500100029,2022년 12월 15일 02시,목요일,울산광역시 중구 반구동,중상사고,0,1,0,0,차대사람 - 기타,안전운전불이행,건조,맑음,단일로 - 기타,승용,남,57세,상해없음,보행자,남,30세,중상
2022121500100030,2022년 12월 15일 02시,목요일,울산광역시 북구 신천동,경상사고,0,0,1,0,차대차 - 측면충돌,교차로운행방법위반,건조,맑음,교차로 - 교차로안,승용,남,27세,상해없음,승용,남,73세,상해없음
2022121500100095,2022년 12월 15일 07시,목요일,울산광역시 남구 삼산동,경상사고,0,0,1,0,차대차 - 측면충돌,신호위반,건조,맑음,교차로 - 교차로안,승용,여,59세,상해없음,승용,여,31세,경상
2022121500100156,2022년 12월 15일 09시,목요일,울산광역시 울주군 웅촌면,경상사고,0,0,1,0,차대차 - 측면충돌,신호위반,건조,맑음,교차로 - 교차로안,승용,남,19세,상해없음,승용,남,23세,경상
2022121500100157,2022년 12월 15일 09시,목요일,울산광역시 북구 달천동,경상사고,0,0,2,0,차대차 - 측면충돌,신호위반,건조,맑음,교차로 - 교차로안,승용,남,58세,상해없음,승용,여,54세,경상
2022121500100187,2022년 12월 15일 10시,목요일,울산광역시 동구 서부동,중상사고,0,1,0,0,차대차 - 측면충돌,안전거리미확보,건조,맑음,단일로 - 기타,이륜,남,77세,중상,승용,남,72세,상해없음
2022121500100210,2022년 12월 15일 11시,목요일,울산광역시 울주군 언양읍,경상사고,0,0,1,0,차대사람 - 횡단중,보행자보호의무위반,건조,맑음,단일로 - 지하차도(도로)내,승용,남,58세,상해없음,보행자,남,58세,경상
2022121500100236,2022년 12월 15일 12시,목요일,울산광역시 남구 삼산동,경상사고,0,0,1,0,차대차 - 후진중충돌,안전운전불이행,건조,맑음,단일로 - 기타,화물,남,84세,상해없음,승용,남,37세,경상
2022121500100317,2022년 12월 15일 14시,목요일,울산광역시 동구 전하동,경상사고,0,0,1,0,차대사람 - 차도통행중,안전운전불이행,건조,맑음,단일로 - 기타,승용,남,30세,상해없음,보행자,여,68세,경상
2022121500100390,2022년 12월 15일 16시,목요일,울산광역시 남구 신정동,중상사고,0,1,0,0,차대사람 - 길가장자리구역통행중,안전거리미확보,건조,맑음,교차로 - 교차로안,승용,여,61세,상해없음,보행자,남,77세,중상
2022121500100433,2022년 12월 15일 17시,목요일,울산광역시 남구 삼산동,경상사고,0,0,3,0,차대차 - 추돌,안전운전불이행,건조,맑음,교차로 - 교차로부근,승용,남,31세,상해없음,승용,남,58세,경상
2022121500100564,2022년 12월 15일 22시,목요일,울산광역시 남구 달동,부상신고사고,0,0,0,1,차대차 - 측면충돌,안전거리미확보,건조,맑음,단일로 - 지하차도(도로)내,이륜,남,21세,부상신고,화물,남,30세,상해없음
2022121600100040,2022년 12월 16일 04시,금요일,울산광역시 중구 학성동,중상사고,0,1,2,0,차대차 - 측면충돌,신호위반,건조,맑음,교차로 - 교차로안,승용,남,41세,상해없음,승용,남,39세,중상
2022121600100057,2022년 12월 16일 06시,금요일,울산광역시 북구 효문동,경상사고,0,0,1,0,차대차 - 추돌,안전거리미확보,건조,맑음,단일로 - 기타,원동기,남,60세,경상,승합,남,58세,상해없음
2022121600100116,2022년 12월 16일 08시,금요일,울산광역시 울주군 온양읍,사망사고,1,0,0,0,차량단독 - 공작물충돌,안전운전불이행,건조,맑음,단일로 - 기타,승용,남,65세,사망,,,,
2022121600100150,2022년 12월 16일 09시,금요일,울산광역시 북구 효문동,경상사고,0,0,1,0,차대사람 - 횡단중,신호위반,건조,맑음,교차로 - 교차로횡단보도내,화물,남,72세,상해없음,보행자,남,18세,경상
2022121600100180,2022년 12월 16일 10시,금요일,울산광역시 중구 복산동,경상사고,0,0,1,0,차대차 - 측면충돌,안전운전불이행,건조,맑음,단일로 - 기타,화물,남,58세,상해없음,자전거,남,54세,경상
2022121600100181,2022년 12월 16일 10시,금요일,울산광역시 북구 진장동,부상신고사고,0,0,0,1,차대차 - 추돌,안전운전불이행,건조,맑음,단일로 - 기타,이륜,여,39세,부상신고,승용,남,35세,상해없음
2022121600100266,2022년 12월 16일 13시,금요일,울산광역시 울주군 범서읍,사망사고,1,0,0,0,차대사람 - 횡단중,보행자보호의무위반,건조,맑음,교차로 - 교차로횡단보도내,승용,남,49세,상해없음,보행자,여,73세,사망
2022121600100329,2022년 12월 16일 15시,금요일,울산광역시 동구 서부동,중상사고,0,1,0,0,차대차 - 측면충돌,안전거리미확보,건조,맑음,교차로 - 교차로부근,승용,남,67세,상해없음,이륜,남,30세,중상
2022121600100364,2022년 12월 16일 16시,금요일,울산광역시 울주군 온양읍,경상사고,0,0,1,0,차대차 - 측면충돌,기타,건조,맑음,교차로 - 교차로안,이륜,남,26세,상해없음,승용,여,24세,경상
2022121600100365,2022년 12월 16일 16시,금요일,울산광역시 북구 화봉동,경상사고,0,0,1,0,차대사람 - 기타,안전운전불이행,건조,맑음,교차로 - 교차로안,승용,여,37세,상해없음,보행자,남,79세,경상
2022121600100410,2022년 12월 16일 17시,금요일,울산광역시 북구 송정동,경상사고,0,0,1,0,차대사람 - 기타,안전운전불이행,건조,맑음,단일로 - 기타,승합,남,45세,상해없음,보행자,남,59세,경상
2022121600100520,2022년 12월 16일 20시,금요일,울산광역시 중구 약사동,경상사고,0,0,1,0,차대차 - 측면충돌,교차로운행방법위반,건조,맑음,교차로 - 교차로안,승용,여,31세,상해없음,이륜,남,25세,경상
2022121600100570,2022년 12월 16일 22시,금요일,울산광역시 남구 신정동,경상사고,0,0,1,0,차대사람 - 기타,안전운전불이행,건조,맑음,교차로 - 교차로부근,승용,남,28세,상해없음,보행자,여,74세,경상
2022121600100571,2022년 12월 16일 22시,금요일,울산광역시 남구 야음동,경상사고,0,0,1,0,차대차 - 추돌,안전운전불이행,건조,맑음,교차로 - 교차로부근,승용,남,51세,상해없음,승용,여,51세,경상
2022121600100572,2022년 12월 16일 22시,금요일,울산광역시 북구 진장동,경상사고,0,0,3,0,차대차 - 추돌,안전운전불이행,건조,맑음,교차로 - 교차로부근,승용,남,42세,상해없음,승용,남,27세,경상
2022121700100070,2022년 12월 17일 06시,토요일,울산광역시 북구 창평동,중상사고,0,1,3,0,차대차 - 추돌,안전거리미확보,건조,맑음,단일로 - 기타,승용,남,68세,경상,승용,남,33세,경상
2022121700100191,2022년 12월 17일 11시,토요일,울산광역시 북구 양정동,경상사고,0,0,1,0,차대차 - 측면충돌,안전운전불이행,건조,맑음,단일로 - 기타,승용,남,38세,상해없음,승용,여,36세,경상
2022121700100230,2022년 12월 17일 12시,토요일,울산광역시 중구 반구동,중상사고,0,1,0,0,차대사람 - 기타,안전운전불이행,건조,맑음,단일로 - 기타,승용,여,43세,상해없음,보행자,여,59세,중상
2022121700100262,2022년 12월 17일 13시,토요일,울산광역시 중구 반구동,경상사고,0,0,1,0,차대차 - 추돌,안전운전불이행,건조,맑음,교차로 - 교차로부근,이륜,남,23세,경상,승용,여,39세,상해없음
2022121700100263,2022년 12월 17일 13시,토요일,울산광역시 북구 매곡동,경상사고,0,0,1,1,차대차 - 측면충돌,직진우회전진행방해,건조,맑음,교차로 - 교차로안,승용,여,58세,부상신고,승용,남,48세,경상
2022121700100399,2022년 12월 17일 17시,토요일,울산광역시 남구 신정동,경상사고,0,0,1,0,차대차 - 측면충돌,안전거리미확보,건조,맑음,단일로 - 기타,승용,여,39세,상해없음,이륜,남,23세,경상
2022121700100400,2022년 12월 17일 17시,토요일,울산광역시 북구 매곡동,경상사고,0,0,2,0,차대차 - 측면충돌,중앙선침범,서리/결빙,눈,단일로 - 고가도로위,승용,여,45세,상해없음,화물,남,60세,경상
2022121700100544,2022년 12월 17일 22시,토요일,울산광역시 동구 화정동,경상사고,0,0,1,0,차대차 - 기타,안전운전불이행,건조,맑음,교차로 - 교차로부근,승용,남,77세,상해없음,이륜,남,43세,경상
2022121800100106,2022년 12월 18일 10시,일요일,울산광역시 동구 전하동,중상사고,0,1,0,0,차대사람 - 횡단중,안전운전불이행,건조,맑음,교차로 - 교차로안,승용,여,51세,상해없음,보행자,여,63세,중상
2022121800100241,2022년 12월 18일 15시,일요일,울산광역시 북구 호계동,경상사고,0,0,5,0,차대차 - 추돌,안전운전불이행,건조,맑음,교차로 - 교차로부근,승합,남,36세,상해없음,승용,남,55세,경상
2022121800100383,2022년 12월 18일 20시,일요일,울산광역시 남구 달동,경상사고,0,0,1,0,차대차 - 기타,중앙선침범,건조,맑음,단일로 - 기타,이륜,남,41세,상해없음,이륜,남,51세,경상
2022121900100031,2022년 12월 19일 05시,월요일,울산광역시 동구 방어동,경상사고,0,0,1,0,차대차 - 정면충돌,안전운전불이행,건조,맑음,교차로 - 교차로안,이륜,남,17세,경상,승용,남,51세,상해없음
2022121900100079,2022년 12월 19일 07시,월요일,울산광역시 북구 송정동,경상사고,0,0,3,0,차대차 - 측면충돌,신호위반,건조,맑음,교차로 - 교차로안,이륜,남,26세,경상,승용,남,32세,경상
2022121900100180,2022년 12월 19일 10시,월요일,울산광역시 남구 신정동,경상사고,0,0,1,0,차대차 - 측면충돌,교차로운행방법위반,건조,맑음,교차로 - 교차로안,승용,남,74세,상해없음,승용,여,38세,경상
2022121900100417,2022년 12월 19일 17시,월요일,울산광역시 남구 신정동,경상사고,0,0,3,0,차대차 - 측면충돌,중앙선침범,건조,맑음,교차로 - 교차로부근,승용,남,62세,상해없음,승용,남,52세,경상
2022121900100457,2022년 12월 19일 18시,월요일,울산광역시 북구 상안동,경상사고,0,0,1,0,차대차 - 추돌,안전운전불이행,건조,맑음,단일로 - 고가도로위,이륜,남,61세,상해없음,승용,남,38세,경상
2022121900100571,2022년 12월 19일 23시,월요일,울산광역시 남구 신정동,중상사고,0,1,0,0,차대차 - 추돌,안전운전불이행,건조,맑음,단일로 - 기타,화물,남,54세,상해없음,승용,남,63세,중상
2022122000100007,2022년 12월 20일 00시,화요일,울산광역시 북구 염포동,경상사고,0,0,1,0,차대차 - 추돌,안전운전불이행,건조,맑음,단일로 - 기타,승용,남,37세,상해없음,화물,남,30세,경상
2022122000100117,2022년 12월 20일 08시,화요일,울산광역시 중구 서동,경상사고,0,0,1,0,차대사람 - 기타,안전운전불이행,건조,맑음,단일로 - 기타,승용,여,64세,상해없음,보행자,여,44세,경상
2022122000100118,2022년 12월 20일 08시,화요일,울산광역시 동구 서부동,경상사고,0,0,1,0,차대차 - 측면충돌,안전거리미확보,젖음/습기,맑음,교차로 - 교차로부근,승용,남,73세,상해없음,승합,남,48세,경상
2022122000100159,2022년 12월 20일 09시,화요일,울산광역시 중구 반구동,부상신고사고,0,0,0,1,차량단독 - 기타,안전운전불이행,건조,맑음,단일로 - 기타,승용,남,64세,부상신고,,,,
2022122000100271,2022년 12월 20일 12시,화요일,울산광역시 남구 삼산동,경상사고,0,0,1,0,차대사람 - 횡단중,보행자보호의무위반,건조,맑음,교차로 - 교차로횡단보도내,화물,남,63세,상해없음,보행자,여,70세,경상
2022122000100308,2022년 12월 20일 13시,화요일,울산광역시 동구 서부동,경상사고,0,0,2,0,차대차 - 추돌,안전운전불이행,건조,맑음,교차로 - 교차로부근,승용,여,37세,상해없음,승용,남,30세,경상
2022122000100309,2022년 12월 20일 13시,화요일,울산광역시 울주군 온산읍,경상사고,0,0,1,0,차대차 - 측면충돌,신호위반,건조,맑음,교차로 - 교차로횡단보도내,이륜,남,52세,경상,사륜오토바이(ATV),남,82세,상해없음
2022122000100340,2022년 12월 20일 14시,화요일,울산광역시 중구 옥교동,경상사고,0,0,2,0,차대차 - 추돌,안전거리미확보,건조,맑음,단일로 - 기타,승합,남,59세,상해없음,승용,남,69세,상해없음
2022122000100341,2022년 12월 20일 14시,화요일,울산광역시 울주군 범서읍,경상사고,0,0,3,0,차대차 - 추돌,안전거리미확보,건조,맑음,단일로 - 기타,승용,남,74세,상해없음,승용,남,28세,경상
2022122000100387,2022년 12월 20일 15시,화요일,울산광역시 중구 남외동,경상사고,0,0,4,0,차대차 - 추돌,안전운전불이행,건조,맑음,단일로 - 기타,승용,남,26세,상해없음,승용,여,47세,경상
2022122000100424,2022년 12월 20일 16시,화요일,울산광역시 중구 복산동,경상사고,0,0,1,0,차대차 - 측면충돌,신호위반,건조,맑음,교차로 - 교차로안,이륜,남,51세,경상,승용,남,36세,상해없음
2022122000100425,2022년 12월 20일 16시,화요일,울산광역시 남구 황성동,경상사고,0,0,1,0,차대차 - 기타,신호위반,건조,맑음,교차로 - 교차로안,특수,남,51세,상해없음,이륜,남,51세,경상
2022122000100426,2022년 12월 20일 16시,화요일,울산광역시 울주군 온산읍,중상사고,0,1,0,0,차대차 - 측면충돌,안전운전불이행,건조,맑음,교차로 - 교차로안,승용,여,36세,상해없음,이륜,남,56세,중상
2022122000100427,2022년 12월 20일 16시,화요일,울산광역시 울주군 청량읍,부상신고사고,0,0,0,2,차대차 - 기타,기타,건조,맑음,미분류 - 미분류,화물,남,47세,기타불명,승용,남,43세,부상신고
2022122000100471,2022년 12월 20일 17시,화요일,울산광역시 북구 매곡동,부상신고사고,0,0,0,1,차대차 - 측면충돌,신호위반,건조,맑음,교차로 - 교차로안,이륜,남,71세,부상신고,승용,여,43세,상해없음
2022122000100527,2022년 12월 20일 18시,화요일,울산광역시 남구 달동,경상사고,0,0,1,0,차대사람 - 기타,안전운전불이행,건조,맑음,교차로 - 교차로부근,승용,남,38세,상해없음,보행자,남,26세,경상
2022122000100577,2022년 12월 20일 19시,화요일,울산광역시 동구 서부동,경상사고,0,0,1,0,차대차 - 기타,안전운전불이행,건조,맑음,교차로 - 교차로안,승용,남,32세,상해없음,이륜,남,41세,경상
2022122000100623,2022년 12월 20일 21시,화요일,울산광역시 울주군 서생면,경상사고,0,0,1,0,차대차 - 측면충돌,신호위반,건조,맑음,교차로 - 교차로안,승용,남,30세,상해없음,승용,여,22세,경상
2022122100100066,2022년 12월 21일 07시,수요일,울산광역시 울주군 범서읍,중상사고,0,1,1,0,차대차 - 기타,안전운전불이행,서리/결빙,비,단일로 - 기타,승용,여,59세,경상,화물,남,62세,중상
2022122100100099,2022년 12월 21일 07시,수요일,울산광역시 중구 다운동,경상사고,0,0,17,0,차대차 - 추돌,안전운전불이행,서리/결빙,흐림,단일로 - 기타,승합,남,67세,경상,승용,여,29세,경상
2022122100100100,2022년 12월 21일 07시,수요일,울산광역시 울주군 온산읍,중상사고,0,1,0,0,차대차 - 정면충돌,안전운전불이행,젖음/습기,비,단일로 - 기타,승용,남,39세,상해없음,원동기,남,66세,중상
2022122100100101,2022년 12월 21일 07시,수요일,울산광역시 울주군 온산읍,경상사고,0,0,1,0,차량단독 - 공작물충돌,안전운전불이행,서리/결빙,흐림,단일로 - 기타,승용,여,44세,경상,,,,
2022122100100102,2022년 12월 21일 07시,수요일,울산광역시 울주군 서생면,경상사고,0,0,1,0,차대차 - 추돌,중앙선침범,서리/결빙,흐림,단일로 - 기타,화물,남,76세,상해없음,승용,남,45세,경상
2022122100100103,2022년 12월 21일 07시,수요일,울산광역시 울주군 청량읍,경상사고,0,0,5,0,차대차 - 추돌,안전운전불이행,서리/결빙,비,단일로 - 교량,승용,남,61세,상해없음,화물,남,57세,상해없음